scenario,policy,task_id,seed,step,reward,trust_Finance,trust_Engineering,trust_PR,poisoned_count,agent_reason,done
easy,random,alert_triage,1,1,0.5,0.7,0.7,0.7,0,,True
easy,random,alert_triage,2,1,0.5,0.7,0.7,0.7,0,,True
easy,random,alert_triage,3,1,0.6,0.7,0.7,0.7,0,,True
easy,random,alert_triage,4,1,0.8,0.7,0.7,0.7,0,,True
easy,random,alert_triage,5,1,0.8,0.7,0.7,0.7,0,,True
easy,random,alert_triage,6,1,0.6364,0.7,0.7,0.7,0,,True
easy,random,alert_triage,7,1,0.5,0.7,0.7,0.7,0,,True
easy,random,alert_triage,8,1,0.4,0.7,0.7,0.7,0,,True
easy,random,alert_triage,9,1,0.5455,0.7,0.7,0.7,0,,True
easy,random,alert_triage,10,1,0.8,0.7,0.7,0.7,0,,True
easy,random,alert_triage,11,1,0.6364,0.7,0.7,0.7,0,,True
easy,random,alert_triage,12,1,0.5,0.7,0.7,0.7,0,,True
easy,random,alert_triage,13,1,0.7,0.7,0.7,0.7,0,,True
easy,random,alert_triage,14,1,0.6,0.7,0.7,0.7,0,,True
easy,random,alert_triage,15,1,0.7,0.7,0.7,0.7,0,,True
easy,random,alert_triage,16,1,0.6,0.7,0.7,0.7,0,,True
easy,random,alert_triage,17,1,0.6364,0.7,0.7,0.7,0,,True
easy,random,alert_triage,18,1,0.6,0.7,0.7,0.7,0,,True
easy,random,alert_triage,19,1,0.7,0.7,0.7,0.7,0,,True
easy,random,alert_triage,20,1,0.7273,0.7,0.7,0.7,0,,True
easy,random,stakeholder_argument,1,1,0.65,0.7,0.7,0.7,0,,False
easy,random,stakeholder_argument,1,2,0.3,0.7,0.7,0.7,0,,True
easy,random,stakeholder_argument,2,1,0.1,0.7,0.7,0.7,0,,False
easy,random,stakeholder_argument,2,2,0.1,0.7,0.7,0.7,0,,False
easy,random,stakeholder_argument,2,3,0.65,0.7,0.7,0.7,0,,False
easy,random,stakeholder_argument,2,4,0.3,0.7,0.7,0.7,0,,True
easy,random,stakeholder_argument,3,1,0.65,0.7,0.7,0.7,0,,False
easy,random,stakeholder_argument,3,2,0.3,0.7,0.7,0.7,0,,True
easy,random,stakeholder_argument,4,1,0.65,0.7,0.7,0.7,0,,False
easy,random,stakeholder_argument,4,2,0.3,0.7,0.7,0.7,0,,True
easy,random,stakeholder_argument,5,1,0.1,0.7,0.7,0.7,0,,False
easy,random,stakeholder_argument,5,2,0.1,0.7,0.7,0.7,0,,False
easy,random,stakeholder_argument,5,3,0.1,0.7,0.7,0.7,0,,False
easy,random,stakeholder_argument,5,4,0.1,0.7,0.7,0.7,0,,False
easy,random,stakeholder_argument,5,5,0.1,0.7,0.7,0.7,0,,True
easy,random,stakeholder_argument,6,1,0.1,0.7,0.7,0.7,0,,False
easy,random,stakeholder_argument,6,2,0.1,0.7,0.7,0.7,0,,False
easy,random,stakeholder_argument,6,3,0.65,0.7,0.7,0.7,0,,False
easy,random,stakeholder_argument,6,4,0.3,0.7,0.7,0.7,0,,True
easy,random,stakeholder_argument,7,1,0.65,0.7,0.7,0.7,0,,False
easy,random,stakeholder_argument,7,2,0.3,0.7,0.7,0.7,0,,True
easy,random,stakeholder_argument,8,1,0.65,0.7,0.7,0.7,0,,False
easy,random,stakeholder_argument,8,2,0.3,0.7,0.7,0.7,0,,True
easy,random,stakeholder_argument,9,1,0.1,0.7,0.7,0.7,0,,False
easy,random,stakeholder_argument,9,2,0.1,0.7,0.7,0.7,0,,False
easy,random,stakeholder_argument,9,3,0.65,0.7,0.7,0.7,0,,False
easy,random,stakeholder_argument,9,4,0.3,0.7,0.7,0.7,0,,True
easy,random,stakeholder_argument,10,1,0.1,0.7,0.7,0.7,0,,False
easy,random,stakeholder_argument,10,2,0.1,0.7,0.7,0.7,0,,False
easy,random,stakeholder_argument,10,3,0.1,0.7,0.7,0.7,0,,False
easy,random,stakeholder_argument,10,4,0.1,0.7,0.7,0.7,0,,False
easy,random,stakeholder_argument,10,5,0.65,0.7,0.7,0.7,0,,False
easy,random,stakeholder_argument,10,6,0.3,0.7,0.7,0.7,0,,True
easy,random,stakeholder_argument,11,1,0.1,0.7,0.7,0.7,0,,False
easy,random,stakeholder_argument,11,2,0.65,0.7,0.7,0.7,0,,False
easy,random,stakeholder_argument,11,3,0.3,0.7,0.7,0.7,0,,True
easy,random,stakeholder_argument,12,1,0.1,0.7,0.7,0.7,0,,False
easy,random,stakeholder_argument,12,2,0.1,0.7,0.7,0.7,0,,False
easy,random,stakeholder_argument,12,3,0.65,0.7,0.7,0.7,0,,False
easy,random,stakeholder_argument,12,4,0.3,0.7,0.7,0.7,0,,True
easy,random,stakeholder_argument,13,1,0.65,0.7,0.7,0.7,0,,False
easy,random,stakeholder_argument,13,2,0.3,0.7,0.7,0.7,0,,True
easy,random,stakeholder_argument,14,1,0.65,0.7,0.7,0.7,0,,False
easy,random,stakeholder_argument,14,2,0.3,0.7,0.7,0.7,0,,True
easy,random,stakeholder_argument,15,1,0.65,0.7,0.7,0.7,0,,False
easy,random,stakeholder_argument,15,2,0.3,0.7,0.7,0.7,0,,True
easy,random,stakeholder_argument,16,1,0.65,0.7,0.7,0.7,0,,False
easy,random,stakeholder_argument,16,2,0.3,0.7,0.7,0.7,0,,True
easy,random,stakeholder_argument,17,1,0.1,0.7,0.7,0.7,0,,False
easy,random,stakeholder_argument,17,2,0.65,0.7,0.7,0.7,0,,False
easy,random,stakeholder_argument,17,3,0.3,0.7,0.7,0.7,0,,True
easy,random,stakeholder_argument,18,1,0.65,0.7,0.7,0.7,0,,False
easy,random,stakeholder_argument,18,2,0.3,0.7,0.7,0.7,0,,True
easy,random,stakeholder_argument,19,1,0.1,0.7,0.7,0.7,0,,False
easy,random,stakeholder_argument,19,2,0.65,0.7,0.7,0.7,0,,False
easy,random,stakeholder_argument,19,3,0.3,0.7,0.7,0.7,0,,True
easy,random,stakeholder_argument,20,1,0.1,0.7,0.7,0.7,0,,False
easy,random,stakeholder_argument,20,2,0.65,0.7,0.7,0.7,0,,False
easy,random,stakeholder_argument,20,3,0.3,0.7,0.7,0.7,0,,True
easy,random,full_crisis_episode,1,1,0.9625,0.8,0.7,0.8,1,Monitoring api_gateway to track attacker movement without disrupting uptime,False
easy,random,full_crisis_episode,1,2,0.9608,0.6,0.7,0.8,1,Sending situational update to maintain stakeholder alignment,False
easy,random,full_crisis_episode,1,3,0.9592,0.4,0.7,0.9,1,Followed stakeholder advice despite inconsistency — Finance signals may not be trustworthy,False
easy,random,full_crisis_episode,1,4,0.9575,0.5,0.7,0.7,1,Monitoring database to track attacker movement without disrupting uptime,False
easy,random,full_crisis_episode,1,5,0.9558,0.3,0.7,0.7,1,Sending situational update to maintain stakeholder alignment,False
easy,random,full_crisis_episode,1,6,0.9542,0.4,0.7,0.7,1,Sending situational update to maintain stakeholder alignment,False
easy,random,full_crisis_episode,1,7,0.9525,0.5,0.7,0.7,2,Sending situational update to maintain stakeholder alignment,False
easy,random,full_crisis_episode,1,8,0.9508,0.6,0.7,0.5,0,No action taken this step — waiting for more information or debate resolution,False
easy,random,full_crisis_episode,1,9,0.9492,0.6,0.8,0.6,2,Patching database to reduce attacker foothold and recover system integrity,False
easy,random,full_crisis_episode,1,10,0.9075,0.6,0.8,0.4,1,Investigating due to uncertainty in alert validity — high severity signals present but source unconfirmed,False
easy,random,full_crisis_episode,1,11,0.9458,0.6,0.9,0.5,3,Patching database to reduce attacker foothold and recover system integrity,False
easy,random,full_crisis_episode,1,12,0.9052,0.6,0.7,0.3,2,"Chose to isolate api_gateway despite conflicting stakeholder signals (Finance, Engineering, PR may be compromised)",False
easy,random,full_crisis_episode,1,13,0.8645,0.6,0.5,0.1,0,"Chose to isolate database despite conflicting stakeholder signals (Engineering, PR may be compromised)",False
easy,random,full_crisis_episode,1,14,0.8628,0.7,0.5,0.1,1,Sending situational update to maintain stakeholder alignment,False
easy,random,full_crisis_episode,1,15,0.8612,0.5,0.5,0.2,2,"Increased monitoring on internal_tools — threat level elevated, gathering evidence before committing to isolation",False
easy,random,full_crisis_episode,1,16,0.8595,0.3,0.5,0.3,0,No action taken this step — waiting for more information or debate resolution,False
easy,random,full_crisis_episode,1,17,0.8188,0.3,0.6,0.4,1,Chose to isolate internal_tools due to low confidence signals and engineering alignment,False
easy,random,full_crisis_episode,1,18,0.4672,0.4,0.6,0.2,0,"Increased monitoring on api_gateway — threat level elevated, gathering evidence before committing to isolation",True
easy,random,full_crisis_episode,2,1,0.9225,0.7,0.7,0.8,1,Investigating due to uncertainty in alert validity,False
easy,random,full_crisis_episode,2,2,0.9608,0.8,0.7,0.8,1,Sending situational update to maintain stakeholder alignment,False
easy,random,full_crisis_episode,2,3,0.9467,0.8,0.8,0.9,1,Chose to isolate auth_server despite conflicting stakeholder signals (Finance may be compromised),False
easy,random,full_crisis_episode,2,4,0.945,0.9,0.8,1.0,1,No action taken this step — waiting for more information or debate resolution,False
easy,random,full_crisis_episode,2,5,0.9558,1.0,0.8,1.0,0,Sending situational update to maintain stakeholder alignment,False
easy,random,full_crisis_episode,2,6,0.9152,1.0,0.9,1.0,0,Chose to isolate internal_tools due to low confidence signals and engineering alignment,False
easy,random,full_crisis_episode,2,7,0.8735,1.0,0.9,1.0,2,Investigating due to uncertainty in alert validity — high severity signals present but source unconfirmed,False
easy,random,full_crisis_episode,2,8,0.9118,1.0,0.9,0.8,2,"Followed stakeholder advice despite inconsistency — Engineering, PR signals may not be trustworthy",False
easy,random,full_crisis_episode,2,9,0.9102,0.8,0.9,0.6,0,No action taken this step — waiting for more information or debate resolution,False
easy,random,full_crisis_episode,2,10,0.9085,0.9,0.9,0.6,2,Sending situational update to maintain stakeholder alignment,False
easy,random,full_crisis_episode,2,11,0.8668,0.9,0.9,0.4,2,Investigating due to uncertainty in alert validity,False
easy,random,full_crisis_episode,2,12,0.9052,0.7,0.9,0.5,1,Monitoring internal_tools to track attacker movement without disrupting uptime,False
easy,random,full_crisis_episode,2,13,0.9035,0.8,0.9,0.5,0,Sending situational update to maintain stakeholder alignment,False
easy,random,full_crisis_episode,2,14,0.9018,0.8,1.0,0.6,0,Patching auth_server to reduce attacker foothold and recover system integrity,False
easy,random,full_crisis_episode,2,15,0.8612,0.8,1.0,0.7,0,Chose to isolate database due to low confidence signals and engineering alignment,False
easy,random,full_crisis_episode,2,16,0.8595,0.9,1.0,0.7,1,Sending situational update to maintain stakeholder alignment,False
easy,random,full_crisis_episode,2,17,0.8578,0.9,1.0,0.8,0,Patching api_gateway to reduce attacker foothold and recover system integrity,False
easy,random,full_crisis_episode,2,18,0.8437,0.9,1.0,0.9,0,Chose to isolate auth_server due to high severity alerts and engineering alignment,False
easy,random,full_crisis_episode,2,19,0.842,1.0,1.0,1.0,0,No action taken this step — waiting for more information or debate resolution,False
easy,random,full_crisis_episode,2,20,0.8253,1.0,1.0,1.0,0,No action taken this step — waiting for more information or debate resolution,False
easy,random,full_crisis_episode,3,1,0.9625,0.8,0.7,0.8,1,Monitoring internal_tools to track attacker movement without disrupting uptime,False
easy,random,full_crisis_episode,3,2,0.9608,0.6,0.7,0.8,1,Sending situational update to maintain stakeholder alignment,False
easy,random,full_crisis_episode,3,3,0.9202,0.6,0.8,0.6,2,Chose to isolate api_gateway despite conflicting stakeholder signals (PR may be compromised),False
easy,random,full_crisis_episode,3,4,0.9185,0.4,0.8,0.4,1,"Followed stakeholder advice despite inconsistency — Finance, PR signals may not be trustworthy",False
easy,random,full_crisis_episode,3,5,0.9168,0.4,0.9,0.5,0,Patching auth_server to reduce attacker foothold and recover system integrity,False
easy,random,full_crisis_episode,3,6,0.9152,0.5,0.9,0.5,1,Sending situational update to maintain stakeholder alignment,False
easy,random,full_crisis_episode,3,7,0.9135,0.3,0.9,0.5,0,Sending situational update to maintain stakeholder alignment,False
easy,random,full_crisis_episode,3,8,0.9118,0.4,0.9,0.6,1,Ignored alerts due to low confidence and conflicting signals — Finance opposes action; threat level within tolerance,False
easy,random,full_crisis_episode,3,9,0.9102,0.4,1.0,0.7,2,Chose to isolate api_gateway despite conflicting stakeholder signals (Finance may be compromised),False
easy,random,full_crisis_episode,3,10,0.9085,0.2,1.0,0.8,0,No action taken this step — waiting for more information or debate resolution,False
easy,random,full_crisis_episode,3,11,0.9068,0.3,1.0,0.9,0,No action taken this step — waiting for more information or debate resolution,False
easy,random,full_crisis_episode,3,12,0.9052,0.4,1.0,1.0,0,Monitoring api_gateway to track attacker movement without disrupting uptime,False
easy,random,full_crisis_episode,3,13,0.9035,0.5,1.0,1.0,2,Ignored alerts due to low confidence and conflicting signals — Finance opposes action; threat level within tolerance,False
easy,random,full_crisis_episode,3,14,0.9018,0.6,1.0,1.0,1,Sending situational update to maintain stakeholder alignment,False
easy,random,full_crisis_episode,3,15,0.8612,0.6,1.0,1.0,1,Chose to isolate internal_tools despite conflicting stakeholder signals (Finance may be compromised),False
easy,random,full_crisis_episode,3,16,0.8595,0.7,1.0,1.0,0,Sending situational update to maintain stakeholder alignment,False
easy,random,full_crisis_episode,3,17,0.8578,0.8,1.0,1.0,0,Monitoring auth_server to track attacker movement without disrupting uptime,False
easy,random,full_crisis_episode,3,18,0.8562,0.8,1.0,1.0,0,Chose to isolate api_gateway due to low confidence signals and engineering alignment,False
easy,random,full_crisis_episode,3,19,0.8545,0.8,1.0,1.0,1,Patching database to reduce attacker foothold and recover system integrity,False
easy,random,full_crisis_episode,3,20,0.8528,0.9,1.0,1.0,0,Sending situational update to maintain stakeholder alignment,False
easy,random,full_crisis_episode,4,1,0.9625,0.8,0.7,0.8,2,Monitoring auth_server to track attacker movement without disrupting uptime,False
easy,random,full_crisis_episode,4,2,0.9608,0.8,0.5,0.9,2,Patching api_gateway to reduce attacker foothold and recover system integrity,False
easy,random,full_crisis_episode,4,3,0.9592,0.6,0.5,1.0,0,No action taken this step — waiting for more information or debate resolution,False
easy,random,full_crisis_episode,4,4,0.9575,0.7,0.5,1.0,2,Monitoring database to track attacker movement without disrupting uptime,False
easy,random,full_crisis_episode,4,5,0.9558,0.5,0.5,0.8,3,"Followed stakeholder advice despite inconsistency — Finance, PR signals may not be trustworthy",False
easy,random,full_crisis_episode,4,6,0.9417,0.5,0.3,0.6,0,"Chose to isolate auth_server despite conflicting stakeholder signals (Finance, Engineering, PR may be compromised)",False
easy,random,full_crisis_episode,4,7,0.94,0.6,0.3,0.7,2,No action taken this step — waiting for more information or debate resolution,False
easy,random,full_crisis_episode,4,8,0.9233,0.7,0.3,0.5,0,No action taken this step — waiting for more information or debate resolution,False
easy,random,full_crisis_episode,4,9,0.9067,0.8,0.3,0.6,1,No action taken this step — waiting for more information or debate resolution,False
easy,random,full_crisis_episode,4,10,0.89,0.9,0.3,0.7,1,No action taken this step — waiting for more information or debate resolution,False
easy,random,full_crisis_episode,4,11,0.9458,1.0,0.3,0.7,1,Sending situational update to maintain stakeholder alignment,False
easy,random,full_crisis_episode,4,12,0.9442,1.0,0.3,0.8,1,No action taken this step — waiting for more information or debate resolution,False
easy,random,full_crisis_episode,4,13,0.9025,1.0,0.3,0.6,0,Investigating due to uncertainty in alert validity — high severity signals present but source unconfirmed,False
easy,random,full_crisis_episode,4,14,0.9283,1.0,0.4,0.7,0,Chose to isolate auth_server due to low confidence signals and engineering alignment,False
easy,random,full_crisis_episode,4,15,0.9267,1.0,0.4,0.8,1,No action taken this step — waiting for more information or debate resolution,False
easy,random,full_crisis_episode,4,16,0.9375,1.0,0.4,0.8,2,Sending situational update to maintain stakeholder alignment,False
easy,random,full_crisis_episode,4,17,0.8958,1.0,0.4,0.6,2,Investigating due to uncertainty in alert validity,False
easy,random,full_crisis_episode,4,18,0.8952,1.0,0.5,0.4,1,"Chose to isolate api_gateway despite conflicting stakeholder signals (Finance, PR may be compromised)",False
easy,random,full_crisis_episode,4,19,0.5435,1.0,0.5,0.4,1,Sending situational update to maintain stakeholder alignment,True
easy,random,full_crisis_episode,5,1,0.9625,0.8,0.7,0.7,0,Sending situational update to maintain stakeholder alignment,False
easy,random,full_crisis_episode,5,2,0.9608,0.9,0.7,0.8,0,No action taken this step — waiting for more information or debate resolution,False
easy,random,full_crisis_episode,5,3,0.9592,1.0,0.7,0.9,1,No action taken this step — waiting for more information or debate resolution,False
easy,random,full_crisis_episode,5,4,0.9575,0.8,0.7,0.9,1,Sending situational update to maintain stakeholder alignment,False
easy,random,full_crisis_episode,5,5,0.9558,0.9,0.7,0.7,1,Followed stakeholder advice despite inconsistency — PR signals may not be trustworthy,False
easy,random,full_crisis_episode,5,6,0.9152,0.9,0.5,0.8,2,Chose to isolate api_gateway despite conflicting stakeholder signals (Engineering may be compromised),False
easy,random,full_crisis_episode,5,7,0.9135,1.0,0.5,0.8,1,Sending situational update to maintain stakeholder alignment,False
easy,random,full_crisis_episode,5,8,0.9118,0.8,0.5,0.8,2,Sending situational update to maintain stakeholder alignment,False
easy,random,full_crisis_episode,5,9,0.9102,0.6,0.5,0.6,2,"Followed stakeholder advice despite inconsistency — Finance, PR signals may not be trustworthy",False
easy,random,full_crisis_episode,5,10,0.9085,0.7,0.5,0.4,2,"Followed stakeholder advice despite inconsistency — Engineering, PR signals may not be trustworthy",False
easy,random,full_crisis_episode,5,11,0.9068,0.8,0.5,0.4,1,Sending situational update to maintain stakeholder alignment,False
easy,random,full_crisis_episode,5,12,0.9052,0.9,0.5,0.2,0,Monitoring auth_server to track attacker movement without disrupting uptime,False
easy,random,full_crisis_episode,5,13,0.9035,1.0,0.5,0.3,1,No action taken this step — waiting for more information or debate resolution,False
easy,random,full_crisis_episode,5,14,0.9018,0.8,0.5,0.4,1,No action taken this step — waiting for more information or debate resolution,False
easy,random,full_crisis_episode,5,15,0.9002,0.9,0.5,0.2,2,Monitoring database to track attacker movement without disrupting uptime,False
easy,random,full_crisis_episode,5,16,0.8985,1.0,0.5,0.0,2,Monitoring internal_tools to track attacker movement without disrupting uptime,False
easy,random,full_crisis_episode,5,17,0.8568,1.0,0.5,0.1,2,Investigating due to uncertainty in alert validity — high severity signals present but source unconfirmed,False
easy,random,full_crisis_episode,5,18,0.8952,0.8,0.5,0.0,1,No action taken this step — waiting for more information or debate resolution,False
easy,random,full_crisis_episode,5,19,0.8935,0.6,0.5,0.1,1,No action taken this step — waiting for more information or debate resolution,False
easy,random,full_crisis_episode,5,20,0.8918,0.6,0.6,0.2,2,Patching internal_tools to reduce attacker foothold and recover system integrity,False
easy,random,full_crisis_episode,6,1,0.9225,0.7,0.7,0.8,0,Investigating due to uncertainty in alert validity,False
easy,random,full_crisis_episode,6,2,0.9608,0.8,0.7,0.9,2,No action taken this step — waiting for more information or debate resolution,False
easy,random,full_crisis_episode,6,3,0.9467,0.8,0.5,1.0,0,"Chose to isolate auth_server despite conflicting stakeholder signals (Finance, Engineering may be compromised)",False
easy,random,full_crisis_episode,6,4,0.945,0.9,0.5,1.0,1,No action taken this step — waiting for more information or debate resolution,False
easy,random,full_crisis_episode,6,5,0.9283,1.0,0.5,1.0,0,No action taken this step — waiting for more information or debate resolution,False
easy,random,full_crisis_episode,6,6,0.9117,1.0,0.5,1.0,1,No action taken this step — waiting for more information or debate resolution,False
easy,random,full_crisis_episode,6,7,0.895,1.0,0.5,1.0,1,No action taken this step — waiting for more information or debate resolution,False
easy,random,full_crisis_episode,6,8,0.8783,1.0,0.5,1.0,1,No action taken this step — waiting for more information or debate resolution,False
easy,random,full_crisis_episode,6,9,0.8742,1.0,0.5,0.8,1,No action taken this step — waiting for more information or debate resolution,False
easy,random,full_crisis_episode,6,10,0.8725,0.8,0.5,0.9,2,No action taken this step — waiting for more information or debate resolution,False
easy,random,full_crisis_episode,6,11,0.8708,0.9,0.5,0.7,1,No action taken this step — waiting for more information or debate resolution,False
easy,random,full_crisis_episode,6,12,0.8692,1.0,0.5,0.8,1,No action taken this step — waiting for more information or debate resolution,False
easy,random,full_crisis_episode,6,13,0.9425,1.0,0.5,0.8,0,Sending situational update to maintain stakeholder alignment,False
easy,random,full_crisis_episode,6,14,0.9408,1.0,0.5,0.9,0,Ignored alerts due to low confidence and conflicting signals — Finance opposes action; threat level within tolerance,False
easy,random,full_crisis_episode,6,15,0.9392,1.0,0.6,1.0,1,Patching auth_server to reduce attacker foothold and recover system integrity,False
easy,random,full_crisis_episode,6,16,0.9375,1.0,0.6,0.8,1,"Increased monitoring on internal_tools — threat level elevated, gathering evidence before committing to isolation",False
easy,random,full_crisis_episode,6,17,0.8958,1.0,0.6,0.6,1,Investigating due to uncertainty in alert validity,False
easy,random,full_crisis_episode,6,18,0.8942,1.0,0.6,0.7,1,Investigating due to uncertainty in alert validity,False
easy,random,full_crisis_episode,6,19,0.9325,1.0,0.6,0.8,2,"Increased monitoring on api_gateway — threat level elevated, gathering evidence before committing to isolation",False
easy,random,full_crisis_episode,6,20,0.5808,1.0,0.4,0.9,2,Patching internal_tools to reduce attacker foothold and recover system integrity,True
easy,random,full_crisis_episode,7,1,0.9625,0.7,0.8,0.8,2,Patching internal_tools to reduce attacker foothold and recover system integrity,False
easy,random,full_crisis_episode,7,2,0.9608,0.5,0.8,0.9,1,Monitoring auth_server to track attacker movement without disrupting uptime,False
easy,random,full_crisis_episode,7,3,0.9592,0.5,0.9,1.0,2,Patching api_gateway to reduce attacker foothold and recover system integrity,False
easy,random,full_crisis_episode,7,4,0.9575,0.3,0.9,0.8,2,No action taken this step — waiting for more information or debate resolution,False
easy,random,full_crisis_episode,7,5,0.9558,0.4,0.9,0.6,1,No action taken this step — waiting for more information or debate resolution,False
easy,random,full_crisis_episode,7,6,0.9542,0.5,0.9,0.4,1,"Increased monitoring on api_gateway — threat level elevated, gathering evidence before committing to isolation",False
easy,random,full_crisis_episode,7,7,0.9525,0.5,1.0,0.5,0,Patching database to reduce attacker foothold and recover system integrity,False
easy,random,full_crisis_episode,7,8,0.9108,0.5,1.0,0.6,2,Investigating due to uncertainty in alert validity,False
easy,random,full_crisis_episode,7,9,0.9492,0.3,1.0,0.4,3,No action taken this step — waiting for more information or debate resolution,False
easy,random,full_crisis_episode,7,10,0.9075,0.3,1.0,0.2,1,Investigating due to uncertainty in alert validity,False
easy,random,full_crisis_episode,7,11,0.9058,0.3,1.0,0.3,0,Investigating due to uncertainty in alert validity — high severity signals present but source unconfirmed,False
easy,random,full_crisis_episode,7,12,0.5552,0.3,1.0,0.4,3,Chose to isolate database due to low confidence signals and engineering alignment,True
easy,random,full_crisis_episode,8,1,0.9625,0.8,0.7,0.8,2,Monitoring auth_server to track attacker movement without disrupting uptime,False
easy,random,full_crisis_episode,8,2,0.9608,0.6,0.7,0.6,2,"Followed stakeholder advice despite inconsistency — Finance, PR signals may not be trustworthy",False
easy,random,full_crisis_episode,8,3,0.9202,0.6,0.5,0.4,1,"Chose to isolate internal_tools despite conflicting stakeholder signals (Engineering, PR may be compromised)",False
easy,random,full_crisis_episode,8,4,0.9185,0.6,0.3,0.5,0,Chose to isolate internal_tools despite conflicting stakeholder signals (Engineering may be compromised),False
easy,random,full_crisis_episode,8,5,0.9168,0.7,0.3,0.5,2,Sending situational update to maintain stakeholder alignment,False
easy,random,full_crisis_episode,8,6,0.9152,0.5,0.3,0.3,3,No action taken this step — waiting for more information or debate resolution,False
easy,random,full_crisis_episode,8,7,0.9135,0.5,0.1,0.1,0,"Chose to isolate internal_tools despite conflicting stakeholder signals (Finance, Engineering, PR may be compromised)",False
easy,random,full_crisis_episode,8,8,0.9118,0.5,0.2,0.2,2,Patching api_gateway to reduce attacker foothold and recover system integrity,False
easy,random,full_crisis_episode,8,9,0.9102,0.3,0.2,0.2,1,Sending situational update to maintain stakeholder alignment,False
easy,random,full_crisis_episode,8,10,0.896,0.3,0.3,0.3,1,Chose to isolate auth_server despite conflicting stakeholder signals (Finance may be compromised),False
easy,random,full_crisis_episode,8,11,0.8943,0.4,0.3,0.4,0,No action taken this step — waiting for more information or debate resolution,False
easy,random,full_crisis_episode,8,12,0.8777,0.5,0.3,0.5,2,No action taken this step — waiting for more information or debate resolution,False
easy,random,full_crisis_episode,8,13,0.9035,0.6,0.3,0.5,1,Sending situational update to maintain stakeholder alignment,False
easy,random,full_crisis_episode,8,14,0.9018,0.7,0.3,0.5,0,Sending situational update to maintain stakeholder alignment,False
easy,random,full_crisis_episode,8,15,0.9002,0.8,0.3,0.6,1,No action taken this step — waiting for more information or debate resolution,False
easy,random,full_crisis_episode,8,16,0.886,0.8,0.1,0.7,1,Chose to isolate auth_server despite conflicting stakeholder signals (Engineering may be compromised),False
easy,random,full_crisis_episode,8,17,0.8843,0.9,0.1,0.8,1,No action taken this step — waiting for more information or debate resolution,False
easy,random,full_crisis_episode,8,18,0.8677,0.7,0.1,0.9,0,No action taken this step — waiting for more information or debate resolution,False
easy,random,full_crisis_episode,8,19,0.8935,0.8,0.1,0.9,2,Sending situational update to maintain stakeholder alignment,False
easy,random,full_crisis_episode,8,20,0.8528,0.8,0.0,1.0,1,"Chose to isolate database despite conflicting stakeholder signals (Finance, Engineering may be compromised)",False
easy,random,full_crisis_episode,9,1,0.9625,0.8,0.7,0.8,1,Ignored alerts due to low confidence and conflicting signals — Finance opposes action; threat level within tolerance,False
easy,random,full_crisis_episode,9,2,0.9608,0.9,0.7,0.6,1,Followed stakeholder advice despite inconsistency — PR signals may not be trustworthy,False
easy,random,full_crisis_episode,9,3,0.9592,0.9,0.5,0.7,1,Patching api_gateway to reduce attacker foothold and recover system integrity,False
easy,random,full_crisis_episode,9,4,0.9575,1.0,0.5,0.7,1,Sending situational update to maintain stakeholder alignment,False
easy,random,full_crisis_episode,9,5,0.9168,1.0,0.3,0.8,0,Chose to isolate internal_tools despite conflicting stakeholder signals (Engineering may be compromised),False
easy,random,full_crisis_episode,9,6,0.9152,1.0,0.4,0.9,3,Patching internal_tools to reduce attacker foothold and recover system integrity,False
easy,random,full_crisis_episode,9,7,0.901,1.0,0.2,0.7,0,"Chose to isolate auth_server despite conflicting stakeholder signals (Finance, Engineering, PR may be compromised)",False
easy,random,full_crisis_episode,9,8,0.8993,1.0,0.2,0.8,0,No action taken this step — waiting for more information or debate resolution,False
easy,random,full_crisis_episode,9,9,0.8827,1.0,0.2,0.9,2,No action taken this step — waiting for more information or debate resolution,False
easy,random,full_crisis_episode,9,10,0.9085,0.8,0.2,0.9,1,Sending situational update to maintain stakeholder alignment,False
easy,random,full_crisis_episode,9,11,0.8668,0.8,0.2,0.7,3,Investigating due to uncertainty in alert validity,False
easy,random,full_crisis_episode,9,12,0.9052,0.6,0.2,0.7,1,Sending situational update to maintain stakeholder alignment,False
easy,random,full_crisis_episode,9,13,0.9035,0.6,0.0,0.8,1,Patching auth_server to reduce attacker foothold and recover system integrity,False
easy,random,full_crisis_episode,9,14,0.9018,0.7,0.0,0.9,1,Followed stakeholder advice despite inconsistency — Engineering signals may not be trustworthy,False
easy,random,full_crisis_episode,9,15,0.8602,0.7,0.0,1.0,1,Investigating due to uncertainty in alert validity,False
easy,random,full_crisis_episode,9,16,0.8985,0.8,0.0,1.0,1,"Increased monitoring on database — threat level elevated, gathering evidence before committing to isolation",False
easy,random,full_crisis_episode,9,17,0.8578,0.8,0.1,1.0,3,Chose to isolate api_gateway despite conflicting stakeholder signals (Finance may be compromised),False
easy,random,full_crisis_episode,9,18,0.8562,0.6,0.1,0.8,2,"Followed stakeholder advice despite inconsistency — Finance, Engineering, PR signals may not be trustworthy",False
easy,random,full_crisis_episode,9,19,0.8545,0.6,0.0,0.6,0,"Chose to isolate api_gateway despite conflicting stakeholder signals (Engineering, PR may be compromised)",False
easy,random,full_crisis_episode,9,20,0.8528,0.7,0.0,0.7,1,No action taken this step — waiting for more information or debate resolution,False
easy,random,full_crisis_episode,10,1,0.9625,0.8,0.7,0.7,0,Sending situational update to maintain stakeholder alignment,False
easy,random,full_crisis_episode,10,2,0.9608,0.9,0.7,0.8,1,No action taken this step — waiting for more information or debate resolution,False
easy,random,full_crisis_episode,10,3,0.9192,0.9,0.7,0.9,1,Investigating due to uncertainty in alert validity — high severity signals present but source unconfirmed,False
easy,random,full_crisis_episode,10,4,0.9575,1.0,0.7,1.0,2,No action taken this step — waiting for more information or debate resolution,False
easy,random,full_crisis_episode,10,5,0.9558,0.8,0.7,1.0,1,Monitoring database to track attacker movement without disrupting uptime,False
easy,random,full_crisis_episode,10,6,0.9142,0.8,0.7,1.0,1,Investigating due to uncertainty in alert validity,False
easy,random,full_crisis_episode,10,7,0.9125,0.8,0.7,0.8,0,Investigating due to uncertainty in alert validity,False
easy,random,full_crisis_episode,10,8,0.9508,0.8,0.8,0.9,1,Patching auth_server to reduce attacker foothold and recover system integrity,False
easy,random,full_crisis_episode,10,9,0.9102,0.8,0.6,1.0,0,Chose to isolate api_gateway despite conflicting stakeholder signals (Engineering may be compromised),False
easy,random,full_crisis_episode,10,10,0.9085,0.9,0.6,1.0,3,"Increased monitoring on internal_tools — threat level elevated, gathering evidence before committing to isolation",False
easy,random,full_crisis_episode,10,11,0.9068,0.7,0.6,1.0,1,Sending situational update to maintain stakeholder alignment,False
easy,random,full_crisis_episode,10,12,0.8652,0.7,0.6,1.0,1,Investigating due to uncertainty in alert validity,False
easy,random,full_crisis_episode,10,13,0.5535,0.8,0.6,1.0,1,"Increased monitoring on internal_tools — threat level elevated, gathering evidence before committing to isolation",True
easy,random,full_crisis_episode,11,1,0.9625,0.8,0.7,0.8,0,Ignored alerts due to low confidence and conflicting signals — Finance opposes action; threat level within tolerance,False
easy,random,full_crisis_episode,11,2,0.9483,0.8,0.8,0.9,0,Chose to isolate auth_server due to low confidence signals and engineering alignment,False
easy,random,full_crisis_episode,11,3,0.9467,0.9,0.8,1.0,1,No action taken this step — waiting for more information or debate resolution,False
easy,random,full_crisis_episode,11,4,0.93,0.7,0.8,1.0,2,No action taken this step — waiting for more information or debate resolution,False
easy,random,full_crisis_episode,11,5,0.9133,0.8,0.8,0.8,1,No action taken this step — waiting for more information or debate resolution,False
easy,random,full_crisis_episode,11,6,0.8967,0.6,0.8,0.9,1,No action taken this step — waiting for more information or debate resolution,False
easy,random,full_crisis_episode,11,7,0.88,0.4,0.8,1.0,1,No action taken this step — waiting for more information or debate resolution,False
easy,random,full_crisis_episode,11,8,0.8758,0.5,0.8,0.8,2,No action taken this step — waiting for more information or debate resolution,False
easy,random,full_crisis_episode,11,9,0.8742,0.3,0.8,0.6,3,No action taken this step — waiting for more information or debate resolution,False
easy,random,full_crisis_episode,11,10,0.8725,0.1,0.8,0.4,0,No action taken this step — waiting for more information or debate resolution,False
easy,random,full_crisis_episode,11,11,0.8708,0.2,0.8,0.5,0,No action taken this step — waiting for more information or debate resolution,False
easy,random,full_crisis_episode,11,12,0.8692,0.3,0.8,0.6,1,No action taken this step — waiting for more information or debate resolution,False
easy,random,full_crisis_episode,11,13,0.8675,0.4,0.8,0.4,0,No action taken this step — waiting for more information or debate resolution,False
easy,random,full_crisis_episode,11,14,0.5158,0.5,0.8,0.5,2,No action taken this step — waiting for more information or debate resolution,True
easy,random,full_crisis_episode,12,1,0.9625,0.8,0.7,0.8,0,Ignored alerts due to low confidence and conflicting signals — Finance opposes action; threat level within tolerance,False
easy,random,full_crisis_episode,12,2,0.9608,0.9,0.7,0.9,2,Ignored alerts due to low confidence and conflicting signals — Finance opposes action; threat level within tolerance,False
easy,random,full_crisis_episode,12,3,0.9592,0.9,0.5,1.0,1,Patching database to reduce attacker foothold and recover system integrity,False
easy,random,full_crisis_episode,12,4,0.9575,0.7,0.5,1.0,0,Monitoring api_gateway to track attacker movement without disrupting uptime,False
easy,random,full_crisis_episode,12,5,0.9158,0.7,0.5,1.0,2,Investigating due to uncertainty in alert validity,False
easy,random,full_crisis_episode,12,6,0.9542,0.7,0.6,0.8,1,Patching internal_tools to reduce attacker foothold and recover system integrity,False
easy,random,full_crisis_episode,12,7,0.9525,0.8,0.6,0.9,2,Followed stakeholder advice despite inconsistency — Engineering signals may not be trustworthy,False
easy,random,full_crisis_episode,12,8,0.9508,0.6,0.6,0.7,1,No action taken this step — waiting for more information or debate resolution,False
easy,random,full_crisis_episode,12,9,0.9092,0.6,0.6,0.5,1,Investigating due to uncertainty in alert validity — high severity signals present but source unconfirmed,False
easy,random,full_crisis_episode,12,10,0.9475,0.4,0.6,0.5,1,Sending situational update to maintain stakeholder alignment,False
easy,random,full_crisis_episode,12,11,0.9458,0.2,0.6,0.6,2,"Increased monitoring on database — threat level elevated, gathering evidence before committing to isolation",False
easy,random,full_crisis_episode,12,12,1.0,0.2,0.6,0.4,2,Investigating due to uncertainty in alert validity,False
easy,random,full_crisis_episode,12,13,0.93,0.2,0.7,0.2,2,"Chose to isolate auth_server despite conflicting stakeholder signals (Finance, PR may be compromised)",False
easy,random,full_crisis_episode,12,14,0.9283,0.3,0.7,0.0,0,No action taken this step — waiting for more information or debate resolution,False
easy,random,full_crisis_episode,12,15,0.9117,0.4,0.7,0.1,0,No action taken this step — waiting for more information or debate resolution,False
easy,random,full_crisis_episode,12,16,0.895,0.5,0.7,0.2,1,No action taken this step — waiting for more information or debate resolution,False
easy,random,full_crisis_episode,12,17,0.5283,0.3,0.7,0.3,0,No action taken this step — waiting for more information or debate resolution,True
easy,random,full_crisis_episode,13,1,0.9625,0.7,0.8,0.8,1,Patching auth_server to reduce attacker foothold and recover system integrity,False
easy,random,full_crisis_episode,13,2,0.9608,0.7,0.9,0.9,2,Patching database to reduce attacker foothold and recover system integrity,False
easy,random,full_crisis_episode,13,3,0.9192,0.7,0.9,0.7,2,Investigating due to uncertainty in alert validity — high severity signals present but source unconfirmed,False
easy,random,full_crisis_episode,13,4,0.9575,0.7,0.7,0.8,2,Patching internal_tools to reduce attacker foothold and recover system integrity,False
easy,random,full_crisis_episode,13,5,0.9558,0.5,0.7,0.8,1,Sending situational update to maintain stakeholder alignment,False
easy,random,full_crisis_episode,13,6,0.9542,0.5,0.8,0.9,2,Patching database to reduce attacker foothold and recover system integrity,False
easy,random,full_crisis_episode,13,7,0.9525,0.6,0.8,0.7,1,"Followed stakeholder advice despite inconsistency — Engineering, PR signals may not be trustworthy",False
easy,random,full_crisis_episode,13,8,0.9508,0.4,0.8,0.7,0,Sending situational update to maintain stakeholder alignment,False
easy,random,full_crisis_episode,13,9,0.9102,0.4,0.9,0.8,1,Chose to isolate api_gateway due to high severity alerts and engineering alignment,False
easy,random,full_crisis_episode,13,10,0.9085,0.5,0.9,0.6,0,Followed stakeholder advice despite inconsistency — PR signals may not be trustworthy,False
easy,random,full_crisis_episode,13,11,0.9068,0.6,0.9,0.6,0,Sending situational update to maintain stakeholder alignment,False
easy,random,full_crisis_episode,13,12,0.9052,0.7,0.9,0.7,2,No action taken this step — waiting for more information or debate resolution,False
easy,random,full_crisis_episode,13,13,0.9035,0.7,0.7,0.5,0,"Chose to isolate api_gateway despite conflicting stakeholder signals (Engineering, PR may be compromised)",False
easy,random,full_crisis_episode,13,14,0.9018,0.8,0.7,0.5,0,Sending situational update to maintain stakeholder alignment,False
easy,random,full_crisis_episode,13,15,0.5502,0.9,0.7,0.6,1,No action taken this step — waiting for more information or debate resolution,True
easy,random,full_crisis_episode,14,1,0.9235,0.7,0.8,0.8,1,Chose to isolate internal_tools due to low confidence signals and engineering alignment,False
easy,random,full_crisis_episode,14,2,0.8828,0.7,0.9,0.9,2,Chose to isolate database despite conflicting stakeholder signals (Finance may be compromised),False
easy,random,full_crisis_episode,14,3,0.8412,0.7,0.9,0.7,1,Investigating due to uncertainty in alert validity,False
easy,random,full_crisis_episode,14,4,0.8795,0.8,0.9,0.5,0,Followed stakeholder advice despite inconsistency — PR signals may not be trustworthy,False
easy,random,full_crisis_episode,14,5,0.8778,0.9,0.9,0.5,2,Sending situational update to maintain stakeholder alignment,False
easy,random,full_crisis_episode,14,6,0.8362,0.9,0.9,0.6,1,Investigating due to uncertainty in alert validity,False
easy,random,full_crisis_episode,14,7,0.8355,0.9,0.7,0.7,1,Chose to isolate api_gateway despite conflicting stakeholder signals (Engineering may be compromised),False
easy,random,full_crisis_episode,14,8,0.7938,0.9,0.7,0.8,1,Investigating due to uncertainty in alert validity — high severity signals present but source unconfirmed,False
easy,random,full_crisis_episode,14,9,0.7922,0.9,0.7,0.9,3,Investigating due to uncertainty in alert validity — high severity signals present but source unconfirmed,False
easy,random,full_crisis_episode,14,10,0.8305,0.7,0.7,0.9,1,Sending situational update to maintain stakeholder alignment,False
easy,random,full_crisis_episode,14,11,0.8288,0.5,0.7,1.0,0,"Increased monitoring on database — threat level elevated, gathering evidence before committing to isolation",False
easy,random,full_crisis_episode,14,12,0.8272,0.5,0.8,1.0,1,Chose to isolate database due to low confidence signals and engineering alignment,False
easy,random,full_crisis_episode,14,13,0.8255,0.6,0.8,0.8,1,Followed stakeholder advice despite inconsistency — PR signals may not be trustworthy,False
easy,random,full_crisis_episode,14,14,0.8238,0.6,0.9,0.6,1,Patching internal_tools to reduce attacker foothold and recover system integrity,False
easy,random,full_crisis_episode,14,15,0.8222,0.4,0.9,0.6,2,Sending situational update to maintain stakeholder alignment,False
easy,random,full_crisis_episode,14,16,0.8205,0.2,0.9,0.4,1,No action taken this step — waiting for more information or debate resolution,False
easy,random,full_crisis_episode,14,17,0.8188,0.3,0.9,0.2,2,"Increased monitoring on internal_tools — threat level elevated, gathering evidence before committing to isolation",False
easy,random,full_crisis_episode,14,18,0.8172,0.4,0.9,0.0,2,"Followed stakeholder advice despite inconsistency — Engineering, PR signals may not be trustworthy",False
easy,random,full_crisis_episode,14,19,0.8155,0.4,1.0,0.0,1,"Chose to isolate api_gateway despite conflicting stakeholder signals (Finance, PR may be compromised)",False
easy,random,full_crisis_episode,14,20,0.8138,0.4,0.8,0.1,0,Patching api_gateway to reduce attacker foothold and recover system integrity,False
easy,random,full_crisis_episode,15,1,0.9625,0.8,0.7,0.8,1,Monitoring api_gateway to track attacker movement without disrupting uptime,False
easy,random,full_crisis_episode,15,2,0.9608,0.8,0.5,0.9,2,Patching api_gateway to reduce attacker foothold and recover system integrity,False
easy,random,full_crisis_episode,15,3,0.9592,0.6,0.5,0.7,0,Monitoring database to track attacker movement without disrupting uptime,False
easy,random,full_crisis_episode,15,4,1.0,0.6,0.5,0.8,2,Investigating due to uncertainty in alert validity,False
easy,random,full_crisis_episode,15,5,0.9558,0.7,0.5,0.6,2,"Increased monitoring on api_gateway — threat level elevated, gathering evidence before committing to isolation",False
easy,random,full_crisis_episode,15,6,0.9542,0.8,0.5,0.4,1,"Followed stakeholder advice despite inconsistency — Engineering, PR signals may not be trustworthy",False
easy,random,full_crisis_episode,15,7,0.9525,0.6,0.5,0.4,1,Sending situational update to maintain stakeholder alignment,False
easy,random,full_crisis_episode,15,8,0.9118,0.6,0.3,0.5,1,Chose to isolate internal_tools despite conflicting stakeholder signals (Engineering may be compromised),False
easy,random,full_crisis_episode,15,9,0.9102,0.7,0.3,0.6,1,Followed stakeholder advice despite inconsistency — Engineering signals may not be trustworthy,False
easy,random,full_crisis_episode,15,10,0.5585,0.7,0.1,0.7,0,Chose to isolate internal_tools despite conflicting stakeholder signals (Engineering may be compromised),True
easy,random,full_crisis_episode,16,1,0.9625,0.7,0.8,0.8,0,Patching database to reduce attacker foothold and recover system integrity,False
easy,random,full_crisis_episode,16,2,0.9608,0.8,0.8,0.8,0,Sending situational update to maintain stakeholder alignment,False
easy,random,full_crisis_episode,16,3,0.9592,0.8,0.9,0.9,2,Patching database to reduce attacker foothold and recover system integrity,False
easy,random,full_crisis_episode,16,4,0.9575,0.6,0.9,0.7,3,"Followed stakeholder advice despite inconsistency — Finance, PR signals may not be trustworthy",False
easy,random,full_crisis_episode,16,5,0.9558,0.4,0.9,0.5,1,"Followed stakeholder advice despite inconsistency — Finance, Engineering, PR signals may not be trustworthy",False
easy,random,full_crisis_episode,16,6,0.9152,0.4,0.7,0.6,1,Chose to isolate api_gateway despite conflicting stakeholder signals (Engineering may be compromised),False
easy,random,full_crisis_episode,16,7,0.9135,0.4,0.5,0.7,1,Patching internal_tools to reduce attacker foothold and recover system integrity,False
easy,random,full_crisis_episode,16,8,0.8718,0.4,0.5,0.5,1,Investigating due to uncertainty in alert validity — high severity signals present but source unconfirmed,False
easy,random,full_crisis_episode,16,9,0.9102,0.5,0.5,0.3,3,Followed stakeholder advice despite inconsistency — PR signals may not be trustworthy,False
easy,random,full_crisis_episode,16,10,0.9085,0.3,0.5,0.1,1,"Increased monitoring on internal_tools — threat level elevated, gathering evidence before committing to isolation",False
easy,random,full_crisis_episode,16,11,0.8678,0.3,0.3,0.2,1,Chose to isolate internal_tools despite conflicting stakeholder signals (Engineering may be compromised),False
easy,random,full_crisis_episode,16,12,0.5162,0.4,0.3,0.0,1,Followed stakeholder advice despite inconsistency — PR signals may not be trustworthy,True
easy,random,full_crisis_episode,17,1,0.9625,0.8,0.7,0.7,0,Sending situational update to maintain stakeholder alignment,False
easy,random,full_crisis_episode,17,2,0.9483,0.8,0.8,0.8,1,Chose to isolate auth_server due to high severity alerts and engineering alignment,False
easy,random,full_crisis_episode,17,3,0.9592,0.6,0.8,0.8,2,Sending situational update to maintain stakeholder alignment,False
easy,random,full_crisis_episode,17,4,0.945,0.6,0.6,0.6,1,"Chose to isolate auth_server despite conflicting stakeholder signals (Engineering, PR may be compromised)",False
easy,random,full_crisis_episode,17,5,0.9433,0.7,0.6,0.4,1,No action taken this step — waiting for more information or debate resolution,False
easy,random,full_crisis_episode,17,6,0.9267,0.8,0.6,0.5,0,No action taken this step — waiting for more information or debate resolution,False
easy,random,full_crisis_episode,17,7,0.9525,0.9,0.6,0.5,1,Sending situational update to maintain stakeholder alignment,False
easy,random,full_crisis_episode,17,8,0.9508,0.7,0.6,0.6,1,No action taken this step — waiting for more information or debate resolution,False
easy,random,full_crisis_episode,17,9,0.9492,0.5,0.6,0.7,1,"Increased monitoring on internal_tools — threat level elevated, gathering evidence before committing to isolation",False
easy,random,full_crisis_episode,17,10,0.9475,0.6,0.6,0.8,1,"Increased monitoring on database — threat level elevated, gathering evidence before committing to isolation",False
easy,random,full_crisis_episode,17,11,0.9458,0.7,0.6,0.6,1,"Increased monitoring on database — threat level elevated, gathering evidence before committing to isolation",False
easy,random,full_crisis_episode,17,12,0.9042,0.7,0.6,0.7,1,Investigating due to uncertainty in alert validity — high severity signals present but source unconfirmed,False
easy,random,full_crisis_episode,17,13,0.9425,0.8,0.6,0.8,1,Followed stakeholder advice despite inconsistency — Engineering signals may not be trustworthy,False
easy,random,full_crisis_episode,17,14,0.5908,0.9,0.6,0.6,1,"Increased monitoring on database — threat level elevated, gathering evidence before committing to isolation",True
easy,random,full_crisis_episode,18,1,0.9625,0.8,0.7,0.8,2,Monitoring api_gateway to track attacker movement without disrupting uptime,False
easy,random,full_crisis_episode,18,2,0.9608,0.6,0.7,0.6,1,"Followed stakeholder advice despite inconsistency — Finance, PR signals may not be trustworthy",False
easy,random,full_crisis_episode,18,3,0.9592,0.4,0.7,0.7,1,Monitoring database to track attacker movement without disrupting uptime,False
easy,random,full_crisis_episode,18,4,0.9575,0.5,0.7,0.5,2,"Increased monitoring on api_gateway — threat level elevated, gathering evidence before committing to isolation",False
easy,random,full_crisis_episode,18,5,0.9558,0.3,0.7,0.3,0,"Increased monitoring on internal_tools — threat level elevated, gathering evidence before committing to isolation",False
easy,random,full_crisis_episode,18,6,0.9152,0.3,0.8,0.4,2,Chose to isolate database due to low confidence signals and engineering alignment,False
easy,random,full_crisis_episode,18,7,0.9135,0.4,0.8,0.2,1,"Followed stakeholder advice despite inconsistency — Engineering, PR signals may not be trustworthy",False
easy,random,full_crisis_episode,18,8,0.9118,0.4,0.9,0.0,0,Patching api_gateway to reduce attacker foothold and recover system integrity,False
easy,random,full_crisis_episode,18,9,0.9102,0.5,0.9,0.1,3,Monitoring database to track attacker movement without disrupting uptime,False
easy,random,full_crisis_episode,18,10,0.9085,0.3,0.9,0.0,1,"Followed stakeholder advice despite inconsistency — Finance, Engineering, PR signals may not be trustworthy",False
easy,random,full_crisis_episode,18,11,0.9068,0.3,0.7,0.1,0,Chose to isolate database despite conflicting stakeholder signals (Engineering may be compromised),False
easy,random,full_crisis_episode,18,12,0.8927,0.3,0.8,0.2,1,Chose to isolate auth_server due to low confidence signals and engineering alignment,False
easy,random,full_crisis_episode,18,13,0.891,0.4,0.8,0.0,1,No action taken this step — waiting for more information or debate resolution,False
easy,random,full_crisis_episode,18,14,0.8743,0.2,0.8,0.1,1,No action taken this step — waiting for more information or debate resolution,False
easy,random,full_crisis_episode,18,15,0.8577,0.0,0.8,0.2,2,No action taken this step — waiting for more information or debate resolution,False
easy,random,full_crisis_episode,18,16,0.841,0.0,0.8,0.3,0,No action taken this step — waiting for more information or debate resolution,False
easy,random,full_crisis_episode,18,17,0.8243,0.1,0.8,0.4,1,No action taken this step — waiting for more information or debate resolution,False
easy,random,full_crisis_episode,18,18,0.8202,0.0,0.8,0.5,1,No action taken this step — waiting for more information or debate resolution,False
easy,random,full_crisis_episode,18,19,0.8185,0.1,0.8,0.6,1,No action taken this step — waiting for more information or debate resolution,False
easy,random,full_crisis_episode,18,20,0.8168,0.2,0.8,0.4,3,No action taken this step — waiting for more information or debate resolution,False
easy,random,full_crisis_episode,19,1,0.9625,0.8,0.7,0.8,0,No action taken this step — waiting for more information or debate resolution,False
easy,random,full_crisis_episode,19,2,0.9608,0.9,0.7,0.9,0,Monitoring internal_tools to track attacker movement without disrupting uptime,False
easy,random,full_crisis_episode,19,3,0.9592,1.0,0.7,1.0,3,Ignored alerts due to low confidence and conflicting signals — Finance opposes action; threat level within tolerance,False
easy,random,full_crisis_episode,19,4,0.9575,1.0,0.5,0.8,3,Patching internal_tools to reduce attacker foothold and recover system integrity,False
easy,random,full_crisis_episode,19,5,0.9558,0.8,0.5,0.8,3,Sending situational update to maintain stakeholder alignment,False
easy,random,full_crisis_episode,19,6,0.9142,0.8,0.5,0.6,2,Investigating due to uncertainty in alert validity,False
easy,random,full_crisis_episode,19,7,0.9525,0.9,0.5,0.6,1,Sending situational update to maintain stakeholder alignment,False
easy,random,full_crisis_episode,19,8,0.9508,0.7,0.5,0.6,0,Sending situational update to maintain stakeholder alignment,False
easy,random,full_crisis_episode,19,9,0.9092,0.7,0.5,0.7,1,Investigating due to uncertainty in alert validity,False
easy,random,full_crisis_episode,19,10,0.9475,0.5,0.5,0.8,1,No action taken this step — waiting for more information or debate resolution,False
easy,random,full_crisis_episode,19,11,0.9458,0.6,0.5,0.6,0,"Increased monitoring on internal_tools — threat level elevated, gathering evidence before committing to isolation",False
easy,random,full_crisis_episode,19,12,0.9442,0.6,0.6,0.7,1,Patching database to reduce attacker foothold and recover system integrity,False
easy,random,full_crisis_episode,19,13,0.9425,0.7,0.6,0.8,0,"Increased monitoring on auth_server — threat level elevated, gathering evidence before committing to isolation",False
easy,random,full_crisis_episode,19,14,0.9008,0.7,0.6,0.9,2,Investigating due to uncertainty in alert validity,False
easy,random,full_crisis_episode,19,15,0.9392,0.7,0.7,0.7,1,Patching database to reduce attacker foothold and recover system integrity,False
easy,random,full_crisis_episode,19,16,0.8985,0.7,0.5,0.8,1,Chose to isolate internal_tools despite conflicting stakeholder signals (Engineering may be compromised),False
easy,random,full_crisis_episode,19,17,0.5468,0.8,0.5,0.9,0,No action taken this step — waiting for more information or debate resolution,True
easy,random,full_crisis_episode,20,1,0.9625,0.8,0.7,0.8,0,No action taken this step — waiting for more information or debate resolution,False
easy,random,full_crisis_episode,20,2,0.9608,0.8,0.8,0.9,1,Patching api_gateway to reduce attacker foothold and recover system integrity,False
easy,random,full_crisis_episode,20,3,0.9592,0.9,0.8,1.0,0,No action taken this step — waiting for more information or debate resolution,False
easy,random,full_crisis_episode,20,4,0.9175,0.9,0.8,1.0,1,Investigating due to uncertainty in alert validity — high severity signals present but source unconfirmed,False
easy,random,full_crisis_episode,20,5,0.9558,0.7,0.8,1.0,2,Followed stakeholder advice despite inconsistency — Finance signals may not be trustworthy,False
easy,random,full_crisis_episode,20,6,0.9542,0.5,0.8,1.0,2,Monitoring api_gateway to track attacker movement without disrupting uptime,False
easy,random,full_crisis_episode,20,7,0.9525,0.6,0.8,0.8,1,"Followed stakeholder advice despite inconsistency — Engineering, PR signals may not be trustworthy",False
easy,random,full_crisis_episode,20,8,0.9108,0.6,0.8,0.9,0,Investigating due to uncertainty in alert validity — high severity signals present but source unconfirmed,False
easy,random,full_crisis_episode,20,9,0.9492,0.6,0.9,1.0,2,Patching api_gateway to reduce attacker foothold and recover system integrity,False
easy,random,full_crisis_episode,20,10,0.9475,0.4,0.9,0.8,2,"Increased monitoring on internal_tools — threat level elevated, gathering evidence before committing to isolation",False
easy,random,full_crisis_episode,20,11,0.9458,0.2,0.9,0.9,2,"Followed stakeholder advice despite inconsistency — Finance, Engineering signals may not be trustworthy",False
easy,random,full_crisis_episode,20,12,0.9317,0.2,1.0,0.7,2,"Chose to isolate auth_server despite conflicting stakeholder signals (Finance, PR may be compromised)",False
easy,random,full_crisis_episode,20,13,0.93,0.0,1.0,0.8,2,No action taken this step — waiting for more information or debate resolution,False
easy,random,full_crisis_episode,20,14,0.9133,0.1,1.0,0.6,2,No action taken this step — waiting for more information or debate resolution,False
easy,random,full_crisis_episode,20,15,0.5467,0.0,1.0,0.4,1,No action taken this step — waiting for more information or debate resolution,True
easy,heuristic,alert_triage,1,1,0.5,0.7,0.7,0.7,0,,True
easy,heuristic,alert_triage,2,1,0.5,0.7,0.7,0.7,0,,True
easy,heuristic,alert_triage,3,1,0.6,0.7,0.7,0.7,0,,True
easy,heuristic,alert_triage,4,1,0.8,0.7,0.7,0.7,0,,True
easy,heuristic,alert_triage,5,1,0.8,0.7,0.7,0.7,0,,True
easy,heuristic,alert_triage,6,1,0.6364,0.7,0.7,0.7,0,,True
easy,heuristic,alert_triage,7,1,0.5,0.7,0.7,0.7,0,,True
easy,heuristic,alert_triage,8,1,0.4,0.7,0.7,0.7,0,,True
easy,heuristic,alert_triage,9,1,0.5455,0.7,0.7,0.7,0,,True
easy,heuristic,alert_triage,10,1,0.8,0.7,0.7,0.7,0,,True
easy,heuristic,alert_triage,11,1,0.6364,0.7,0.7,0.7,0,,True
easy,heuristic,alert_triage,12,1,0.5,0.7,0.7,0.7,0,,True
easy,heuristic,alert_triage,13,1,0.7,0.7,0.7,0.7,0,,True
easy,heuristic,alert_triage,14,1,0.6,0.7,0.7,0.7,0,,True
easy,heuristic,alert_triage,15,1,0.7,0.7,0.7,0.7,0,,True
easy,heuristic,alert_triage,16,1,0.6,0.7,0.7,0.7,0,,True
easy,heuristic,alert_triage,17,1,0.6364,0.7,0.7,0.7,0,,True
easy,heuristic,alert_triage,18,1,0.6,0.7,0.7,0.7,0,,True
easy,heuristic,alert_triage,19,1,0.7,0.7,0.7,0.7,0,,True
easy,heuristic,alert_triage,20,1,0.7273,0.7,0.7,0.7,0,,True
easy,heuristic,stakeholder_argument,1,1,0.65,0.7,0.7,0.7,0,,False
easy,heuristic,stakeholder_argument,1,2,0.3,0.7,0.7,0.7,0,,True
easy,heuristic,stakeholder_argument,2,1,0.65,0.7,0.7,0.7,0,,False
easy,heuristic,stakeholder_argument,2,2,0.3,0.7,0.7,0.7,0,,True
easy,heuristic,stakeholder_argument,3,1,0.65,0.7,0.7,0.7,0,,False
easy,heuristic,stakeholder_argument,3,2,0.3,0.7,0.7,0.7,0,,True
easy,heuristic,stakeholder_argument,4,1,0.65,0.7,0.7,0.7,0,,False
easy,heuristic,stakeholder_argument,4,2,0.3,0.7,0.7,0.7,0,,True
easy,heuristic,stakeholder_argument,5,1,0.65,0.7,0.7,0.7,0,,False
easy,heuristic,stakeholder_argument,5,2,0.3,0.7,0.7,0.7,0,,True
easy,heuristic,stakeholder_argument,6,1,0.65,0.7,0.7,0.7,0,,False
easy,heuristic,stakeholder_argument,6,2,0.3,0.7,0.7,0.7,0,,True
easy,heuristic,stakeholder_argument,7,1,0.65,0.7,0.7,0.7,0,,False
easy,heuristic,stakeholder_argument,7,2,0.3,0.7,0.7,0.7,0,,True
easy,heuristic,stakeholder_argument,8,1,0.65,0.7,0.7,0.7,0,,False
easy,heuristic,stakeholder_argument,8,2,0.3,0.7,0.7,0.7,0,,True
easy,heuristic,stakeholder_argument,9,1,0.65,0.7,0.7,0.7,0,,False
easy,heuristic,stakeholder_argument,9,2,0.3,0.7,0.7,0.7,0,,True
easy,heuristic,stakeholder_argument,10,1,0.65,0.7,0.7,0.7,0,,False
easy,heuristic,stakeholder_argument,10,2,0.3,0.7,0.7,0.7,0,,True
easy,heuristic,stakeholder_argument,11,1,0.65,0.7,0.7,0.7,0,,False
easy,heuristic,stakeholder_argument,11,2,0.3,0.7,0.7,0.7,0,,True
easy,heuristic,stakeholder_argument,12,1,0.65,0.7,0.7,0.7,0,,False
easy,heuristic,stakeholder_argument,12,2,0.3,0.7,0.7,0.7,0,,True
easy,heuristic,stakeholder_argument,13,1,0.65,0.7,0.7,0.7,0,,False
easy,heuristic,stakeholder_argument,13,2,0.3,0.7,0.7,0.7,0,,True
easy,heuristic,stakeholder_argument,14,1,0.65,0.7,0.7,0.7,0,,False
easy,heuristic,stakeholder_argument,14,2,0.3,0.7,0.7,0.7,0,,True
easy,heuristic,stakeholder_argument,15,1,0.65,0.7,0.7,0.7,0,,False
easy,heuristic,stakeholder_argument,15,2,0.3,0.7,0.7,0.7,0,,True
easy,heuristic,stakeholder_argument,16,1,0.65,0.7,0.7,0.7,0,,False
easy,heuristic,stakeholder_argument,16,2,0.3,0.7,0.7,0.7,0,,True
easy,heuristic,stakeholder_argument,17,1,0.65,0.7,0.7,0.7,0,,False
easy,heuristic,stakeholder_argument,17,2,0.3,0.7,0.7,0.7,0,,True
easy,heuristic,stakeholder_argument,18,1,0.65,0.7,0.7,0.7,0,,False
easy,heuristic,stakeholder_argument,18,2,0.3,0.7,0.7,0.7,0,,True
easy,heuristic,stakeholder_argument,19,1,0.65,0.7,0.7,0.7,0,,False
easy,heuristic,stakeholder_argument,19,2,0.3,0.7,0.7,0.7,0,,True
easy,heuristic,stakeholder_argument,20,1,0.65,0.7,0.7,0.7,0,,False
easy,heuristic,stakeholder_argument,20,2,0.3,0.7,0.7,0.7,0,,True
easy,heuristic,full_crisis_episode,1,1,0.9625,0.8,0.7,0.8,1,Monitoring internal_tools to track attacker movement without disrupting uptime,False
easy,heuristic,full_crisis_episode,1,2,0.9608,0.6,0.7,0.9,1,Monitoring api_gateway to track attacker movement without disrupting uptime,False
easy,heuristic,full_crisis_episode,1,3,0.9592,0.4,0.7,1.0,1,Monitoring api_gateway to track attacker movement without disrupting uptime,False
easy,heuristic,full_crisis_episode,1,4,0.9575,0.4,0.8,0.8,1,Patching internal_tools to reduce attacker foothold and recover system integrity,False
easy,heuristic,full_crisis_episode,1,5,0.9558,0.2,0.8,0.9,1,Monitoring internal_tools to track attacker movement without disrupting uptime,False
easy,heuristic,full_crisis_episode,1,6,0.9542,0.3,0.8,1.0,1,Monitoring internal_tools to track attacker movement without disrupting uptime,False
easy,heuristic,full_crisis_episode,1,7,0.9525,0.3,0.6,1.0,2,Patching database to reduce attacker foothold and recover system integrity,False
easy,heuristic,full_crisis_episode,1,8,0.9508,0.4,0.6,0.8,0,Monitoring internal_tools to track attacker movement without disrupting uptime,False
easy,heuristic,full_crisis_episode,1,9,0.9492,0.4,0.7,0.9,2,Patching internal_tools to reduce attacker foothold and recover system integrity,False
easy,heuristic,full_crisis_episode,1,10,0.9085,0.4,0.8,0.7,1,"Chose to isolate internal_tools despite conflicting stakeholder signals (Finance, PR may be compromised)",False
easy,heuristic,full_crisis_episode,1,11,0.9068,0.4,0.9,0.8,3,Chose to isolate internal_tools despite conflicting stakeholder signals (Finance may be compromised),False
easy,heuristic,full_crisis_episode,1,12,0.9052,0.4,0.7,0.6,2,"Chose to isolate internal_tools despite conflicting stakeholder signals (Finance, Engineering, PR may be compromised)",False
easy,heuristic,full_crisis_episode,1,13,0.9035,0.5,0.7,0.4,0,Monitoring internal_tools to track attacker movement without disrupting uptime,False
easy,heuristic,full_crisis_episode,1,14,0.9018,0.6,0.7,0.5,1,Monitoring internal_tools to track attacker movement without disrupting uptime,False
easy,heuristic,full_crisis_episode,1,15,0.9002,0.6,0.8,0.6,2,Chose to isolate internal_tools despite conflicting stakeholder signals (Finance may be compromised),False
easy,heuristic,full_crisis_episode,1,16,0.8985,0.4,0.8,0.7,0,Monitoring internal_tools to track attacker movement without disrupting uptime,False
easy,heuristic,full_crisis_episode,1,17,0.8968,0.5,0.8,0.8,1,Monitoring internal_tools to track attacker movement without disrupting uptime,False
easy,heuristic,full_crisis_episode,1,18,0.8952,0.6,0.8,0.6,0,Monitoring database to track attacker movement without disrupting uptime,False
easy,heuristic,full_crisis_episode,1,19,0.8935,0.6,0.9,0.7,1,Patching internal_tools to reduce attacker foothold and recover system integrity,False
easy,heuristic,full_crisis_episode,1,20,0.8918,0.6,1.0,0.5,1,Patching internal_tools to reduce attacker foothold and recover system integrity,False
easy,heuristic,full_crisis_episode,2,1,0.9625,0.8,0.7,0.8,1,Monitoring internal_tools to track attacker movement without disrupting uptime,False
easy,heuristic,full_crisis_episode,2,2,0.9218,0.8,0.8,0.6,1,Chose to isolate api_gateway despite conflicting stakeholder signals (PR may be compromised),False
easy,heuristic,full_crisis_episode,2,3,0.9202,0.8,0.9,0.7,1,Patching api_gateway to reduce attacker foothold and recover system integrity,False
easy,heuristic,full_crisis_episode,2,4,0.9185,0.9,0.9,0.8,1,Monitoring api_gateway to track attacker movement without disrupting uptime,False
easy,heuristic,full_crisis_episode,2,5,0.9168,1.0,0.9,0.6,0,Monitoring api_gateway to track attacker movement without disrupting uptime,False
easy,heuristic,full_crisis_episode,2,6,0.9152,1.0,1.0,0.7,0,Patching api_gateway to reduce attacker foothold and recover system integrity,False
easy,heuristic,full_crisis_episode,2,7,0.9135,1.0,1.0,0.8,2,Monitoring database to track attacker movement without disrupting uptime,False
easy,heuristic,full_crisis_episode,2,8,0.9118,1.0,0.8,0.6,2,Patching api_gateway to reduce attacker foothold and recover system integrity,False
easy,heuristic,full_crisis_episode,2,9,0.9102,1.0,0.9,0.4,0,Patching api_gateway to reduce attacker foothold and recover system integrity,False
easy,heuristic,full_crisis_episode,2,10,0.9085,1.0,0.9,0.5,2,Monitoring api_gateway to track attacker movement without disrupting uptime,False
easy,heuristic,full_crisis_episode,2,11,0.9068,1.0,0.9,0.3,2,Monitoring api_gateway to track attacker movement without disrupting uptime,False
easy,heuristic,full_crisis_episode,2,12,0.9052,1.0,0.7,0.4,1,"Chose to isolate api_gateway despite conflicting stakeholder signals (Finance, Engineering may be compromised)",False
easy,heuristic,full_crisis_episode,2,13,0.9035,1.0,0.7,0.2,0,Monitoring api_gateway to track attacker movement without disrupting uptime,False
easy,heuristic,full_crisis_episode,2,14,0.9018,1.0,0.8,0.3,0,Patching api_gateway to reduce attacker foothold and recover system integrity,False
easy,heuristic,full_crisis_episode,2,15,0.9002,1.0,0.8,0.4,0,Monitoring api_gateway to track attacker movement without disrupting uptime,False
easy,heuristic,full_crisis_episode,2,16,0.8985,1.0,0.8,0.5,1,Monitoring api_gateway to track attacker movement without disrupting uptime,False
easy,heuristic,full_crisis_episode,2,17,0.8968,0.8,0.8,0.6,0,Monitoring api_gateway to track attacker movement without disrupting uptime,False
easy,heuristic,full_crisis_episode,2,18,0.8952,0.8,0.9,0.7,0,Patching auth_server to reduce attacker foothold and recover system integrity,False
easy,heuristic,full_crisis_episode,2,19,0.8935,0.8,1.0,0.8,0,Patching api_gateway to reduce attacker foothold and recover system integrity,False
easy,heuristic,full_crisis_episode,2,20,0.8918,0.8,1.0,0.9,0,Patching api_gateway to reduce attacker foothold and recover system integrity,False
easy,heuristic,full_crisis_episode,3,1,0.9625,0.8,0.7,0.8,1,Monitoring comms to track attacker movement without disrupting uptime,False
easy,heuristic,full_crisis_episode,3,2,0.9608,0.8,0.8,0.9,1,Patching api_gateway to reduce attacker foothold and recover system integrity,False
easy,heuristic,full_crisis_episode,3,3,0.9202,0.8,0.9,0.7,2,Chose to isolate api_gateway despite conflicting stakeholder signals (PR may be compromised),False
easy,heuristic,full_crisis_episode,3,4,0.9185,0.6,0.9,0.5,1,Monitoring api_gateway to track attacker movement without disrupting uptime,False
easy,heuristic,full_crisis_episode,3,5,0.9168,0.6,1.0,0.6,0,Patching api_gateway to reduce attacker foothold and recover system integrity,False
easy,heuristic,full_crisis_episode,3,6,0.9152,0.6,1.0,0.7,1,Patching api_gateway to reduce attacker foothold and recover system integrity,False
easy,heuristic,full_crisis_episode,3,7,0.9135,0.6,1.0,0.8,0,Patching api_gateway to reduce attacker foothold and recover system integrity,False
easy,heuristic,full_crisis_episode,3,8,0.9118,0.6,1.0,0.9,1,Patching auth_server to reduce attacker foothold and recover system integrity,False
easy,heuristic,full_crisis_episode,3,9,0.9102,0.6,1.0,1.0,2,Chose to isolate api_gateway despite conflicting stakeholder signals (Finance may be compromised),False
easy,heuristic,full_crisis_episode,3,10,0.9085,0.4,1.0,1.0,0,Monitoring api_gateway to track attacker movement without disrupting uptime,False
easy,heuristic,full_crisis_episode,3,11,0.9068,0.5,1.0,1.0,0,Monitoring api_gateway to track attacker movement without disrupting uptime,False
easy,heuristic,full_crisis_episode,3,12,0.9052,0.6,1.0,1.0,0,Monitoring api_gateway to track attacker movement without disrupting uptime,False
easy,heuristic,full_crisis_episode,3,13,0.9035,0.6,1.0,1.0,2,Patching api_gateway to reduce attacker foothold and recover system integrity,False
easy,heuristic,full_crisis_episode,3,14,0.9018,0.7,1.0,0.8,1,Monitoring api_gateway to track attacker movement without disrupting uptime,False
easy,heuristic,full_crisis_episode,3,15,0.9002,0.5,1.0,0.9,1,Monitoring api_gateway to track attacker movement without disrupting uptime,False
easy,heuristic,full_crisis_episode,3,16,0.8985,0.5,0.8,1.0,0,Chose to isolate api_gateway despite conflicting stakeholder signals (Engineering may be compromised),False
easy,heuristic,full_crisis_episode,3,17,0.8968,0.5,0.9,1.0,0,Patching api_gateway to reduce attacker foothold and recover system integrity,False
easy,heuristic,full_crisis_episode,3,18,0.8952,0.5,1.0,1.0,0,Patching api_gateway to reduce attacker foothold and recover system integrity,False
easy,heuristic,full_crisis_episode,3,19,0.8935,0.5,1.0,1.0,1,Patching api_gateway to reduce attacker foothold and recover system integrity,False
easy,heuristic,full_crisis_episode,3,20,0.8918,0.5,0.8,1.0,0,Patching api_gateway to reduce attacker foothold and recover system integrity,False
easy,heuristic,full_crisis_episode,4,1,0.9625,0.8,0.7,0.8,2,Monitoring auth_server to track attacker movement without disrupting uptime,False
easy,heuristic,full_crisis_episode,4,2,0.9608,0.6,0.7,0.9,2,Monitoring api_gateway to track attacker movement without disrupting uptime,False
easy,heuristic,full_crisis_episode,4,3,0.9202,0.6,0.5,1.0,0,"Chose to isolate api_gateway despite conflicting stakeholder signals (Finance, Engineering may be compromised)",False
easy,heuristic,full_crisis_episode,4,4,0.9185,0.6,0.6,1.0,2,Patching api_gateway to reduce attacker foothold and recover system integrity,False
easy,heuristic,full_crisis_episode,4,5,0.9168,0.4,0.6,0.8,3,Monitoring internal_tools to track attacker movement without disrupting uptime,False
easy,heuristic,full_crisis_episode,4,6,0.9152,0.4,0.4,0.6,0,Patching api_gateway to reduce attacker foothold and recover system integrity,False
easy,heuristic,full_crisis_episode,4,7,0.9135,0.4,0.5,0.7,2,Patching api_gateway to reduce attacker foothold and recover system integrity,False
easy,heuristic,full_crisis_episode,4,8,0.9118,0.5,0.5,0.5,0,Monitoring api_gateway to track attacker movement without disrupting uptime,False
easy,heuristic,full_crisis_episode,4,9,0.9102,0.6,0.5,0.6,1,Monitoring api_gateway to track attacker movement without disrupting uptime,False
easy,heuristic,full_crisis_episode,4,10,0.9085,0.7,0.5,0.7,1,Monitoring api_gateway to track attacker movement without disrupting uptime,False
easy,heuristic,full_crisis_episode,4,11,0.9068,0.7,0.6,0.5,1,Chose to isolate api_gateway despite conflicting stakeholder signals (PR may be compromised),False
easy,heuristic,full_crisis_episode,4,12,0.9052,0.7,0.4,0.6,1,Patching internal_tools to reduce attacker foothold and recover system integrity,False
easy,heuristic,full_crisis_episode,4,13,0.9035,0.8,0.4,0.4,0,Monitoring internal_tools to track attacker movement without disrupting uptime,False
easy,heuristic,full_crisis_episode,4,14,0.9018,0.9,0.4,0.5,0,Monitoring internal_tools to track attacker movement without disrupting uptime,False
easy,heuristic,full_crisis_episode,4,15,0.9002,1.0,0.4,0.6,1,Monitoring internal_tools to track attacker movement without disrupting uptime,False
easy,heuristic,full_crisis_episode,4,16,0.8985,1.0,0.5,0.4,2,Patching internal_tools to reduce attacker foothold and recover system integrity,False
easy,heuristic,full_crisis_episode,4,17,0.8968,1.0,0.6,0.2,2,Patching internal_tools to reduce attacker foothold and recover system integrity,False
easy,heuristic,full_crisis_episode,4,18,0.8952,1.0,0.7,0.0,1,Patching internal_tools to reduce attacker foothold and recover system integrity,False
easy,heuristic,full_crisis_episode,4,19,0.8935,1.0,0.8,0.0,1,Patching internal_tools to reduce attacker foothold and recover system integrity,False
easy,heuristic,full_crisis_episode,4,20,0.8918,1.0,0.8,0.1,2,"Increased monitoring on internal_tools — threat level elevated, gathering evidence before committing to isolation",False
easy,heuristic,full_crisis_episode,5,1,0.9625,0.8,0.7,0.8,0,Monitoring internal_tools to track attacker movement without disrupting uptime,False
easy,heuristic,full_crisis_episode,5,2,0.9608,0.9,0.7,0.9,0,Monitoring api_gateway to track attacker movement without disrupting uptime,False
easy,heuristic,full_crisis_episode,5,3,0.9592,0.9,0.8,1.0,1,Patching api_gateway to reduce attacker foothold and recover system integrity,False
easy,heuristic,full_crisis_episode,5,4,0.9575,0.9,0.9,1.0,1,Patching api_gateway to reduce attacker foothold and recover system integrity,False
easy,heuristic,full_crisis_episode,5,5,0.9168,0.9,1.0,0.8,1,Chose to isolate api_gateway despite conflicting stakeholder signals (PR may be compromised),False
easy,heuristic,full_crisis_episode,5,6,0.9152,0.9,0.8,0.9,2,Patching api_gateway to reduce attacker foothold and recover system integrity,False
easy,heuristic,full_crisis_episode,5,7,0.9135,1.0,0.8,0.7,1,Monitoring api_gateway to track attacker movement without disrupting uptime,False
easy,heuristic,full_crisis_episode,5,8,0.9118,0.8,0.8,0.8,2,Monitoring api_gateway to track attacker movement without disrupting uptime,False
easy,heuristic,full_crisis_episode,5,9,0.9102,0.6,0.8,0.6,2,Monitoring api_gateway to track attacker movement without disrupting uptime,False
easy,heuristic,full_crisis_episode,5,10,0.9085,0.7,0.8,0.4,2,Monitoring api_gateway to track attacker movement without disrupting uptime,False
easy,heuristic,full_crisis_episode,5,11,0.8678,0.7,0.6,0.2,1,"Chose to isolate internal_tools despite conflicting stakeholder signals (Engineering, PR may be compromised)",False
easy,heuristic,full_crisis_episode,5,12,0.8662,0.8,0.6,0.0,0,Monitoring api_gateway to track attacker movement without disrupting uptime,False
easy,heuristic,full_crisis_episode,5,13,0.8645,0.9,0.6,0.1,1,Monitoring api_gateway to track attacker movement without disrupting uptime,False
easy,heuristic,full_crisis_episode,5,14,0.8628,0.7,0.6,0.2,1,Monitoring api_gateway to track attacker movement without disrupting uptime,False
easy,heuristic,full_crisis_episode,5,15,0.8612,0.7,0.7,0.0,2,Patching api_gateway to reduce attacker foothold and recover system integrity,False
easy,heuristic,full_crisis_episode,5,16,0.8595,0.7,0.5,0.0,2,Patching api_gateway to reduce attacker foothold and recover system integrity,False
easy,heuristic,full_crisis_episode,5,17,0.8578,0.7,0.3,0.1,2,"Chose to isolate api_gateway despite conflicting stakeholder signals (Finance, Engineering may be compromised)",False
easy,heuristic,full_crisis_episode,5,18,0.8562,0.7,0.4,0.0,1,Patching api_gateway to reduce attacker foothold and recover system integrity,False
easy,heuristic,full_crisis_episode,5,19,0.8545,0.5,0.4,0.1,1,Monitoring api_gateway to track attacker movement without disrupting uptime,False
easy,heuristic,full_crisis_episode,5,20,0.8528,0.5,0.5,0.2,2,Patching api_gateway to reduce attacker foothold and recover system integrity,False
easy,heuristic,full_crisis_episode,6,1,0.9625,0.8,0.7,0.8,0,Monitoring api_gateway to track attacker movement without disrupting uptime,False
easy,heuristic,full_crisis_episode,6,2,0.9608,0.8,0.8,0.9,2,Patching api_gateway to reduce attacker foothold and recover system integrity,False
easy,heuristic,full_crisis_episode,6,3,0.9592,0.8,0.6,1.0,0,Patching api_gateway to reduce attacker foothold and recover system integrity,False
easy,heuristic,full_crisis_episode,6,4,0.9575,0.8,0.7,1.0,1,Patching api_gateway to reduce attacker foothold and recover system integrity,False
easy,heuristic,full_crisis_episode,6,5,0.9558,0.8,0.5,1.0,0,Patching api_gateway to reduce attacker foothold and recover system integrity,False
easy,heuristic,full_crisis_episode,6,6,0.9542,0.9,0.5,1.0,1,Monitoring api_gateway to track attacker movement without disrupting uptime,False
easy,heuristic,full_crisis_episode,6,7,0.9525,1.0,0.5,1.0,1,Monitoring api_gateway to track attacker movement without disrupting uptime,False
easy,heuristic,full_crisis_episode,6,8,0.9508,1.0,0.5,1.0,1,Monitoring api_gateway to track attacker movement without disrupting uptime,False
easy,heuristic,full_crisis_episode,6,9,0.9492,1.0,0.5,0.8,1,Monitoring internal_tools to track attacker movement without disrupting uptime,False
easy,heuristic,full_crisis_episode,6,10,0.9475,1.0,0.6,0.9,2,Patching api_gateway to reduce attacker foothold and recover system integrity,False
easy,heuristic,full_crisis_episode,6,11,0.9068,1.0,0.4,0.7,1,"Chose to isolate api_gateway despite conflicting stakeholder signals (Engineering, PR may be compromised)",False
easy,heuristic,full_crisis_episode,6,12,0.9052,1.0,0.4,0.8,1,Monitoring api_gateway to track attacker movement without disrupting uptime,False
easy,heuristic,full_crisis_episode,6,13,0.9035,1.0,0.4,0.9,0,Monitoring api_gateway to track attacker movement without disrupting uptime,False
easy,heuristic,full_crisis_episode,6,14,0.9018,1.0,0.5,1.0,0,Patching api_gateway to reduce attacker foothold and recover system integrity,False
easy,heuristic,full_crisis_episode,6,15,0.9002,1.0,0.6,1.0,1,Patching api_gateway to reduce attacker foothold and recover system integrity,False
easy,heuristic,full_crisis_episode,6,16,0.8985,1.0,0.7,0.8,1,Patching api_gateway to reduce attacker foothold and recover system integrity,False
easy,heuristic,full_crisis_episode,6,17,0.8968,1.0,0.8,0.6,1,Patching api_gateway to reduce attacker foothold and recover system integrity,False
easy,heuristic,full_crisis_episode,6,18,0.8952,1.0,0.8,0.7,1,Monitoring api_gateway to track attacker movement without disrupting uptime,False
easy,heuristic,full_crisis_episode,6,19,0.8935,1.0,0.6,0.8,2,Patching api_gateway to reduce attacker foothold and recover system integrity,False
easy,heuristic,full_crisis_episode,6,20,0.8918,1.0,0.4,0.9,2,Patching api_gateway to reduce attacker foothold and recover system integrity,False
easy,heuristic,full_crisis_episode,7,1,0.9625,0.8,0.7,0.8,2,Monitoring api_gateway to track attacker movement without disrupting uptime,False
easy,heuristic,full_crisis_episode,7,2,0.9608,0.8,0.5,0.9,1,Patching api_gateway to reduce attacker foothold and recover system integrity,False
easy,heuristic,full_crisis_episode,7,3,0.9202,0.8,0.6,1.0,2,Chose to isolate api_gateway despite conflicting stakeholder signals (Finance may be compromised),False
easy,heuristic,full_crisis_episode,7,4,0.9185,0.8,0.7,0.8,2,Patching api_gateway to reduce attacker foothold and recover system integrity,False
easy,heuristic,full_crisis_episode,7,5,0.8778,0.8,0.5,0.6,1,"Chose to isolate comms despite conflicting stakeholder signals (Engineering, PR may be compromised)",False
easy,heuristic,full_crisis_episode,7,6,0.8762,0.9,0.5,0.4,1,Monitoring internal_tools to track attacker movement without disrupting uptime,False
easy,heuristic,full_crisis_episode,7,7,0.8745,0.7,0.5,0.5,0,"Increased monitoring on internal_tools — threat level elevated, gathering evidence before committing to isolation",False
easy,heuristic,full_crisis_episode,7,8,0.8728,0.8,0.5,0.6,2,"Increased monitoring on auth_server — threat level elevated, gathering evidence before committing to isolation",False
easy,heuristic,full_crisis_episode,7,9,0.8712,0.8,0.6,0.4,3,Patching auth_server to reduce attacker foothold and recover system integrity,False
easy,heuristic,full_crisis_episode,7,10,0.8695,0.6,0.6,0.2,1,"Increased monitoring on auth_server — threat level elevated, gathering evidence before committing to isolation",False
easy,heuristic,full_crisis_episode,7,11,0.8678,0.7,0.6,0.3,0,"Increased monitoring on auth_server — threat level elevated, gathering evidence before committing to isolation",False
easy,heuristic,full_crisis_episode,7,12,0.8662,0.8,0.6,0.4,3,"Increased monitoring on auth_server — threat level elevated, gathering evidence before committing to isolation",False
easy,heuristic,full_crisis_episode,7,13,0.8645,0.8,0.4,0.2,1,Patching auth_server to reduce attacker foothold and recover system integrity,False
easy,heuristic,full_crisis_episode,7,14,0.8628,0.8,0.5,0.0,1,Patching auth_server to reduce attacker foothold and recover system integrity,False
easy,heuristic,full_crisis_episode,7,15,0.8612,0.8,0.6,0.0,1,Patching auth_server to reduce attacker foothold and recover system integrity,False
easy,heuristic,full_crisis_episode,7,16,0.847,0.8,0.7,0.0,0,Chose to isolate auth_server despite conflicting stakeholder signals (PR may be compromised),False
easy,heuristic,full_crisis_episode,7,17,0.8453,0.9,0.7,0.1,1,No action taken this step — waiting for more information or debate resolution,False
easy,heuristic,full_crisis_episode,7,18,0.8287,1.0,0.7,0.2,1,No action taken this step — waiting for more information or debate resolution,False
easy,heuristic,full_crisis_episode,7,19,0.812,0.8,0.7,0.3,2,No action taken this step — waiting for more information or debate resolution,False
easy,heuristic,full_crisis_episode,7,20,0.4453,0.6,0.7,0.1,0,No action taken this step — waiting for more information or debate resolution,True
easy,heuristic,full_crisis_episode,8,1,0.9625,0.8,0.7,0.8,2,Monitoring auth_server to track attacker movement without disrupting uptime,False
easy,heuristic,full_crisis_episode,8,2,0.9218,0.8,0.8,0.6,2,"Chose to isolate api_gateway despite conflicting stakeholder signals (Finance, PR may be compromised)",False
easy,heuristic,full_crisis_episode,8,3,0.9202,0.8,0.6,0.4,1,Patching api_gateway to reduce attacker foothold and recover system integrity,False
easy,heuristic,full_crisis_episode,8,4,0.9185,0.9,0.6,0.5,0,Monitoring api_gateway to track attacker movement without disrupting uptime,False
easy,heuristic,full_crisis_episode,8,5,0.9168,1.0,0.6,0.6,2,Monitoring auth_server to track attacker movement without disrupting uptime,False
easy,heuristic,full_crisis_episode,8,6,0.9152,0.8,0.6,0.4,3,Monitoring internal_tools to track attacker movement without disrupting uptime,False
easy,heuristic,full_crisis_episode,8,7,0.9135,0.6,0.6,0.2,0,"Increased monitoring on internal_tools — threat level elevated, gathering evidence before committing to isolation",False
easy,heuristic,full_crisis_episode,8,8,0.9118,0.6,0.7,0.3,2,Patching internal_tools to reduce attacker foothold and recover system integrity,False
easy,heuristic,full_crisis_episode,8,9,0.9102,0.4,0.7,0.4,1,Monitoring api_gateway to track attacker movement without disrupting uptime,False
easy,heuristic,full_crisis_episode,8,10,0.9085,0.2,0.7,0.5,1,"Increased monitoring on internal_tools — threat level elevated, gathering evidence before committing to isolation",False
easy,heuristic,full_crisis_episode,8,11,0.9068,0.3,0.7,0.6,0,"Increased monitoring on internal_tools — threat level elevated, gathering evidence before committing to isolation",False
easy,heuristic,full_crisis_episode,8,12,0.9052,0.3,0.8,0.7,2,Patching internal_tools to reduce attacker foothold and recover system integrity,False
easy,heuristic,full_crisis_episode,8,13,0.9035,0.3,0.6,0.5,1,Patching internal_tools to reduce attacker foothold and recover system integrity,False
easy,heuristic,full_crisis_episode,8,14,0.9018,0.3,0.7,0.3,0,Patching internal_tools to reduce attacker foothold and recover system integrity,False
easy,heuristic,full_crisis_episode,8,15,0.9002,0.3,0.8,0.4,1,Patching internal_tools to reduce attacker foothold and recover system integrity,False
easy,heuristic,full_crisis_episode,8,16,0.8985,0.4,0.8,0.5,1,Monitoring internal_tools to track attacker movement without disrupting uptime,False
easy,heuristic,full_crisis_episode,8,17,0.8968,0.4,0.6,0.6,1,Patching auth_server to reduce attacker foothold and recover system integrity,False
easy,heuristic,full_crisis_episode,8,18,0.8952,0.4,0.7,0.7,0,Patching internal_tools to reduce attacker foothold and recover system integrity,False
easy,heuristic,full_crisis_episode,8,19,0.8935,0.4,0.8,0.8,2,Patching auth_server to reduce attacker foothold and recover system integrity,False
easy,heuristic,full_crisis_episode,8,20,0.8918,0.4,0.6,0.9,1,Patching auth_server to reduce attacker foothold and recover system integrity,False
easy,heuristic,full_crisis_episode,9,1,0.9625,0.8,0.7,0.8,1,Monitoring internal_tools to track attacker movement without disrupting uptime,False
easy,heuristic,full_crisis_episode,9,2,0.9608,0.8,0.8,0.6,1,Patching api_gateway to reduce attacker foothold and recover system integrity,False
easy,heuristic,full_crisis_episode,9,3,0.9592,0.9,0.8,0.7,1,Monitoring api_gateway to track attacker movement without disrupting uptime,False
easy,heuristic,full_crisis_episode,9,4,0.9185,0.9,0.6,0.8,1,Chose to isolate database despite conflicting stakeholder signals (Engineering may be compromised),False
easy,heuristic,full_crisis_episode,9,5,0.9168,1.0,0.6,0.9,0,Monitoring comms to track attacker movement without disrupting uptime,False
easy,heuristic,full_crisis_episode,9,6,0.9152,1.0,0.6,1.0,3,Monitoring api_gateway to track attacker movement without disrupting uptime,False
easy,heuristic,full_crisis_episode,9,7,0.9135,1.0,0.4,0.8,0,Patching api_gateway to reduce attacker foothold and recover system integrity,False
easy,heuristic,full_crisis_episode,9,8,0.8993,1.0,0.5,0.9,0,Chose to isolate auth_server due to high severity alerts and engineering alignment,False
easy,heuristic,full_crisis_episode,9,9,0.8977,1.0,0.5,1.0,2,No action taken this step — waiting for more information or debate resolution,False
easy,heuristic,full_crisis_episode,9,10,0.881,0.8,0.5,1.0,1,No action taken this step — waiting for more information or debate resolution,False
easy,heuristic,full_crisis_episode,9,11,0.8643,0.9,0.5,0.8,3,No action taken this step — waiting for more information or debate resolution,False
easy,heuristic,full_crisis_episode,9,12,0.8477,0.7,0.5,0.6,1,No action taken this step — waiting for more information or debate resolution,False
easy,heuristic,full_crisis_episode,9,13,0.831,0.8,0.5,0.7,1,No action taken this step — waiting for more information or debate resolution,False
easy,heuristic,full_crisis_episode,9,14,0.8268,0.9,0.5,0.8,1,No action taken this step — waiting for more information or debate resolution,False
easy,heuristic,full_crisis_episode,9,15,0.4752,1.0,0.5,0.9,1,No action taken this step — waiting for more information or debate resolution,True
easy,heuristic,full_crisis_episode,10,1,0.9625,0.8,0.7,0.8,0,Monitoring internal_tools to track attacker movement without disrupting uptime,False
easy,heuristic,full_crisis_episode,10,2,0.9608,0.9,0.7,0.9,1,Monitoring api_gateway to track attacker movement without disrupting uptime,False
easy,heuristic,full_crisis_episode,10,3,0.9592,0.7,0.7,1.0,1,Monitoring api_gateway to track attacker movement without disrupting uptime,False
easy,heuristic,full_crisis_episode,10,4,0.9575,0.8,0.7,1.0,2,Monitoring api_gateway to track attacker movement without disrupting uptime,False
easy,heuristic,full_crisis_episode,10,5,0.9558,0.6,0.7,1.0,1,Monitoring api_gateway to track attacker movement without disrupting uptime,False
easy,heuristic,full_crisis_episode,10,6,0.9542,0.6,0.5,1.0,1,Patching internal_tools to reduce attacker foothold and recover system integrity,False
easy,heuristic,full_crisis_episode,10,7,0.9525,0.7,0.5,0.8,0,Monitoring internal_tools to track attacker movement without disrupting uptime,False
easy,heuristic,full_crisis_episode,10,8,0.9508,0.8,0.5,0.9,1,Monitoring internal_tools to track attacker movement without disrupting uptime,False
easy,heuristic,full_crisis_episode,10,9,0.9102,0.8,0.3,1.0,0,Chose to isolate internal_tools despite conflicting stakeholder signals (Engineering may be compromised),False
easy,heuristic,full_crisis_episode,10,10,0.9085,0.8,0.4,1.0,3,Patching auth_server to reduce attacker foothold and recover system integrity,False
easy,heuristic,full_crisis_episode,10,11,0.9068,0.8,0.2,0.8,1,Patching internal_tools to reduce attacker foothold and recover system integrity,False
easy,heuristic,full_crisis_episode,10,12,0.9052,0.8,0.0,0.9,1,Patching internal_tools to reduce attacker foothold and recover system integrity,False
easy,heuristic,full_crisis_episode,10,13,0.9035,0.8,0.0,1.0,1,Patching internal_tools to reduce attacker foothold and recover system integrity,False
easy,heuristic,full_crisis_episode,10,14,0.9018,0.9,0.0,1.0,2,"Increased monitoring on internal_tools — threat level elevated, gathering evidence before committing to isolation",False
easy,heuristic,full_crisis_episode,10,15,0.9002,0.9,0.0,0.8,1,Patching internal_tools to reduce attacker foothold and recover system integrity,False
easy,heuristic,full_crisis_episode,10,16,0.8985,0.9,0.0,0.9,0,Patching internal_tools to reduce attacker foothold and recover system integrity,False
easy,heuristic,full_crisis_episode,10,17,0.8968,1.0,0.0,1.0,1,Monitoring internal_tools to track attacker movement without disrupting uptime,False
easy,heuristic,full_crisis_episode,10,18,0.8952,1.0,0.0,1.0,1,Patching internal_tools to reduce attacker foothold and recover system integrity,False
easy,heuristic,full_crisis_episode,10,19,0.8935,1.0,0.1,0.8,2,Patching internal_tools to reduce attacker foothold and recover system integrity,False
easy,heuristic,full_crisis_episode,10,20,0.8918,1.0,0.1,0.6,0,Monitoring internal_tools to track attacker movement without disrupting uptime,False
easy,heuristic,full_crisis_episode,11,1,0.9625,0.8,0.7,0.8,0,Monitoring internal_tools to track attacker movement without disrupting uptime,False
easy,heuristic,full_crisis_episode,11,2,0.9608,0.9,0.7,0.9,0,Monitoring api_gateway to track attacker movement without disrupting uptime,False
easy,heuristic,full_crisis_episode,11,3,0.9592,1.0,0.7,1.0,1,Monitoring api_gateway to track attacker movement without disrupting uptime,False
easy,heuristic,full_crisis_episode,11,4,0.9575,0.8,0.7,1.0,2,Monitoring api_gateway to track attacker movement without disrupting uptime,False
easy,heuristic,full_crisis_episode,11,5,0.9558,0.8,0.5,0.8,1,Patching api_gateway to reduce attacker foothold and recover system integrity,False
easy,heuristic,full_crisis_episode,11,6,0.9542,0.6,0.5,0.9,1,Monitoring api_gateway to track attacker movement without disrupting uptime,False
easy,heuristic,full_crisis_episode,11,7,0.9525,0.4,0.5,1.0,1,Monitoring api_gateway to track attacker movement without disrupting uptime,False
easy,heuristic,full_crisis_episode,11,8,0.9508,0.5,0.5,0.8,2,Monitoring internal_tools to track attacker movement without disrupting uptime,False
easy,heuristic,full_crisis_episode,11,9,0.9492,0.5,0.6,0.6,3,Patching api_gateway to reduce attacker foothold and recover system integrity,False
easy,heuristic,full_crisis_episode,11,10,0.9475,0.5,0.4,0.4,0,Patching api_gateway to reduce attacker foothold and recover system integrity,False
easy,heuristic,full_crisis_episode,11,11,0.9458,0.5,0.5,0.5,0,Patching api_gateway to reduce attacker foothold and recover system integrity,False
easy,heuristic,full_crisis_episode,11,12,0.9442,0.5,0.6,0.6,1,Patching api_gateway to reduce attacker foothold and recover system integrity,False
easy,heuristic,full_crisis_episode,11,13,0.9425,0.6,0.6,0.4,0,Monitoring api_gateway to track attacker movement without disrupting uptime,False
easy,heuristic,full_crisis_episode,11,14,0.9408,0.6,0.7,0.5,2,Patching api_gateway to reduce attacker foothold and recover system integrity,False
easy,heuristic,full_crisis_episode,11,15,0.9002,0.6,0.5,0.3,2,"Chose to isolate api_gateway despite conflicting stakeholder signals (Engineering, PR may be compromised)",False
easy,heuristic,full_crisis_episode,11,16,0.8985,0.6,0.3,0.4,0,Patching api_gateway to reduce attacker foothold and recover system integrity,False
easy,heuristic,full_crisis_episode,11,17,0.8968,0.6,0.4,0.5,1,Patching api_gateway to reduce attacker foothold and recover system integrity,False
easy,heuristic,full_crisis_episode,11,18,0.8952,0.6,0.5,0.3,1,Patching api_gateway to reduce attacker foothold and recover system integrity,False
easy,heuristic,full_crisis_episode,11,19,0.8935,0.4,0.5,0.4,1,Monitoring api_gateway to track attacker movement without disrupting uptime,False
easy,heuristic,full_crisis_episode,11,20,0.8918,0.4,0.6,0.2,1,Patching api_gateway to reduce attacker foothold and recover system integrity,False
easy,heuristic,full_crisis_episode,12,1,0.9625,0.8,0.7,0.8,0,Monitoring comms to track attacker movement without disrupting uptime,False
easy,heuristic,full_crisis_episode,12,2,0.9608,0.9,0.7,0.9,2,Monitoring api_gateway to track attacker movement without disrupting uptime,False
easy,heuristic,full_crisis_episode,12,3,0.9592,0.7,0.7,1.0,1,Monitoring auth_server to track attacker movement without disrupting uptime,False
easy,heuristic,full_crisis_episode,12,4,0.9575,0.7,0.8,1.0,0,Patching api_gateway to reduce attacker foothold and recover system integrity,False
easy,heuristic,full_crisis_episode,12,5,0.9558,0.8,0.8,1.0,2,Monitoring api_gateway to track attacker movement without disrupting uptime,False
easy,heuristic,full_crisis_episode,12,6,0.9152,0.8,0.9,0.8,1,"Chose to isolate api_gateway despite conflicting stakeholder signals (Finance, PR may be compromised)",False
easy,heuristic,full_crisis_episode,12,7,0.9135,0.9,0.9,0.9,2,Monitoring api_gateway to track attacker movement without disrupting uptime,False
easy,heuristic,full_crisis_episode,12,8,0.9118,0.9,1.0,0.7,1,Patching api_gateway to reduce attacker foothold and recover system integrity,False
easy,heuristic,full_crisis_episode,12,9,0.9102,0.9,1.0,0.5,1,Patching auth_server to reduce attacker foothold and recover system integrity,False
easy,heuristic,full_crisis_episode,12,10,0.9085,0.9,1.0,0.6,1,Patching internal_tools to reduce attacker foothold and recover system integrity,False
easy,heuristic,full_crisis_episode,12,11,0.9068,0.9,1.0,0.7,2,Patching internal_tools to reduce attacker foothold and recover system integrity,False
easy,heuristic,full_crisis_episode,12,12,0.9052,0.7,1.0,0.5,2,Monitoring internal_tools to track attacker movement without disrupting uptime,False
easy,heuristic,full_crisis_episode,12,13,0.9035,0.7,1.0,0.3,2,Patching internal_tools to reduce attacker foothold and recover system integrity,False
easy,heuristic,full_crisis_episode,12,14,0.9018,0.7,0.8,0.1,0,Patching internal_tools to reduce attacker foothold and recover system integrity,False
easy,heuristic,full_crisis_episode,12,15,0.9002,0.7,0.9,0.2,0,Patching auth_server to reduce attacker foothold and recover system integrity,False
easy,heuristic,full_crisis_episode,12,16,0.8985,0.7,1.0,0.3,1,Patching internal_tools to reduce attacker foothold and recover system integrity,False
easy,heuristic,full_crisis_episode,12,17,0.8968,0.7,1.0,0.4,0,Patching internal_tools to reduce attacker foothold and recover system integrity,False
easy,heuristic,full_crisis_episode,12,18,0.8952,0.8,1.0,0.5,0,Monitoring internal_tools to track attacker movement without disrupting uptime,False
easy,heuristic,full_crisis_episode,12,19,0.8935,0.8,1.0,0.6,2,Patching auth_server to reduce attacker foothold and recover system integrity,False
easy,heuristic,full_crisis_episode,12,20,0.8918,0.8,0.8,0.7,0,Patching internal_tools to reduce attacker foothold and recover system integrity,False
easy,heuristic,full_crisis_episode,13,1,0.9625,0.8,0.7,0.8,1,Monitoring api_gateway to track attacker movement without disrupting uptime,False
easy,heuristic,full_crisis_episode,13,2,0.9608,0.6,0.7,0.9,2,Monitoring api_gateway to track attacker movement without disrupting uptime,False
easy,heuristic,full_crisis_episode,13,3,0.9592,0.6,0.5,0.7,2,Patching internal_tools to reduce attacker foothold and recover system integrity,False
easy,heuristic,full_crisis_episode,13,4,0.9575,0.4,0.5,0.8,2,Monitoring api_gateway to track attacker movement without disrupting uptime,False
easy,heuristic,full_crisis_episode,13,5,0.9558,0.2,0.5,0.6,1,Monitoring auth_server to track attacker movement without disrupting uptime,False
easy,heuristic,full_crisis_episode,13,6,0.9542,0.0,0.5,0.7,2,Monitoring internal_tools to track attacker movement without disrupting uptime,False
easy,heuristic,full_crisis_episode,13,7,0.9525,0.0,0.3,0.5,1,Patching internal_tools to reduce attacker foothold and recover system integrity,False
easy,heuristic,full_crisis_episode,13,8,0.9508,0.0,0.4,0.6,0,Patching internal_tools to reduce attacker foothold and recover system integrity,False
easy,heuristic,full_crisis_episode,13,9,0.9492,0.0,0.5,0.7,1,Patching internal_tools to reduce attacker foothold and recover system integrity,False
easy,heuristic,full_crisis_episode,13,10,0.9475,0.0,0.6,0.5,0,Patching internal_tools to reduce attacker foothold and recover system integrity,False
easy,heuristic,full_crisis_episode,13,11,0.9458,0.1,0.6,0.6,0,"Increased monitoring on internal_tools — threat level elevated, gathering evidence before committing to isolation",False
easy,heuristic,full_crisis_episode,13,12,0.9442,0.1,0.7,0.7,2,Patching internal_tools to reduce attacker foothold and recover system integrity,False
easy,heuristic,full_crisis_episode,13,13,0.9425,0.1,0.5,0.5,0,Patching internal_tools to reduce attacker foothold and recover system integrity,False
easy,heuristic,full_crisis_episode,13,14,0.9408,0.1,0.6,0.6,0,Patching internal_tools to reduce attacker foothold and recover system integrity,False
easy,heuristic,full_crisis_episode,13,15,0.9392,0.1,0.7,0.7,1,Patching internal_tools to reduce attacker foothold and recover system integrity,False
easy,heuristic,full_crisis_episode,13,16,0.9375,0.1,0.8,0.8,2,Patching internal_tools to reduce attacker foothold and recover system integrity,False
easy,heuristic,full_crisis_episode,13,17,0.8968,0.1,0.6,0.9,1,"Chose to isolate internal_tools despite conflicting stakeholder signals (Finance, Engineering may be compromised)",False
easy,heuristic,full_crisis_episode,13,18,0.8952,0.1,0.7,1.0,1,Patching internal_tools to reduce attacker foothold and recover system integrity,False
easy,heuristic,full_crisis_episode,13,19,0.8935,0.1,0.5,1.0,3,Patching internal_tools to reduce attacker foothold and recover system integrity,False
easy,heuristic,full_crisis_episode,13,20,0.8918,0.0,0.5,0.8,1,Monitoring internal_tools to track attacker movement without disrupting uptime,False
easy,heuristic,full_crisis_episode,14,1,0.9625,0.8,0.7,0.8,1,Monitoring comms to track attacker movement without disrupting uptime,False
easy,heuristic,full_crisis_episode,14,2,0.9608,0.8,0.8,0.9,2,Patching api_gateway to reduce attacker foothold and recover system integrity,False
easy,heuristic,full_crisis_episode,14,3,0.9592,0.9,0.8,0.7,1,Monitoring api_gateway to track attacker movement without disrupting uptime,False
easy,heuristic,full_crisis_episode,14,4,0.9575,1.0,0.8,0.5,0,Monitoring api_gateway to track attacker movement without disrupting uptime,False
easy,heuristic,full_crisis_episode,14,5,0.9558,1.0,0.8,0.6,2,Monitoring api_gateway to track attacker movement without disrupting uptime,False
easy,heuristic,full_crisis_episode,14,6,0.9542,1.0,0.6,0.7,1,Patching api_gateway to reduce attacker foothold and recover system integrity,False
easy,heuristic,full_crisis_episode,14,7,0.9525,1.0,0.4,0.8,1,Patching api_gateway to reduce attacker foothold and recover system integrity,False
easy,heuristic,full_crisis_episode,14,8,0.9508,1.0,0.2,0.9,1,Patching internal_tools to reduce attacker foothold and recover system integrity,False
easy,heuristic,full_crisis_episode,14,9,0.9102,1.0,0.0,1.0,3,Chose to isolate api_gateway despite conflicting stakeholder signals (Engineering may be compromised),False
easy,heuristic,full_crisis_episode,14,10,0.9085,0.8,0.0,0.8,1,Monitoring api_gateway to track attacker movement without disrupting uptime,False
easy,heuristic,full_crisis_episode,14,11,0.9068,0.8,0.1,0.9,0,Patching api_gateway to reduce attacker foothold and recover system integrity,False
easy,heuristic,full_crisis_episode,14,12,0.9052,0.8,0.2,1.0,1,Patching api_gateway to reduce attacker foothold and recover system integrity,False
easy,heuristic,full_crisis_episode,14,13,0.9035,0.8,0.3,0.8,1,Patching api_gateway to reduce attacker foothold and recover system integrity,False
easy,heuristic,full_crisis_episode,14,14,0.9018,0.8,0.4,0.6,1,Patching api_gateway to reduce attacker foothold and recover system integrity,False
easy,heuristic,full_crisis_episode,14,15,0.9002,0.8,0.5,0.7,2,Patching api_gateway to reduce attacker foothold and recover system integrity,False
easy,heuristic,full_crisis_episode,14,16,0.8985,0.6,0.5,0.5,1,Monitoring api_gateway to track attacker movement without disrupting uptime,False
easy,heuristic,full_crisis_episode,14,17,0.8968,0.6,0.6,0.3,2,Patching api_gateway to reduce attacker foothold and recover system integrity,False
easy,heuristic,full_crisis_episode,14,18,0.8952,0.6,0.4,0.1,2,Patching api_gateway to reduce attacker foothold and recover system integrity,False
easy,heuristic,full_crisis_episode,14,19,0.8935,0.4,0.4,0.0,1,Monitoring api_gateway to track attacker movement without disrupting uptime,False
easy,heuristic,full_crisis_episode,14,20,0.8918,0.4,0.2,0.1,0,Chose to isolate api_gateway despite conflicting stakeholder signals (Engineering may be compromised),False
easy,heuristic,full_crisis_episode,15,1,0.9625,0.8,0.7,0.8,1,Monitoring api_gateway to track attacker movement without disrupting uptime,False
easy,heuristic,full_crisis_episode,15,2,0.9608,0.9,0.7,0.9,2,Monitoring api_gateway to track attacker movement without disrupting uptime,False
easy,heuristic,full_crisis_episode,15,3,0.9202,0.9,0.8,0.7,0,"Chose to isolate api_gateway despite conflicting stakeholder signals (Finance, PR may be compromised)",False
easy,heuristic,full_crisis_episode,15,4,0.9185,1.0,0.8,0.8,2,Monitoring api_gateway to track attacker movement without disrupting uptime,False
easy,heuristic,full_crisis_episode,15,5,0.9168,1.0,0.6,0.6,2,Patching internal_tools to reduce attacker foothold and recover system integrity,False
easy,heuristic,full_crisis_episode,15,6,0.9152,1.0,0.4,0.4,1,Patching api_gateway to reduce attacker foothold and recover system integrity,False
easy,heuristic,full_crisis_episode,15,7,0.9135,1.0,0.5,0.5,1,Patching api_gateway to reduce attacker foothold and recover system integrity,False
easy,heuristic,full_crisis_episode,15,8,0.9118,1.0,0.3,0.6,1,Patching api_gateway to reduce attacker foothold and recover system integrity,False
easy,heuristic,full_crisis_episode,15,9,0.9102,1.0,0.3,0.7,1,Monitoring api_gateway to track attacker movement without disrupting uptime,False
easy,heuristic,full_crisis_episode,15,10,0.9085,1.0,0.1,0.8,0,Patching api_gateway to reduce attacker foothold and recover system integrity,False
easy,heuristic,full_crisis_episode,15,11,0.9068,1.0,0.2,0.9,0,Patching api_gateway to reduce attacker foothold and recover system integrity,False
easy,heuristic,full_crisis_episode,15,12,0.9052,1.0,0.3,1.0,0,Patching database to reduce attacker foothold and recover system integrity,False
easy,heuristic,full_crisis_episode,15,13,0.9035,1.0,0.4,1.0,3,Patching api_gateway to reduce attacker foothold and recover system integrity,False
easy,heuristic,full_crisis_episode,15,14,0.9018,1.0,0.2,0.8,0,Patching api_gateway to reduce attacker foothold and recover system integrity,False
easy,heuristic,full_crisis_episode,15,15,0.9002,1.0,0.2,0.9,1,Monitoring api_gateway to track attacker movement without disrupting uptime,False
easy,heuristic,full_crisis_episode,15,16,0.8985,1.0,0.3,1.0,3,Patching api_gateway to reduce attacker foothold and recover system integrity,False
easy,heuristic,full_crisis_episode,15,17,0.8968,1.0,0.1,0.8,0,Patching api_gateway to reduce attacker foothold and recover system integrity,False
easy,heuristic,full_crisis_episode,15,18,0.8952,1.0,0.1,0.9,1,Monitoring api_gateway to track attacker movement without disrupting uptime,False
easy,heuristic,full_crisis_episode,15,19,0.8935,1.0,0.1,0.7,1,Monitoring database to track attacker movement without disrupting uptime,False
easy,heuristic,full_crisis_episode,15,20,0.8918,1.0,0.1,0.5,2,Monitoring api_gateway to track attacker movement without disrupting uptime,False
easy,heuristic,full_crisis_episode,16,1,0.9625,0.8,0.7,0.8,0,Monitoring internal_tools to track attacker movement without disrupting uptime,False
easy,heuristic,full_crisis_episode,16,2,0.9608,0.9,0.7,0.9,0,Monitoring api_gateway to track attacker movement without disrupting uptime,False
easy,heuristic,full_crisis_episode,16,3,0.9592,1.0,0.7,1.0,2,Monitoring api_gateway to track attacker movement without disrupting uptime,False
easy,heuristic,full_crisis_episode,16,4,0.9575,1.0,0.8,0.8,3,Patching auth_server to reduce attacker foothold and recover system integrity,False
easy,heuristic,full_crisis_episode,16,5,0.9558,1.0,0.6,0.6,1,Patching internal_tools to reduce attacker foothold and recover system integrity,False
easy,heuristic,full_crisis_episode,16,6,0.9542,1.0,0.4,0.7,1,Patching internal_tools to reduce attacker foothold and recover system integrity,False
easy,heuristic,full_crisis_episode,16,7,0.9525,1.0,0.2,0.8,1,Patching internal_tools to reduce attacker foothold and recover system integrity,False
easy,heuristic,full_crisis_episode,16,8,0.9118,1.0,0.3,0.6,1,Chose to isolate internal_tools despite conflicting stakeholder signals (PR may be compromised),False
easy,heuristic,full_crisis_episode,16,9,0.9102,1.0,0.4,0.4,3,Patching internal_tools to reduce attacker foothold and recover system integrity,False
easy,heuristic,full_crisis_episode,16,10,0.9085,1.0,0.2,0.2,1,Patching api_gateway to reduce attacker foothold and recover system integrity,False
easy,heuristic,full_crisis_episode,16,11,0.9068,1.0,0.0,0.3,1,Patching internal_tools to reduce attacker foothold and recover system integrity,False
easy,heuristic,full_crisis_episode,16,12,0.9052,1.0,0.1,0.1,1,Patching internal_tools to reduce attacker foothold and recover system integrity,False
easy,heuristic,full_crisis_episode,16,13,0.9035,1.0,0.2,0.2,1,Patching internal_tools to reduce attacker foothold and recover system integrity,False
easy,heuristic,full_crisis_episode,16,14,0.9018,1.0,0.2,0.0,2,Monitoring internal_tools to track attacker movement without disrupting uptime,False
easy,heuristic,full_crisis_episode,16,15,0.9002,1.0,0.0,0.1,1,Patching internal_tools to reduce attacker foothold and recover system integrity,False
easy,heuristic,full_crisis_episode,16,16,0.8985,1.0,0.1,0.2,1,Patching database to reduce attacker foothold and recover system integrity,False
easy,heuristic,full_crisis_episode,16,17,0.8968,0.8,0.1,0.3,0,Monitoring internal_tools to track attacker movement without disrupting uptime,False
easy,heuristic,full_crisis_episode,16,18,0.8952,0.9,0.1,0.4,0,Monitoring internal_tools to track attacker movement without disrupting uptime,False
easy,heuristic,full_crisis_episode,16,19,0.8935,1.0,0.1,0.5,3,Monitoring internal_tools to track attacker movement without disrupting uptime,False
easy,heuristic,full_crisis_episode,16,20,0.8918,0.8,0.1,0.3,0,Monitoring internal_tools to track attacker movement without disrupting uptime,False
easy,heuristic,full_crisis_episode,17,1,0.9625,0.8,0.7,0.8,0,Monitoring comms to track attacker movement without disrupting uptime,False
easy,heuristic,full_crisis_episode,17,2,0.9608,0.9,0.7,0.9,1,Monitoring api_gateway to track attacker movement without disrupting uptime,False
easy,heuristic,full_crisis_episode,17,3,0.9592,0.9,0.8,1.0,2,Patching api_gateway to reduce attacker foothold and recover system integrity,False
easy,heuristic,full_crisis_episode,17,4,0.9575,0.9,0.6,0.8,1,Patching database to reduce attacker foothold and recover system integrity,False
easy,heuristic,full_crisis_episode,17,5,0.9558,0.9,0.7,0.6,1,Patching api_gateway to reduce attacker foothold and recover system integrity,False
easy,heuristic,full_crisis_episode,17,6,0.9542,0.9,0.5,0.7,0,Patching api_gateway to reduce attacker foothold and recover system integrity,False
easy,heuristic,full_crisis_episode,17,7,0.9525,1.0,0.5,0.8,1,Monitoring api_gateway to track attacker movement without disrupting uptime,False
easy,heuristic,full_crisis_episode,17,8,0.9508,1.0,0.6,0.9,1,Patching api_gateway to reduce attacker foothold and recover system integrity,False
easy,heuristic,full_crisis_episode,17,9,0.9492,1.0,0.7,1.0,1,Patching internal_tools to reduce attacker foothold and recover system integrity,False
easy,heuristic,full_crisis_episode,17,10,0.9475,1.0,0.5,1.0,1,Patching internal_tools to reduce attacker foothold and recover system integrity,False
easy,heuristic,full_crisis_episode,17,11,0.9458,1.0,0.6,0.8,1,Patching internal_tools to reduce attacker foothold and recover system integrity,False
easy,heuristic,full_crisis_episode,17,12,0.9442,1.0,0.7,0.9,1,Patching internal_tools to reduce attacker foothold and recover system integrity,False
easy,heuristic,full_crisis_episode,17,13,0.9425,1.0,0.7,1.0,1,Monitoring internal_tools to track attacker movement without disrupting uptime,False
easy,heuristic,full_crisis_episode,17,14,0.9408,1.0,0.8,0.8,1,Patching internal_tools to reduce attacker foothold and recover system integrity,False
easy,heuristic,full_crisis_episode,17,15,0.9392,1.0,0.6,0.9,0,Patching internal_tools to reduce attacker foothold and recover system integrity,False
easy,heuristic,full_crisis_episode,17,16,0.9375,1.0,0.6,1.0,1,Monitoring internal_tools to track attacker movement without disrupting uptime,False
easy,heuristic,full_crisis_episode,17,17,0.9358,1.0,0.6,0.8,0,Monitoring comms to track attacker movement without disrupting uptime,False
easy,heuristic,full_crisis_episode,17,18,0.9342,1.0,0.6,0.9,1,Monitoring internal_tools to track attacker movement without disrupting uptime,False
easy,heuristic,full_crisis_episode,17,19,0.9325,1.0,0.6,1.0,1,"Increased monitoring on internal_tools — threat level elevated, gathering evidence before committing to isolation",False
easy,heuristic,full_crisis_episode,17,20,0.9308,0.8,0.6,1.0,1,"Increased monitoring on auth_server — threat level elevated, gathering evidence before committing to isolation",False
easy,heuristic,full_crisis_episode,18,1,0.9625,0.8,0.7,0.8,2,Monitoring auth_server to track attacker movement without disrupting uptime,False
easy,heuristic,full_crisis_episode,18,2,0.9608,0.8,0.8,0.6,1,Patching internal_tools to reduce attacker foothold and recover system integrity,False
easy,heuristic,full_crisis_episode,18,3,0.9592,0.8,0.9,0.7,1,Patching api_gateway to reduce attacker foothold and recover system integrity,False
easy,heuristic,full_crisis_episode,18,4,0.9575,0.8,1.0,0.5,2,Patching internal_tools to reduce attacker foothold and recover system integrity,False
easy,heuristic,full_crisis_episode,18,5,0.9168,0.8,1.0,0.3,0,"Chose to isolate internal_tools despite conflicting stakeholder signals (Finance, PR may be compromised)",False
easy,heuristic,full_crisis_episode,18,6,0.9152,0.9,1.0,0.4,2,Monitoring internal_tools to track attacker movement without disrupting uptime,False
easy,heuristic,full_crisis_episode,18,7,0.9135,0.9,0.8,0.2,1,Patching internal_tools to reduce attacker foothold and recover system integrity,False
easy,heuristic,full_crisis_episode,18,8,0.9118,0.9,0.9,0.0,0,Patching internal_tools to reduce attacker foothold and recover system integrity,False
easy,heuristic,full_crisis_episode,18,9,0.9102,0.9,1.0,0.1,3,Patching internal_tools to reduce attacker foothold and recover system integrity,False
easy,heuristic,full_crisis_episode,18,10,0.9085,0.9,0.8,0.0,1,Patching internal_tools to reduce attacker foothold and recover system integrity,False
easy,heuristic,full_crisis_episode,18,11,0.9068,0.9,0.6,0.1,0,Patching internal_tools to reduce attacker foothold and recover system integrity,False
easy,heuristic,full_crisis_episode,18,12,0.9052,1.0,0.6,0.2,1,Monitoring internal_tools to track attacker movement without disrupting uptime,False
easy,heuristic,full_crisis_episode,18,13,0.9035,1.0,0.7,0.0,1,Patching internal_tools to reduce attacker foothold and recover system integrity,False
easy,heuristic,full_crisis_episode,18,14,0.9018,1.0,0.8,0.1,1,Patching auth_server to reduce attacker foothold and recover system integrity,False
easy,heuristic,full_crisis_episode,18,15,0.9002,0.8,0.8,0.2,2,Monitoring internal_tools to track attacker movement without disrupting uptime,False
easy,heuristic,full_crisis_episode,18,16,0.8985,0.6,0.8,0.3,0,Monitoring internal_tools to track attacker movement without disrupting uptime,False
easy,heuristic,full_crisis_episode,18,17,0.8968,0.7,0.8,0.4,1,Monitoring internal_tools to track attacker movement without disrupting uptime,False
easy,heuristic,full_crisis_episode,18,18,0.8952,0.5,0.8,0.5,1,Monitoring internal_tools to track attacker movement without disrupting uptime,False
easy,heuristic,full_crisis_episode,18,19,0.8935,0.6,0.8,0.6,1,Monitoring internal_tools to track attacker movement without disrupting uptime,False
easy,heuristic,full_crisis_episode,18,20,0.8918,0.7,0.8,0.4,3,Monitoring internal_tools to track attacker movement without disrupting uptime,False
easy,heuristic,full_crisis_episode,19,1,0.9625,0.8,0.7,0.8,0,Monitoring comms to track attacker movement without disrupting uptime,False
easy,heuristic,full_crisis_episode,19,2,0.9608,0.8,0.8,0.9,0,Patching api_gateway to reduce attacker foothold and recover system integrity,False
easy,heuristic,full_crisis_episode,19,3,0.9592,0.8,0.9,1.0,3,Patching api_gateway to reduce attacker foothold and recover system integrity,False
easy,heuristic,full_crisis_episode,19,4,0.9575,0.8,0.7,0.8,3,Patching auth_server to reduce attacker foothold and recover system integrity,False
easy,heuristic,full_crisis_episode,19,5,0.9558,0.6,0.7,0.6,3,Monitoring api_gateway to track attacker movement without disrupting uptime,False
easy,heuristic,full_crisis_episode,19,6,0.9542,0.6,0.5,0.4,2,Patching api_gateway to reduce attacker foothold and recover system integrity,False
easy,heuristic,full_crisis_episode,19,7,0.9525,0.6,0.3,0.2,1,Patching internal_tools to reduce attacker foothold and recover system integrity,False
easy,heuristic,full_crisis_episode,19,8,0.9508,0.6,0.4,0.3,0,Patching internal_tools to reduce attacker foothold and recover system integrity,False
easy,heuristic,full_crisis_episode,19,9,0.9492,0.6,0.5,0.4,1,Patching internal_tools to reduce attacker foothold and recover system integrity,False
easy,heuristic,full_crisis_episode,19,10,0.9475,0.4,0.5,0.5,1,Monitoring internal_tools to track attacker movement without disrupting uptime,False
easy,heuristic,full_crisis_episode,19,11,0.9068,0.4,0.6,0.3,0,Chose to isolate internal_tools despite conflicting stakeholder signals (PR may be compromised),False
easy,heuristic,full_crisis_episode,19,12,0.9052,0.4,0.7,0.4,1,Patching internal_tools to reduce attacker foothold and recover system integrity,False
easy,heuristic,full_crisis_episode,19,13,0.9035,0.4,0.5,0.5,0,Patching internal_tools to reduce attacker foothold and recover system integrity,False
easy,heuristic,full_crisis_episode,19,14,0.9018,0.5,0.5,0.6,2,Monitoring internal_tools to track attacker movement without disrupting uptime,False
easy,heuristic,full_crisis_episode,19,15,0.9002,0.3,0.5,0.4,1,Monitoring internal_tools to track attacker movement without disrupting uptime,False
easy,heuristic,full_crisis_episode,19,16,0.8985,0.4,0.5,0.5,1,Monitoring database to track attacker movement without disrupting uptime,False
easy,heuristic,full_crisis_episode,19,17,0.8968,0.5,0.5,0.6,0,Monitoring internal_tools to track attacker movement without disrupting uptime,False
easy,heuristic,full_crisis_episode,19,18,0.8952,0.6,0.5,0.7,1,Monitoring internal_tools to track attacker movement without disrupting uptime,False
easy,heuristic,full_crisis_episode,19,19,0.8935,0.7,0.5,0.5,2,Monitoring internal_tools to track attacker movement without disrupting uptime,False
easy,heuristic,full_crisis_episode,19,20,0.8918,0.7,0.6,0.3,2,Patching internal_tools to reduce attacker foothold and recover system integrity,False
easy,heuristic,full_crisis_episode,20,1,0.9625,0.8,0.7,0.8,0,Monitoring api_gateway to track attacker movement without disrupting uptime,False
easy,heuristic,full_crisis_episode,20,2,0.9608,0.8,0.8,0.9,1,Patching api_gateway to reduce attacker foothold and recover system integrity,False
easy,heuristic,full_crisis_episode,20,3,0.9592,0.8,0.6,1.0,0,Patching api_gateway to reduce attacker foothold and recover system integrity,False
easy,heuristic,full_crisis_episode,20,4,0.9575,0.9,0.6,1.0,1,Monitoring api_gateway to track attacker movement without disrupting uptime,False
easy,heuristic,full_crisis_episode,20,5,0.9558,0.9,0.7,1.0,2,Patching api_gateway to reduce attacker foothold and recover system integrity,False
easy,heuristic,full_crisis_episode,20,6,0.9542,0.9,0.5,1.0,2,Patching api_gateway to reduce attacker foothold and recover system integrity,False
easy,heuristic,full_crisis_episode,20,7,0.9525,0.9,0.3,0.8,1,Patching api_gateway to reduce attacker foothold and recover system integrity,False
easy,heuristic,full_crisis_episode,20,8,0.9508,0.9,0.1,0.9,0,Patching api_gateway to reduce attacker foothold and recover system integrity,False
easy,heuristic,full_crisis_episode,20,9,0.9492,0.9,0.2,1.0,2,Patching api_gateway to reduce attacker foothold and recover system integrity,False
easy,heuristic,full_crisis_episode,20,10,0.9475,0.7,0.2,0.8,2,Monitoring api_gateway to track attacker movement without disrupting uptime,False
easy,heuristic,full_crisis_episode,20,11,0.9458,0.7,0.0,0.9,2,Patching internal_tools to reduce attacker foothold and recover system integrity,False
easy,heuristic,full_crisis_episode,20,12,0.9442,0.7,0.1,0.7,2,Patching api_gateway to reduce attacker foothold and recover system integrity,False
easy,heuristic,full_crisis_episode,20,13,0.9425,0.5,0.1,0.8,2,Monitoring api_gateway to track attacker movement without disrupting uptime,False
easy,heuristic,full_crisis_episode,20,14,0.9408,0.6,0.1,0.6,2,Monitoring api_gateway to track attacker movement without disrupting uptime,False
easy,heuristic,full_crisis_episode,20,15,0.9392,0.4,0.1,0.4,1,Monitoring api_gateway to track attacker movement without disrupting uptime,False
easy,heuristic,full_crisis_episode,20,16,0.9375,0.2,0.1,0.5,1,Monitoring api_gateway to track attacker movement without disrupting uptime,False
easy,heuristic,full_crisis_episode,20,17,0.9358,0.3,0.1,0.6,1,"Increased monitoring on internal_tools — threat level elevated, gathering evidence before committing to isolation",False
easy,heuristic,full_crisis_episode,20,18,0.9342,0.4,0.1,0.4,0,"Increased monitoring on internal_tools — threat level elevated, gathering evidence before committing to isolation",False
easy,heuristic,full_crisis_episode,20,19,0.9325,0.4,0.2,0.5,1,Patching internal_tools to reduce attacker foothold and recover system integrity,False
easy,heuristic,full_crisis_episode,20,20,0.9308,0.5,0.2,0.3,1,"Increased monitoring on auth_server — threat level elevated, gathering evidence before committing to isolation",False
easy,trained,alert_triage,1,1,0.5,0.7,0.7,0.7,0,,True
easy,trained,alert_triage,2,1,0.5,0.7,0.7,0.7,0,,True
easy,trained,alert_triage,3,1,0.6,0.7,0.7,0.7,0,,True
easy,trained,alert_triage,4,1,0.8,0.7,0.7,0.7,0,,True
easy,trained,alert_triage,5,1,0.8,0.7,0.7,0.7,0,,True
easy,trained,alert_triage,6,1,0.6364,0.7,0.7,0.7,0,,True
easy,trained,alert_triage,7,1,0.5,0.7,0.7,0.7,0,,True
easy,trained,alert_triage,8,1,0.4,0.7,0.7,0.7,0,,True
easy,trained,alert_triage,9,1,0.5455,0.7,0.7,0.7,0,,True
easy,trained,alert_triage,10,1,0.8,0.7,0.7,0.7,0,,True
easy,trained,alert_triage,11,1,0.6364,0.7,0.7,0.7,0,,True
easy,trained,alert_triage,12,1,0.5,0.7,0.7,0.7,0,,True
easy,trained,alert_triage,13,1,0.7,0.7,0.7,0.7,0,,True
easy,trained,alert_triage,14,1,0.6,0.7,0.7,0.7,0,,True
easy,trained,alert_triage,15,1,0.7,0.7,0.7,0.7,0,,True
easy,trained,alert_triage,16,1,0.6,0.7,0.7,0.7,0,,True
easy,trained,alert_triage,17,1,0.6364,0.7,0.7,0.7,0,,True
easy,trained,alert_triage,18,1,0.6,0.7,0.7,0.7,0,,True
easy,trained,alert_triage,19,1,0.7,0.7,0.7,0.7,0,,True
easy,trained,alert_triage,20,1,0.7273,0.7,0.7,0.7,0,,True
easy,trained,stakeholder_argument,1,1,0.65,0.7,0.7,0.7,0,,False
easy,trained,stakeholder_argument,1,2,0.8,0.7,0.7,0.7,0,,True
easy,trained,stakeholder_argument,2,1,0.65,0.7,0.7,0.7,0,,False
easy,trained,stakeholder_argument,2,2,0.8,0.7,0.7,0.7,0,,True
easy,trained,stakeholder_argument,3,1,0.65,0.7,0.7,0.7,0,,False
easy,trained,stakeholder_argument,3,2,0.3,0.7,0.7,0.7,0,,True
easy,trained,stakeholder_argument,4,1,0.65,0.7,0.7,0.7,0,,False
easy,trained,stakeholder_argument,4,2,0.8,0.7,0.7,0.7,0,,True
easy,trained,stakeholder_argument,5,1,0.65,0.7,0.7,0.7,0,,False
easy,trained,stakeholder_argument,5,2,0.8,0.7,0.7,0.7,0,,True
easy,trained,stakeholder_argument,6,1,0.65,0.7,0.7,0.7,0,,False
easy,trained,stakeholder_argument,6,2,0.8,0.7,0.7,0.7,0,,True
easy,trained,stakeholder_argument,7,1,0.65,0.7,0.7,0.7,0,,False
easy,trained,stakeholder_argument,7,2,0.3,0.7,0.7,0.7,0,,True
easy,trained,stakeholder_argument,8,1,0.65,0.7,0.7,0.7,0,,False
easy,trained,stakeholder_argument,8,2,0.8,0.7,0.7,0.7,0,,True
easy,trained,stakeholder_argument,9,1,0.65,0.7,0.7,0.7,0,,False
easy,trained,stakeholder_argument,9,2,0.8,0.7,0.7,0.7,0,,True
easy,trained,stakeholder_argument,10,1,0.65,0.7,0.7,0.7,0,,False
easy,trained,stakeholder_argument,10,2,0.3,0.7,0.7,0.7,0,,True
easy,trained,stakeholder_argument,11,1,0.65,0.7,0.7,0.7,0,,False
easy,trained,stakeholder_argument,11,2,0.3,0.7,0.7,0.7,0,,True
easy,trained,stakeholder_argument,12,1,0.65,0.7,0.7,0.7,0,,False
easy,trained,stakeholder_argument,12,2,0.3,0.7,0.7,0.7,0,,True
easy,trained,stakeholder_argument,13,1,0.65,0.7,0.7,0.7,0,,False
easy,trained,stakeholder_argument,13,2,0.3,0.7,0.7,0.7,0,,True
easy,trained,stakeholder_argument,14,1,0.65,0.7,0.7,0.7,0,,False
easy,trained,stakeholder_argument,14,2,0.3,0.7,0.7,0.7,0,,True
easy,trained,stakeholder_argument,15,1,0.65,0.7,0.7,0.7,0,,False
easy,trained,stakeholder_argument,15,2,0.3,0.7,0.7,0.7,0,,True
easy,trained,stakeholder_argument,16,1,0.65,0.7,0.7,0.7,0,,False
easy,trained,stakeholder_argument,16,2,0.3,0.7,0.7,0.7,0,,True
easy,trained,stakeholder_argument,17,1,0.65,0.7,0.7,0.7,0,,False
easy,trained,stakeholder_argument,17,2,0.3,0.7,0.7,0.7,0,,True
easy,trained,stakeholder_argument,18,1,0.65,0.7,0.7,0.7,0,,False
easy,trained,stakeholder_argument,18,2,0.3,0.7,0.7,0.7,0,,True
easy,trained,stakeholder_argument,19,1,0.65,0.7,0.7,0.7,0,,False
easy,trained,stakeholder_argument,19,2,0.8,0.7,0.7,0.7,0,,True
easy,trained,stakeholder_argument,20,1,0.65,0.7,0.7,0.7,0,,False
easy,trained,stakeholder_argument,20,2,0.8,0.7,0.7,0.7,0,,True
easy,trained,full_crisis_episode,1,1,0.9625,0.7,0.8,0.8,1,Patching api_gateway to reduce attacker foothold and recover system integrity,False
easy,trained,full_crisis_episode,1,2,0.9608,0.5,0.8,0.9,1,Monitoring api_gateway to track attacker movement without disrupting uptime,False
easy,trained,full_crisis_episode,1,3,0.9592,0.3,0.8,1.0,1,Monitoring api_gateway to track attacker movement without disrupting uptime,False
easy,trained,full_crisis_episode,1,4,0.9575,0.4,0.8,0.8,1,Monitoring internal_tools to track attacker movement without disrupting uptime,False
easy,trained,full_crisis_episode,1,5,0.9558,0.2,0.8,0.9,1,Monitoring internal_tools to track attacker movement without disrupting uptime,False
easy,trained,full_crisis_episode,1,6,0.9542,0.3,0.8,1.0,1,Monitoring internal_tools to track attacker movement without disrupting uptime,False
easy,trained,full_crisis_episode,1,7,0.9525,0.4,0.8,1.0,2,Monitoring internal_tools to track attacker movement without disrupting uptime,False
easy,trained,full_crisis_episode,1,8,0.9508,0.5,0.8,0.8,0,Monitoring internal_tools to track attacker movement without disrupting uptime,False
easy,trained,full_crisis_episode,1,9,0.9492,0.6,0.8,0.9,2,"Increased monitoring on internal_tools — threat level elevated, gathering evidence before committing to isolation",False
easy,trained,full_crisis_episode,1,10,0.9475,0.4,0.8,0.7,1,"Increased monitoring on internal_tools — threat level elevated, gathering evidence before committing to isolation",False
easy,trained,full_crisis_episode,1,11,0.9458,0.2,0.8,0.8,3,"Increased monitoring on internal_tools — threat level elevated, gathering evidence before committing to isolation",False
easy,trained,full_crisis_episode,1,12,0.9442,0.0,0.8,0.6,2,"Increased monitoring on internal_tools — threat level elevated, gathering evidence before committing to isolation",False
easy,trained,full_crisis_episode,1,13,0.9425,0.1,0.8,0.4,0,"Increased monitoring on internal_tools — threat level elevated, gathering evidence before committing to isolation",False
easy,trained,full_crisis_episode,1,14,0.9408,0.2,0.8,0.5,1,"Increased monitoring on internal_tools — threat level elevated, gathering evidence before committing to isolation",False
easy,trained,full_crisis_episode,1,15,0.9392,0.0,0.8,0.6,2,"Increased monitoring on auth_server — threat level elevated, gathering evidence before committing to isolation",False
easy,trained,full_crisis_episode,1,16,0.9375,0.0,0.8,0.7,0,"Increased monitoring on auth_server — threat level elevated, gathering evidence before committing to isolation",False
easy,trained,full_crisis_episode,1,17,0.9358,0.1,0.8,0.8,1,"Increased monitoring on auth_server — threat level elevated, gathering evidence before committing to isolation",False
easy,trained,full_crisis_episode,1,18,0.9342,0.2,0.8,0.6,0,"Increased monitoring on auth_server — threat level elevated, gathering evidence before committing to isolation",False
easy,trained,full_crisis_episode,1,19,0.92,0.2,0.9,0.7,1,Chose to isolate auth_server due to high severity alerts and engineering alignment,False
easy,trained,full_crisis_episode,1,20,0.9308,0.3,0.9,0.7,1,Sending situational update to maintain stakeholder alignment,False
easy,trained,full_crisis_episode,2,1,0.9625,0.8,0.7,0.8,1,Monitoring internal_tools to track attacker movement without disrupting uptime,False
easy,trained,full_crisis_episode,2,2,0.9218,0.8,0.8,0.6,1,Chose to isolate api_gateway despite conflicting stakeholder signals (PR may be compromised),False
easy,trained,full_crisis_episode,2,3,0.9202,0.8,0.9,0.7,1,Patching api_gateway to reduce attacker foothold and recover system integrity,False
easy,trained,full_crisis_episode,2,4,0.9185,0.9,0.9,0.8,1,Monitoring api_gateway to track attacker movement without disrupting uptime,False
easy,trained,full_crisis_episode,2,5,0.9168,1.0,0.9,0.6,0,Monitoring api_gateway to track attacker movement without disrupting uptime,False
easy,trained,full_crisis_episode,2,6,0.9152,1.0,1.0,0.7,0,Patching api_gateway to reduce attacker foothold and recover system integrity,False
easy,trained,full_crisis_episode,2,7,0.9135,1.0,1.0,0.8,2,Monitoring database to track attacker movement without disrupting uptime,False
easy,trained,full_crisis_episode,2,8,0.9118,1.0,0.8,0.6,2,Patching api_gateway to reduce attacker foothold and recover system integrity,False
easy,trained,full_crisis_episode,2,9,0.9102,1.0,0.9,0.4,0,Patching api_gateway to reduce attacker foothold and recover system integrity,False
easy,trained,full_crisis_episode,2,10,0.9085,1.0,1.0,0.5,2,Patching api_gateway to reduce attacker foothold and recover system integrity,False
easy,trained,full_crisis_episode,2,11,0.9068,1.0,1.0,0.3,2,Monitoring api_gateway to track attacker movement without disrupting uptime,False
easy,trained,full_crisis_episode,2,12,0.9052,1.0,0.8,0.4,1,Patching api_gateway to reduce attacker foothold and recover system integrity,False
easy,trained,full_crisis_episode,2,13,0.9035,1.0,0.9,0.2,0,Patching api_gateway to reduce attacker foothold and recover system integrity,False
easy,trained,full_crisis_episode,2,14,0.9018,1.0,1.0,0.3,0,Patching api_gateway to reduce attacker foothold and recover system integrity,False
easy,trained,full_crisis_episode,2,15,0.9002,1.0,1.0,0.4,0,Patching api_gateway to reduce attacker foothold and recover system integrity,False
easy,trained,full_crisis_episode,2,16,0.8985,1.0,1.0,0.5,1,Monitoring api_gateway to track attacker movement without disrupting uptime,False
easy,trained,full_crisis_episode,2,17,0.8968,0.8,1.0,0.6,0,Monitoring api_gateway to track attacker movement without disrupting uptime,False
easy,trained,full_crisis_episode,2,18,0.8952,0.8,1.0,0.7,0,Patching api_gateway to reduce attacker foothold and recover system integrity,False
easy,trained,full_crisis_episode,2,19,0.8935,0.8,1.0,0.8,0,Patching api_gateway to reduce attacker foothold and recover system integrity,False
easy,trained,full_crisis_episode,2,20,0.8918,0.8,1.0,0.9,0,Patching api_gateway to reduce attacker foothold and recover system integrity,False
easy,trained,full_crisis_episode,3,1,0.9625,0.7,0.8,0.8,1,Patching api_gateway to reduce attacker foothold and recover system integrity,False
easy,trained,full_crisis_episode,3,2,0.9208,0.7,0.8,0.9,1,Investigating due to uncertainty in alert validity,False
easy,trained,full_crisis_episode,3,3,0.9192,0.7,0.8,0.7,2,Investigating due to uncertainty in alert validity — high severity signals present but source unconfirmed,False
easy,trained,full_crisis_episode,3,4,0.9575,0.7,0.9,0.5,1,Patching api_gateway to reduce attacker foothold and recover system integrity,False
easy,trained,full_crisis_episode,3,5,0.9558,0.7,1.0,0.6,0,Patching api_gateway to reduce attacker foothold and recover system integrity,False
easy,trained,full_crisis_episode,3,6,0.9542,0.7,1.0,0.7,1,Patching api_gateway to reduce attacker foothold and recover system integrity,False
easy,trained,full_crisis_episode,3,7,0.9525,0.7,1.0,0.8,0,Patching api_gateway to reduce attacker foothold and recover system integrity,False
easy,trained,full_crisis_episode,3,8,0.9508,0.7,1.0,0.9,1,Patching auth_server to reduce attacker foothold and recover system integrity,False
easy,trained,full_crisis_episode,3,9,0.9102,0.7,1.0,1.0,2,Chose to isolate api_gateway despite conflicting stakeholder signals (Finance may be compromised),False
easy,trained,full_crisis_episode,3,10,0.9085,0.7,0.8,1.0,0,Patching api_gateway to reduce attacker foothold and recover system integrity,False
easy,trained,full_crisis_episode,3,11,0.9068,0.7,0.9,1.0,0,Patching api_gateway to reduce attacker foothold and recover system integrity,False
easy,trained,full_crisis_episode,3,12,0.9052,0.7,1.0,1.0,0,Patching api_gateway to reduce attacker foothold and recover system integrity,False
easy,trained,full_crisis_episode,3,13,0.9035,0.7,1.0,1.0,2,Patching api_gateway to reduce attacker foothold and recover system integrity,False
easy,trained,full_crisis_episode,3,14,0.9018,0.8,1.0,0.8,1,Monitoring api_gateway to track attacker movement without disrupting uptime,False
easy,trained,full_crisis_episode,3,15,0.9002,0.8,1.0,0.9,1,Patching api_gateway to reduce attacker foothold and recover system integrity,False
easy,trained,full_crisis_episode,3,16,0.8985,0.8,0.8,1.0,0,Patching api_gateway to reduce attacker foothold and recover system integrity,False
easy,trained,full_crisis_episode,3,17,0.8968,0.8,0.9,1.0,0,Patching api_gateway to reduce attacker foothold and recover system integrity,False
easy,trained,full_crisis_episode,3,18,0.8952,0.8,1.0,1.0,0,Patching api_gateway to reduce attacker foothold and recover system integrity,False
easy,trained,full_crisis_episode,3,19,0.8935,0.8,1.0,1.0,1,Patching api_gateway to reduce attacker foothold and recover system integrity,False
easy,trained,full_crisis_episode,3,20,0.8918,0.8,0.8,1.0,0,Patching api_gateway to reduce attacker foothold and recover system integrity,False
easy,trained,full_crisis_episode,4,1,0.9625,0.7,0.8,0.8,2,Patching api_gateway to reduce attacker foothold and recover system integrity,False
easy,trained,full_crisis_episode,4,2,0.9608,0.7,0.6,0.9,2,Patching api_gateway to reduce attacker foothold and recover system integrity,False
easy,trained,full_crisis_episode,4,3,0.9192,0.7,0.6,1.0,0,Investigating due to uncertainty in alert validity — high severity signals present but source unconfirmed,False
easy,trained,full_crisis_episode,4,4,0.9575,0.7,0.7,1.0,2,Patching api_gateway to reduce attacker foothold and recover system integrity,False
easy,trained,full_crisis_episode,4,5,0.9558,0.7,0.8,0.8,3,Patching api_gateway to reduce attacker foothold and recover system integrity,False
easy,trained,full_crisis_episode,4,6,0.9542,0.7,0.6,0.6,0,Patching api_gateway to reduce attacker foothold and recover system integrity,False
easy,trained,full_crisis_episode,4,7,0.9525,0.7,0.7,0.7,2,Patching api_gateway to reduce attacker foothold and recover system integrity,False
easy,trained,full_crisis_episode,4,8,0.9508,0.8,0.7,0.5,0,Monitoring api_gateway to track attacker movement without disrupting uptime,False
easy,trained,full_crisis_episode,4,9,0.9492,0.9,0.7,0.6,1,Monitoring api_gateway to track attacker movement without disrupting uptime,False
easy,trained,full_crisis_episode,4,10,0.9475,0.9,0.5,0.7,1,Patching api_gateway to reduce attacker foothold and recover system integrity,False
easy,trained,full_crisis_episode,4,11,0.9458,0.9,0.6,0.5,1,Patching api_gateway to reduce attacker foothold and recover system integrity,False
easy,trained,full_crisis_episode,4,12,0.9442,0.9,0.4,0.6,1,Patching api_gateway to reduce attacker foothold and recover system integrity,False
easy,trained,full_crisis_episode,4,13,0.9425,1.0,0.4,0.4,0,Monitoring api_gateway to track attacker movement without disrupting uptime,False
easy,trained,full_crisis_episode,4,14,0.9408,1.0,0.4,0.5,0,Monitoring api_gateway to track attacker movement without disrupting uptime,False
easy,trained,full_crisis_episode,4,15,0.9392,1.0,0.4,0.6,1,Monitoring api_gateway to track attacker movement without disrupting uptime,False
easy,trained,full_crisis_episode,4,16,0.9375,1.0,0.5,0.4,2,Patching api_gateway to reduce attacker foothold and recover system integrity,False
easy,trained,full_crisis_episode,4,17,0.9358,1.0,0.6,0.2,2,Patching api_gateway to reduce attacker foothold and recover system integrity,False
easy,trained,full_crisis_episode,4,18,0.9342,1.0,0.7,0.0,1,Patching api_gateway to reduce attacker foothold and recover system integrity,False
easy,trained,full_crisis_episode,4,19,0.9325,1.0,0.8,0.0,1,Patching api_gateway to reduce attacker foothold and recover system integrity,False
easy,trained,full_crisis_episode,4,20,0.9308,1.0,0.8,0.1,2,Monitoring api_gateway to track attacker movement without disrupting uptime,False
easy,trained,full_crisis_episode,5,1,0.9625,0.8,0.7,0.8,0,Monitoring internal_tools to track attacker movement without disrupting uptime,False
easy,trained,full_crisis_episode,5,2,0.9608,0.9,0.7,0.9,0,Monitoring api_gateway to track attacker movement without disrupting uptime,False
easy,trained,full_crisis_episode,5,3,0.9192,0.9,0.7,1.0,1,Investigating due to uncertainty in alert validity — high severity signals present but source unconfirmed,False
easy,trained,full_crisis_episode,5,4,0.9575,0.9,0.8,1.0,1,Patching api_gateway to reduce attacker foothold and recover system integrity,False
easy,trained,full_crisis_episode,5,5,0.9168,0.9,0.9,0.8,1,Chose to isolate api_gateway despite conflicting stakeholder signals (PR may be compromised),False
easy,trained,full_crisis_episode,5,6,0.9152,0.9,0.7,0.9,2,Patching api_gateway to reduce attacker foothold and recover system integrity,False
easy,trained,full_crisis_episode,5,7,0.9135,0.9,0.5,0.7,1,Patching api_gateway to reduce attacker foothold and recover system integrity,False
easy,trained,full_crisis_episode,5,8,0.9118,0.9,0.6,0.8,2,Patching api_gateway to reduce attacker foothold and recover system integrity,False
easy,trained,full_crisis_episode,5,9,0.9102,0.9,0.7,0.6,2,Patching api_gateway to reduce attacker foothold and recover system integrity,False
easy,trained,full_crisis_episode,5,10,0.9085,0.9,0.5,0.4,2,Patching api_gateway to reduce attacker foothold and recover system integrity,False
easy,trained,full_crisis_episode,5,11,0.8678,0.9,0.3,0.2,1,"Chose to isolate internal_tools despite conflicting stakeholder signals (Engineering, PR may be compromised)",False
easy,trained,full_crisis_episode,5,12,0.8662,0.9,0.4,0.0,0,Patching api_gateway to reduce attacker foothold and recover system integrity,False
easy,trained,full_crisis_episode,5,13,0.8645,0.9,0.5,0.1,1,Patching api_gateway to reduce attacker foothold and recover system integrity,False
easy,trained,full_crisis_episode,5,14,0.8628,0.9,0.6,0.2,1,Patching api_gateway to reduce attacker foothold and recover system integrity,False
easy,trained,full_crisis_episode,5,15,0.8612,0.9,0.7,0.0,2,Patching api_gateway to reduce attacker foothold and recover system integrity,False
easy,trained,full_crisis_episode,5,16,0.8595,0.9,0.5,0.0,2,Patching api_gateway to reduce attacker foothold and recover system integrity,False
easy,trained,full_crisis_episode,5,17,0.8578,0.9,0.3,0.1,2,"Chose to isolate api_gateway despite conflicting stakeholder signals (Finance, Engineering may be compromised)",False
easy,trained,full_crisis_episode,5,18,0.8562,0.9,0.4,0.0,1,Patching api_gateway to reduce attacker foothold and recover system integrity,False
easy,trained,full_crisis_episode,5,19,0.8545,0.7,0.4,0.1,1,Monitoring api_gateway to track attacker movement without disrupting uptime,False
easy,trained,full_crisis_episode,5,20,0.8528,0.7,0.5,0.2,2,Patching api_gateway to reduce attacker foothold and recover system integrity,False
easy,trained,full_crisis_episode,6,1,0.9625,0.8,0.7,0.8,0,Monitoring api_gateway to track attacker movement without disrupting uptime,False
easy,trained,full_crisis_episode,6,2,0.9608,0.8,0.8,0.9,2,Patching api_gateway to reduce attacker foothold and recover system integrity,False
easy,trained,full_crisis_episode,6,3,0.9592,0.8,0.6,1.0,0,Patching api_gateway to reduce attacker foothold and recover system integrity,False
easy,trained,full_crisis_episode,6,4,0.9575,0.8,0.7,1.0,1,Patching api_gateway to reduce attacker foothold and recover system integrity,False
easy,trained,full_crisis_episode,6,5,0.9558,0.8,0.5,1.0,0,Patching api_gateway to reduce attacker foothold and recover system integrity,False
easy,trained,full_crisis_episode,6,6,0.9542,0.8,0.6,1.0,1,Patching api_gateway to reduce attacker foothold and recover system integrity,False
easy,trained,full_crisis_episode,6,7,0.9525,0.8,0.4,1.0,1,Patching api_gateway to reduce attacker foothold and recover system integrity,False
easy,trained,full_crisis_episode,6,8,0.9508,0.9,0.4,1.0,1,Monitoring api_gateway to track attacker movement without disrupting uptime,False
easy,trained,full_crisis_episode,6,9,0.9492,1.0,0.4,0.8,1,Monitoring internal_tools to track attacker movement without disrupting uptime,False
easy,trained,full_crisis_episode,6,10,0.9475,1.0,0.5,0.9,2,Patching api_gateway to reduce attacker foothold and recover system integrity,False
easy,trained,full_crisis_episode,6,11,0.9458,1.0,0.3,0.7,1,Patching api_gateway to reduce attacker foothold and recover system integrity,False
easy,trained,full_crisis_episode,6,12,0.9442,1.0,0.1,0.8,1,Patching api_gateway to reduce attacker foothold and recover system integrity,False
easy,trained,full_crisis_episode,6,13,0.9425,1.0,0.1,0.9,0,Monitoring api_gateway to track attacker movement without disrupting uptime,False
easy,trained,full_crisis_episode,6,14,0.9408,1.0,0.2,1.0,0,Patching api_gateway to reduce attacker foothold and recover system integrity,False
easy,trained,full_crisis_episode,6,15,0.9392,1.0,0.3,1.0,1,Patching api_gateway to reduce attacker foothold and recover system integrity,False
easy,trained,full_crisis_episode,6,16,0.9375,1.0,0.4,0.8,1,Patching api_gateway to reduce attacker foothold and recover system integrity,False
easy,trained,full_crisis_episode,6,17,0.9358,1.0,0.5,0.6,1,Patching api_gateway to reduce attacker foothold and recover system integrity,False
easy,trained,full_crisis_episode,6,18,0.9342,1.0,0.5,0.7,1,Monitoring api_gateway to track attacker movement without disrupting uptime,False
easy,trained,full_crisis_episode,6,19,0.9325,1.0,0.3,0.8,2,Patching api_gateway to reduce attacker foothold and recover system integrity,False
easy,trained,full_crisis_episode,6,20,0.9308,1.0,0.1,0.9,2,Patching api_gateway to reduce attacker foothold and recover system integrity,False
easy,trained,full_crisis_episode,7,1,0.9625,0.7,0.8,0.8,2,Patching api_gateway to reduce attacker foothold and recover system integrity,False
easy,trained,full_crisis_episode,7,2,1.0,0.7,0.8,0.9,1,Investigating due to uncertainty in alert validity,False
easy,trained,full_crisis_episode,7,3,0.9192,0.7,0.8,1.0,2,Investigating due to uncertainty in alert validity — high severity signals present but source unconfirmed,False
easy,trained,full_crisis_episode,7,4,0.9575,0.5,0.8,0.8,2,"Increased monitoring on internal_tools — threat level elevated, gathering evidence before committing to isolation",False
easy,trained,full_crisis_episode,7,5,0.9558,0.6,0.8,0.6,1,"Increased monitoring on internal_tools — threat level elevated, gathering evidence before committing to isolation",False
easy,trained,full_crisis_episode,7,6,0.9542,0.7,0.8,0.4,1,"Increased monitoring on internal_tools — threat level elevated, gathering evidence before committing to isolation",False
easy,trained,full_crisis_episode,7,7,0.9525,0.5,0.8,0.5,0,"Increased monitoring on auth_server — threat level elevated, gathering evidence before committing to isolation",False
easy,trained,full_crisis_episode,7,8,0.9383,0.5,0.9,0.6,2,Chose to isolate auth_server due to low confidence signals and engineering alignment,False
easy,trained,full_crisis_episode,7,9,0.9492,0.3,0.9,0.6,3,Sending situational update to maintain stakeholder alignment,False
easy,trained,full_crisis_episode,7,10,0.9085,0.3,0.7,0.4,1,"Chose to isolate database despite conflicting stakeholder signals (Finance, Engineering, PR may be compromised)",False
easy,trained,full_crisis_episode,7,11,0.9068,0.3,0.5,0.5,0,Chose to isolate database despite conflicting stakeholder signals (Engineering may be compromised),False
easy,trained,full_crisis_episode,7,12,0.5552,0.3,0.6,0.6,3,Chose to isolate database due to low confidence signals and engineering alignment,True
easy,trained,full_crisis_episode,8,1,0.9625,0.7,0.8,0.8,2,Patching api_gateway to reduce attacker foothold and recover system integrity,False
easy,trained,full_crisis_episode,8,2,0.9608,0.7,0.9,0.6,2,Patching api_gateway to reduce attacker foothold and recover system integrity,False
easy,trained,full_crisis_episode,8,3,0.9192,0.7,0.9,0.4,1,Investigating due to uncertainty in alert validity,False
easy,trained,full_crisis_episode,8,4,0.9575,0.8,0.9,0.5,0,Monitoring api_gateway to track attacker movement without disrupting uptime,False
easy,trained,full_crisis_episode,8,5,0.9558,0.9,0.9,0.6,2,Monitoring api_gateway to track attacker movement without disrupting uptime,False
easy,trained,full_crisis_episode,8,6,0.9542,0.7,0.9,0.4,3,Monitoring internal_tools to track attacker movement without disrupting uptime,False
easy,trained,full_crisis_episode,8,7,0.9525,0.5,0.9,0.2,0,"Increased monitoring on internal_tools — threat level elevated, gathering evidence before committing to isolation",False
easy,trained,full_crisis_episode,8,8,0.9508,0.6,0.9,0.3,2,"Increased monitoring on internal_tools — threat level elevated, gathering evidence before committing to isolation",False
easy,trained,full_crisis_episode,8,9,0.9492,0.4,0.9,0.4,1,"Increased monitoring on internal_tools — threat level elevated, gathering evidence before committing to isolation",False
easy,trained,full_crisis_episode,8,10,0.9475,0.2,0.9,0.5,1,"Increased monitoring on internal_tools — threat level elevated, gathering evidence before committing to isolation",False
easy,trained,full_crisis_episode,8,11,0.9458,0.3,0.9,0.6,0,"Increased monitoring on auth_server — threat level elevated, gathering evidence before committing to isolation",False
easy,trained,full_crisis_episode,8,12,0.9442,0.4,0.9,0.7,2,"Increased monitoring on auth_server — threat level elevated, gathering evidence before committing to isolation",False
easy,trained,full_crisis_episode,8,13,0.9425,0.5,0.9,0.5,1,"Increased monitoring on auth_server — threat level elevated, gathering evidence before committing to isolation",False
easy,trained,full_crisis_episode,8,14,0.9408,0.6,0.9,0.3,0,"Increased monitoring on auth_server — threat level elevated, gathering evidence before committing to isolation",False
easy,trained,full_crisis_episode,8,15,0.9392,0.7,0.9,0.4,1,"Increased monitoring on auth_server — threat level elevated, gathering evidence before committing to isolation",False
easy,trained,full_crisis_episode,8,16,0.9375,0.8,0.9,0.5,1,"Increased monitoring on auth_server — threat level elevated, gathering evidence before committing to isolation",False
easy,trained,full_crisis_episode,8,17,0.9233,0.8,0.7,0.6,1,Chose to isolate auth_server despite conflicting stakeholder signals (Engineering may be compromised),False
easy,trained,full_crisis_episode,8,18,0.5842,0.6,0.7,0.6,0,Sending situational update to maintain stakeholder alignment,True
easy,trained,full_crisis_episode,9,1,0.9625,0.8,0.7,0.8,1,Monitoring internal_tools to track attacker movement without disrupting uptime,False
easy,trained,full_crisis_episode,9,2,0.9608,0.8,0.8,0.6,1,Patching api_gateway to reduce attacker foothold and recover system integrity,False
easy,trained,full_crisis_episode,9,3,1.0,0.8,0.8,0.7,1,Investigating due to uncertainty in alert validity,False
easy,trained,full_crisis_episode,9,4,0.9185,0.8,0.6,0.8,1,Chose to isolate database despite conflicting stakeholder signals (Engineering may be compromised),False
easy,trained,full_crisis_episode,9,5,0.9168,0.9,0.6,0.9,0,Monitoring comms to track attacker movement without disrupting uptime,False
easy,trained,full_crisis_episode,9,6,0.9152,1.0,0.6,1.0,3,Monitoring api_gateway to track attacker movement without disrupting uptime,False
easy,trained,full_crisis_episode,9,7,0.9135,0.8,0.6,0.8,0,Monitoring api_gateway to track attacker movement without disrupting uptime,False
easy,trained,full_crisis_episode,9,8,0.9118,0.9,0.6,0.9,0,Monitoring internal_tools to track attacker movement without disrupting uptime,False
easy,trained,full_crisis_episode,9,9,0.9102,1.0,0.6,1.0,2,"Increased monitoring on internal_tools — threat level elevated, gathering evidence before committing to isolation",False
easy,trained,full_crisis_episode,9,10,0.9085,0.8,0.6,1.0,1,"Increased monitoring on internal_tools — threat level elevated, gathering evidence before committing to isolation",False
easy,trained,full_crisis_episode,9,11,0.9068,0.9,0.6,0.8,3,"Increased monitoring on internal_tools — threat level elevated, gathering evidence before committing to isolation",False
easy,trained,full_crisis_episode,9,12,0.9052,0.7,0.6,0.6,1,"Increased monitoring on internal_tools — threat level elevated, gathering evidence before committing to isolation",False
easy,trained,full_crisis_episode,9,13,0.9035,0.8,0.6,0.7,1,"Increased monitoring on auth_server — threat level elevated, gathering evidence before committing to isolation",False
easy,trained,full_crisis_episode,9,14,0.9018,0.9,0.6,0.8,1,"Increased monitoring on auth_server — threat level elevated, gathering evidence before committing to isolation",False
easy,trained,full_crisis_episode,9,15,0.5377,0.9,0.4,0.9,1,Chose to isolate auth_server despite conflicting stakeholder signals (Engineering may be compromised),True
easy,trained,full_crisis_episode,10,1,0.9625,0.8,0.7,0.8,0,Monitoring internal_tools to track attacker movement without disrupting uptime,False
easy,trained,full_crisis_episode,10,2,0.9208,0.8,0.7,0.9,1,Investigating due to uncertainty in alert validity,False
easy,trained,full_crisis_episode,10,3,0.9592,0.8,0.8,1.0,1,Patching api_gateway to reduce attacker foothold and recover system integrity,False
easy,trained,full_crisis_episode,10,4,0.9575,0.9,0.8,1.0,2,Monitoring api_gateway to track attacker movement without disrupting uptime,False
easy,trained,full_crisis_episode,10,5,0.9558,0.9,0.6,1.0,1,Patching api_gateway to reduce attacker foothold and recover system integrity,False
easy,trained,full_crisis_episode,10,6,0.9542,0.9,0.4,1.0,1,Patching api_gateway to reduce attacker foothold and recover system integrity,False
easy,trained,full_crisis_episode,10,7,0.9525,1.0,0.4,0.8,0,Monitoring api_gateway to track attacker movement without disrupting uptime,False
easy,trained,full_crisis_episode,10,8,0.9508,1.0,0.4,0.9,1,Monitoring api_gateway to track attacker movement without disrupting uptime,False
easy,trained,full_crisis_episode,10,9,0.9492,1.0,0.2,1.0,0,Patching api_gateway to reduce attacker foothold and recover system integrity,False
easy,trained,full_crisis_episode,10,10,0.9475,1.0,0.3,1.0,3,Patching api_gateway to reduce attacker foothold and recover system integrity,False
easy,trained,full_crisis_episode,10,11,0.9458,1.0,0.1,0.8,1,Patching api_gateway to reduce attacker foothold and recover system integrity,False
easy,trained,full_crisis_episode,10,12,0.9442,1.0,0.0,0.9,1,Patching api_gateway to reduce attacker foothold and recover system integrity,False
easy,trained,full_crisis_episode,10,13,0.9425,1.0,0.0,1.0,1,Patching api_gateway to reduce attacker foothold and recover system integrity,False
easy,trained,full_crisis_episode,10,14,0.9408,1.0,0.0,1.0,2,Monitoring api_gateway to track attacker movement without disrupting uptime,False
easy,trained,full_crisis_episode,10,15,0.9392,1.0,0.0,0.8,1,Patching api_gateway to reduce attacker foothold and recover system integrity,False
easy,trained,full_crisis_episode,10,16,0.9375,1.0,0.0,0.9,0,Patching api_gateway to reduce attacker foothold and recover system integrity,False
easy,trained,full_crisis_episode,10,17,0.9358,1.0,0.1,1.0,1,Patching api_gateway to reduce attacker foothold and recover system integrity,False
easy,trained,full_crisis_episode,10,18,0.9342,1.0,0.0,1.0,1,Patching api_gateway to reduce attacker foothold and recover system integrity,False
easy,trained,full_crisis_episode,10,19,0.9325,1.0,0.1,0.8,2,Patching api_gateway to reduce attacker foothold and recover system integrity,False
easy,trained,full_crisis_episode,10,20,0.9308,1.0,0.1,0.6,0,Monitoring api_gateway to track attacker movement without disrupting uptime,False
easy,trained,full_crisis_episode,11,1,0.9625,0.8,0.7,0.8,0,Monitoring internal_tools to track attacker movement without disrupting uptime,False
easy,trained,full_crisis_episode,11,2,0.9208,0.8,0.7,0.9,0,Investigating due to uncertainty in alert validity,False
easy,trained,full_crisis_episode,11,3,0.9192,0.8,0.7,1.0,1,Investigating due to uncertainty in alert validity,False
easy,trained,full_crisis_episode,11,4,0.9575,0.6,0.7,1.0,2,Monitoring api_gateway to track attacker movement without disrupting uptime,False
easy,trained,full_crisis_episode,11,5,0.9558,0.6,0.5,0.8,1,Patching api_gateway to reduce attacker foothold and recover system integrity,False
easy,trained,full_crisis_episode,11,6,0.9542,0.4,0.5,0.9,1,Monitoring api_gateway to track attacker movement without disrupting uptime,False
easy,trained,full_crisis_episode,11,7,0.9525,0.2,0.5,1.0,1,Monitoring api_gateway to track attacker movement without disrupting uptime,False
easy,trained,full_crisis_episode,11,8,0.9508,0.2,0.6,0.8,2,Patching api_gateway to reduce attacker foothold and recover system integrity,False
easy,trained,full_crisis_episode,11,9,0.9492,0.2,0.7,0.6,3,Patching api_gateway to reduce attacker foothold and recover system integrity,False
easy,trained,full_crisis_episode,11,10,0.9475,0.2,0.5,0.4,0,Patching api_gateway to reduce attacker foothold and recover system integrity,False
easy,trained,full_crisis_episode,11,11,0.9458,0.2,0.6,0.5,0,Patching api_gateway to reduce attacker foothold and recover system integrity,False
easy,trained,full_crisis_episode,11,12,0.9442,0.2,0.7,0.6,1,Patching api_gateway to reduce attacker foothold and recover system integrity,False
easy,trained,full_crisis_episode,11,13,0.9425,0.2,0.8,0.4,0,Patching api_gateway to reduce attacker foothold and recover system integrity,False
easy,trained,full_crisis_episode,11,14,0.9408,0.2,0.9,0.5,2,Patching api_gateway to reduce attacker foothold and recover system integrity,False
easy,trained,full_crisis_episode,11,15,0.9002,0.2,0.7,0.3,2,"Chose to isolate api_gateway despite conflicting stakeholder signals (Engineering, PR may be compromised)",False
easy,trained,full_crisis_episode,11,16,0.8985,0.2,0.5,0.4,0,Patching api_gateway to reduce attacker foothold and recover system integrity,False
easy,trained,full_crisis_episode,11,17,0.8968,0.2,0.6,0.5,1,Patching api_gateway to reduce attacker foothold and recover system integrity,False
easy,trained,full_crisis_episode,11,18,0.8952,0.2,0.7,0.3,1,Patching api_gateway to reduce attacker foothold and recover system integrity,False
easy,trained,full_crisis_episode,11,19,0.8935,0.2,0.8,0.4,1,Patching api_gateway to reduce attacker foothold and recover system integrity,False
easy,trained,full_crisis_episode,11,20,0.8918,0.2,0.9,0.2,1,Patching api_gateway to reduce attacker foothold and recover system integrity,False
easy,trained,full_crisis_episode,12,1,0.9625,0.8,0.7,0.8,0,Monitoring comms to track attacker movement without disrupting uptime,False
easy,trained,full_crisis_episode,12,2,1.0,0.8,0.7,0.9,2,Investigating due to uncertainty in alert validity,False
easy,trained,full_crisis_episode,12,3,0.9192,0.8,0.7,1.0,1,Investigating due to uncertainty in alert validity,False
easy,trained,full_crisis_episode,12,4,0.9575,0.8,0.8,1.0,0,Patching api_gateway to reduce attacker foothold and recover system integrity,False
easy,trained,full_crisis_episode,12,5,0.9558,0.9,0.8,1.0,2,Monitoring api_gateway to track attacker movement without disrupting uptime,False
easy,trained,full_crisis_episode,12,6,0.9542,0.9,0.9,0.8,1,Patching api_gateway to reduce attacker foothold and recover system integrity,False
easy,trained,full_crisis_episode,12,7,0.9525,1.0,0.9,0.9,2,Monitoring api_gateway to track attacker movement without disrupting uptime,False
easy,trained,full_crisis_episode,12,8,0.9508,1.0,1.0,0.7,1,Patching api_gateway to reduce attacker foothold and recover system integrity,False
easy,trained,full_crisis_episode,12,9,0.9492,1.0,1.0,0.5,1,Patching auth_server to reduce attacker foothold and recover system integrity,False
easy,trained,full_crisis_episode,12,10,0.9475,1.0,1.0,0.6,1,Patching api_gateway to reduce attacker foothold and recover system integrity,False
easy,trained,full_crisis_episode,12,11,0.9458,1.0,1.0,0.7,2,Patching api_gateway to reduce attacker foothold and recover system integrity,False
easy,trained,full_crisis_episode,12,12,0.9442,1.0,1.0,0.5,2,Patching api_gateway to reduce attacker foothold and recover system integrity,False
easy,trained,full_crisis_episode,12,13,0.9425,1.0,1.0,0.3,2,Patching internal_tools to reduce attacker foothold and recover system integrity,False
easy,trained,full_crisis_episode,12,14,0.9408,1.0,0.8,0.1,0,Patching api_gateway to reduce attacker foothold and recover system integrity,False
easy,trained,full_crisis_episode,12,15,0.9392,1.0,0.9,0.2,0,Patching auth_server to reduce attacker foothold and recover system integrity,False
easy,trained,full_crisis_episode,12,16,0.9375,1.0,1.0,0.3,1,Patching api_gateway to reduce attacker foothold and recover system integrity,False
easy,trained,full_crisis_episode,12,17,0.9358,1.0,1.0,0.4,0,Patching api_gateway to reduce attacker foothold and recover system integrity,False
easy,trained,full_crisis_episode,12,18,0.9342,1.0,1.0,0.5,0,Monitoring api_gateway to track attacker movement without disrupting uptime,False
easy,trained,full_crisis_episode,12,19,0.9325,1.0,1.0,0.6,2,Patching api_gateway to reduce attacker foothold and recover system integrity,False
easy,trained,full_crisis_episode,12,20,0.9308,1.0,0.8,0.7,0,Patching api_gateway to reduce attacker foothold and recover system integrity,False
easy,trained,full_crisis_episode,13,1,0.9625,0.7,0.8,0.8,1,Patching api_gateway to reduce attacker foothold and recover system integrity,False
easy,trained,full_crisis_episode,13,2,1.0,0.7,0.8,0.9,2,Investigating due to uncertainty in alert validity,False
easy,trained,full_crisis_episode,13,3,0.9192,0.7,0.8,0.7,2,Investigating due to uncertainty in alert validity — high severity signals present but source unconfirmed,False
easy,trained,full_crisis_episode,13,4,0.9575,0.5,0.8,0.8,2,Monitoring api_gateway to track attacker movement without disrupting uptime,False
easy,trained,full_crisis_episode,13,5,0.9558,0.3,0.8,0.6,1,Monitoring internal_tools to track attacker movement without disrupting uptime,False
easy,trained,full_crisis_episode,13,6,0.9542,0.1,0.8,0.7,2,Monitoring internal_tools to track attacker movement without disrupting uptime,False
easy,trained,full_crisis_episode,13,7,0.9525,0.2,0.8,0.5,1,Monitoring internal_tools to track attacker movement without disrupting uptime,False
easy,trained,full_crisis_episode,13,8,0.9508,0.0,0.8,0.6,0,Monitoring internal_tools to track attacker movement without disrupting uptime,False
easy,trained,full_crisis_episode,13,9,0.9492,0.1,0.8,0.7,1,Monitoring internal_tools to track attacker movement without disrupting uptime,False
easy,trained,full_crisis_episode,13,10,0.9475,0.2,0.8,0.5,0,Monitoring internal_tools to track attacker movement without disrupting uptime,False
easy,trained,full_crisis_episode,13,11,0.9458,0.3,0.8,0.6,0,"Increased monitoring on internal_tools — threat level elevated, gathering evidence before committing to isolation",False
easy,trained,full_crisis_episode,13,12,0.9442,0.4,0.8,0.7,2,"Increased monitoring on internal_tools — threat level elevated, gathering evidence before committing to isolation",False
easy,trained,full_crisis_episode,13,13,0.9425,0.5,0.8,0.5,0,"Increased monitoring on internal_tools — threat level elevated, gathering evidence before committing to isolation",False
easy,trained,full_crisis_episode,13,14,0.9408,0.6,0.8,0.6,0,"Increased monitoring on internal_tools — threat level elevated, gathering evidence before committing to isolation",False
easy,trained,full_crisis_episode,13,15,0.9392,0.7,0.8,0.7,1,"Increased monitoring on auth_server — threat level elevated, gathering evidence before committing to isolation",False
easy,trained,full_crisis_episode,13,16,0.925,0.7,0.9,0.8,2,Chose to isolate auth_server despite conflicting stakeholder signals (Finance may be compromised),False
easy,trained,full_crisis_episode,13,17,0.5858,0.5,0.9,0.8,1,Sending situational update to maintain stakeholder alignment,True
easy,trained,full_crisis_episode,14,1,0.9625,0.7,0.8,0.8,1,Patching api_gateway to reduce attacker foothold and recover system integrity,False
easy,trained,full_crisis_episode,14,2,1.0,0.7,0.8,0.9,2,Investigating due to uncertainty in alert validity — high severity signals present but source unconfirmed,False
easy,trained,full_crisis_episode,14,3,0.9192,0.7,0.8,0.7,1,Investigating due to uncertainty in alert validity,False
easy,trained,full_crisis_episode,14,4,0.9575,0.8,0.8,0.5,0,Monitoring api_gateway to track attacker movement without disrupting uptime,False
easy,trained,full_crisis_episode,14,5,0.9558,0.9,0.8,0.6,2,Monitoring api_gateway to track attacker movement without disrupting uptime,False
easy,trained,full_crisis_episode,14,6,0.9542,0.7,0.8,0.7,1,Monitoring internal_tools to track attacker movement without disrupting uptime,False
easy,trained,full_crisis_episode,14,7,0.9525,0.8,0.8,0.8,1,Monitoring internal_tools to track attacker movement without disrupting uptime,False
easy,trained,full_crisis_episode,14,8,0.9508,0.9,0.8,0.9,1,"Increased monitoring on internal_tools — threat level elevated, gathering evidence before committing to isolation",False
easy,trained,full_crisis_episode,14,9,0.9492,1.0,0.8,1.0,3,"Increased monitoring on internal_tools — threat level elevated, gathering evidence before committing to isolation",False
easy,trained,full_crisis_episode,14,10,0.9475,0.8,0.8,0.8,1,"Increased monitoring on internal_tools — threat level elevated, gathering evidence before committing to isolation",False
easy,trained,full_crisis_episode,14,11,0.9458,0.6,0.8,0.9,0,"Increased monitoring on internal_tools — threat level elevated, gathering evidence before committing to isolation",False
easy,trained,full_crisis_episode,14,12,0.9317,0.6,0.9,1.0,1,Chose to isolate auth_server due to low confidence signals and engineering alignment,False
easy,trained,full_crisis_episode,14,13,0.9035,0.7,0.9,1.0,1,Sending situational update to maintain stakeholder alignment,False
easy,trained,full_crisis_episode,14,14,0.9018,0.8,0.9,0.8,1,"Increased monitoring on auth_server — threat level elevated, gathering evidence before committing to isolation",False
easy,trained,full_crisis_episode,14,15,0.9002,0.6,0.9,0.9,2,"Increased monitoring on auth_server — threat level elevated, gathering evidence before committing to isolation",False
easy,trained,full_crisis_episode,14,16,0.886,0.6,1.0,0.7,1,"Chose to isolate auth_server despite conflicting stakeholder signals (Finance, PR may be compromised)",False
easy,trained,full_crisis_episode,14,17,0.8968,0.7,1.0,0.7,2,Sending situational update to maintain stakeholder alignment,False
easy,trained,full_crisis_episode,14,18,0.8562,0.7,0.8,0.5,2,"Chose to isolate database despite conflicting stakeholder signals (Engineering, PR may be compromised)",False
easy,trained,full_crisis_episode,14,19,0.8545,0.7,0.9,0.3,1,"Chose to isolate database despite conflicting stakeholder signals (Finance, PR may be compromised)",False
easy,trained,full_crisis_episode,14,20,0.8528,0.7,0.7,0.4,0,Chose to isolate database despite conflicting stakeholder signals (Engineering may be compromised),False
easy,trained,full_crisis_episode,15,1,0.9625,0.8,0.7,0.8,1,Monitoring api_gateway to track attacker movement without disrupting uptime,False
easy,trained,full_crisis_episode,15,2,0.9208,0.8,0.7,0.9,2,Investigating due to uncertainty in alert validity,False
easy,trained,full_crisis_episode,15,3,0.9192,0.8,0.7,0.7,0,Investigating due to uncertainty in alert validity — high severity signals present but source unconfirmed,False
easy,trained,full_crisis_episode,15,4,0.9575,0.9,0.7,0.8,2,Monitoring api_gateway to track attacker movement without disrupting uptime,False
easy,trained,full_crisis_episode,15,5,0.9558,1.0,0.7,0.6,2,"Increased monitoring on internal_tools — threat level elevated, gathering evidence before committing to isolation",False
easy,trained,full_crisis_episode,15,6,0.9542,1.0,0.7,0.4,1,"Increased monitoring on internal_tools — threat level elevated, gathering evidence before committing to isolation",False
easy,trained,full_crisis_episode,15,7,0.94,1.0,0.8,0.5,1,Chose to isolate auth_server despite conflicting stakeholder signals (Finance may be compromised),False
easy,trained,full_crisis_episode,15,8,0.6008,1.0,0.8,0.5,1,Sending situational update to maintain stakeholder alignment,True
easy,trained,full_crisis_episode,16,1,0.9625,0.7,0.8,0.8,0,Patching api_gateway to reduce attacker foothold and recover system integrity,False
easy,trained,full_crisis_episode,16,2,0.9208,0.7,0.8,0.9,0,Investigating due to uncertainty in alert validity,False
easy,trained,full_crisis_episode,16,3,0.9592,0.8,0.8,1.0,2,Monitoring api_gateway to track attacker movement without disrupting uptime,False
easy,trained,full_crisis_episode,16,4,0.9575,0.6,0.8,0.8,3,"Increased monitoring on internal_tools — threat level elevated, gathering evidence before committing to isolation",False
easy,trained,full_crisis_episode,16,5,0.9558,0.4,0.8,0.6,1,"Increased monitoring on internal_tools — threat level elevated, gathering evidence before committing to isolation",False
easy,trained,full_crisis_episode,16,6,0.9542,0.5,0.8,0.7,1,"Increased monitoring on internal_tools — threat level elevated, gathering evidence before committing to isolation",False
easy,trained,full_crisis_episode,16,7,0.9525,0.6,0.8,0.8,1,"Increased monitoring on auth_server — threat level elevated, gathering evidence before committing to isolation",False
easy,trained,full_crisis_episode,16,8,0.9508,0.7,0.8,0.6,1,"Increased monitoring on auth_server — threat level elevated, gathering evidence before committing to isolation",False
easy,trained,full_crisis_episode,16,9,0.9367,0.7,0.9,0.4,3,Chose to isolate auth_server despite conflicting stakeholder signals (PR may be compromised),False
easy,trained,full_crisis_episode,16,10,0.9475,0.5,0.9,0.4,1,Sending situational update to maintain stakeholder alignment,False
easy,trained,full_crisis_episode,16,11,0.9333,0.5,0.7,0.5,1,Chose to isolate auth_server despite conflicting stakeholder signals (Engineering may be compromised),False
easy,trained,full_crisis_episode,16,12,0.5552,0.6,0.7,0.5,1,Sending situational update to maintain stakeholder alignment,True
easy,trained,full_crisis_episode,17,1,0.9625,0.8,0.7,0.8,0,Monitoring comms to track attacker movement without disrupting uptime,False
easy,trained,full_crisis_episode,17,2,0.9208,0.8,0.7,0.9,1,Investigating due to uncertainty in alert validity — high severity signals present but source unconfirmed,False
easy,trained,full_crisis_episode,17,3,0.9592,0.8,0.8,1.0,2,Patching api_gateway to reduce attacker foothold and recover system integrity,False
easy,trained,full_crisis_episode,17,4,0.9575,0.8,0.6,0.8,1,Patching api_gateway to reduce attacker foothold and recover system integrity,False
easy,trained,full_crisis_episode,17,5,0.9558,0.8,0.7,0.6,1,Patching api_gateway to reduce attacker foothold and recover system integrity,False
easy,trained,full_crisis_episode,17,6,0.9542,0.8,0.5,0.7,0,Patching api_gateway to reduce attacker foothold and recover system integrity,False
easy,trained,full_crisis_episode,17,7,0.9525,0.9,0.5,0.8,1,Monitoring api_gateway to track attacker movement without disrupting uptime,False
easy,trained,full_crisis_episode,17,8,0.9508,0.7,0.5,0.9,1,Monitoring api_gateway to track attacker movement without disrupting uptime,False
easy,trained,full_crisis_episode,17,9,0.9492,0.5,0.5,1.0,1,Monitoring internal_tools to track attacker movement without disrupting uptime,False
easy,trained,full_crisis_episode,17,10,0.9475,0.6,0.5,1.0,1,Monitoring internal_tools to track attacker movement without disrupting uptime,False
easy,trained,full_crisis_episode,17,11,0.9458,0.7,0.5,0.8,1,"Increased monitoring on internal_tools — threat level elevated, gathering evidence before committing to isolation",False
easy,trained,full_crisis_episode,17,12,0.9442,0.5,0.5,0.9,1,"Increased monitoring on internal_tools — threat level elevated, gathering evidence before committing to isolation",False
easy,trained,full_crisis_episode,17,13,0.9425,0.6,0.5,1.0,1,"Increased monitoring on internal_tools — threat level elevated, gathering evidence before committing to isolation",False
easy,trained,full_crisis_episode,17,14,0.9408,0.7,0.5,0.8,1,"Increased monitoring on internal_tools — threat level elevated, gathering evidence before committing to isolation",False
easy,trained,full_crisis_episode,17,15,0.9392,0.8,0.5,0.9,0,"Increased monitoring on internal_tools — threat level elevated, gathering evidence before committing to isolation",False
easy,trained,full_crisis_episode,17,16,0.9375,0.9,0.5,1.0,1,"Increased monitoring on auth_server — threat level elevated, gathering evidence before committing to isolation",False
easy,trained,full_crisis_episode,17,17,0.9358,1.0,0.5,0.8,0,"Increased monitoring on auth_server — threat level elevated, gathering evidence before committing to isolation",False
easy,trained,full_crisis_episode,17,18,0.9217,1.0,0.6,0.9,1,Chose to isolate auth_server due to low confidence signals and engineering alignment,False
easy,trained,full_crisis_episode,17,19,0.5435,1.0,0.6,0.9,1,Sending situational update to maintain stakeholder alignment,True
easy,trained,full_crisis_episode,18,1,0.9625,0.7,0.8,0.8,2,Patching api_gateway to reduce attacker foothold and recover system integrity,False
easy,trained,full_crisis_episode,18,2,0.9208,0.7,0.8,0.6,1,Investigating due to uncertainty in alert validity — high severity signals present but source unconfirmed,False
easy,trained,full_crisis_episode,18,3,0.9592,0.5,0.8,0.7,1,Monitoring api_gateway to track attacker movement without disrupting uptime,False
easy,trained,full_crisis_episode,18,4,0.9575,0.6,0.8,0.5,2,"Increased monitoring on internal_tools — threat level elevated, gathering evidence before committing to isolation",False
easy,trained,full_crisis_episode,18,5,0.9558,0.4,0.8,0.3,0,"Increased monitoring on internal_tools — threat level elevated, gathering evidence before committing to isolation",False
easy,trained,full_crisis_episode,18,6,0.9542,0.5,0.8,0.4,2,"Increased monitoring on internal_tools — threat level elevated, gathering evidence before committing to isolation",False
easy,trained,full_crisis_episode,18,7,0.9525,0.6,0.8,0.2,1,"Increased monitoring on internal_tools — threat level elevated, gathering evidence before committing to isolation",False
easy,trained,full_crisis_episode,18,8,0.9508,0.7,0.8,0.0,0,"Increased monitoring on internal_tools — threat level elevated, gathering evidence before committing to isolation",False
easy,trained,full_crisis_episode,18,9,0.9492,0.8,0.8,0.1,3,"Increased monitoring on internal_tools — threat level elevated, gathering evidence before committing to isolation",False
easy,trained,full_crisis_episode,18,10,0.9475,0.6,0.8,0.0,1,"Increased monitoring on internal_tools — threat level elevated, gathering evidence before committing to isolation",False
easy,trained,full_crisis_episode,18,11,0.9458,0.7,0.8,0.1,0,"Increased monitoring on internal_tools — threat level elevated, gathering evidence before committing to isolation",False
easy,trained,full_crisis_episode,18,12,0.9442,0.8,0.8,0.2,1,"Increased monitoring on internal_tools — threat level elevated, gathering evidence before committing to isolation",False
easy,trained,full_crisis_episode,18,13,0.93,0.8,0.9,0.0,1,Chose to isolate auth_server despite conflicting stakeholder signals (PR may be compromised),False
easy,trained,full_crisis_episode,18,14,0.9408,0.6,0.9,0.0,1,Sending situational update to maintain stakeholder alignment,False
easy,trained,full_crisis_episode,18,15,0.9392,0.4,0.9,0.1,2,"Increased monitoring on auth_server — threat level elevated, gathering evidence before committing to isolation",False
easy,trained,full_crisis_episode,18,16,0.9375,0.2,0.9,0.2,0,"Increased monitoring on database — threat level elevated, gathering evidence before committing to isolation",False
easy,trained,full_crisis_episode,18,17,0.8968,0.2,1.0,0.3,1,Chose to isolate database due to high severity alerts and engineering alignment,False
easy,trained,full_crisis_episode,18,18,0.8952,0.2,1.0,0.4,1,Chose to isolate database despite conflicting stakeholder signals (Finance may be compromised),False
easy,trained,full_crisis_episode,18,19,0.8935,0.2,0.8,0.5,1,Chose to isolate database despite conflicting stakeholder signals (Engineering may be compromised),False
easy,trained,full_crisis_episode,18,20,0.8918,0.3,0.8,0.3,3,"Increased monitoring on database — threat level elevated, gathering evidence before committing to isolation",False
easy,trained,full_crisis_episode,19,1,0.9625,0.8,0.7,0.8,0,Monitoring comms to track attacker movement without disrupting uptime,False
easy,trained,full_crisis_episode,19,2,0.9608,0.8,0.8,0.9,0,Patching api_gateway to reduce attacker foothold and recover system integrity,False
easy,trained,full_crisis_episode,19,3,1.0,0.8,0.8,1.0,3,Investigating due to uncertainty in alert validity,False
easy,trained,full_crisis_episode,19,4,0.9575,0.8,0.6,0.8,3,Patching api_gateway to reduce attacker foothold and recover system integrity,False
easy,trained,full_crisis_episode,19,5,0.9558,0.8,0.4,0.6,3,Patching api_gateway to reduce attacker foothold and recover system integrity,False
easy,trained,full_crisis_episode,19,6,0.9542,0.8,0.2,0.4,2,Patching api_gateway to reduce attacker foothold and recover system integrity,False
easy,trained,full_crisis_episode,19,7,0.9525,0.8,0.0,0.2,1,Patching api_gateway to reduce attacker foothold and recover system integrity,False
easy,trained,full_crisis_episode,19,8,0.9508,0.8,0.1,0.3,0,Patching api_gateway to reduce attacker foothold and recover system integrity,False
easy,trained,full_crisis_episode,19,9,0.9492,0.8,0.2,0.4,1,Patching api_gateway to reduce attacker foothold and recover system integrity,False
easy,trained,full_crisis_episode,19,10,0.9475,0.6,0.2,0.5,1,Monitoring api_gateway to track attacker movement without disrupting uptime,False
easy,trained,full_crisis_episode,19,11,0.9458,0.6,0.3,0.3,0,Patching api_gateway to reduce attacker foothold and recover system integrity,False
easy,trained,full_crisis_episode,19,12,0.9442,0.6,0.4,0.4,1,Patching api_gateway to reduce attacker foothold and recover system integrity,False
easy,trained,full_crisis_episode,19,13,0.9425,0.6,0.2,0.5,0,Patching api_gateway to reduce attacker foothold and recover system integrity,False
easy,trained,full_crisis_episode,19,14,0.9408,0.7,0.2,0.6,2,Monitoring api_gateway to track attacker movement without disrupting uptime,False
easy,trained,full_crisis_episode,19,15,0.9392,0.5,0.2,0.4,1,Monitoring api_gateway to track attacker movement without disrupting uptime,False
easy,trained,full_crisis_episode,19,16,0.9375,0.6,0.2,0.5,1,Monitoring internal_tools to track attacker movement without disrupting uptime,False
easy,trained,full_crisis_episode,19,17,0.9358,0.7,0.2,0.6,0,Monitoring internal_tools to track attacker movement without disrupting uptime,False
easy,trained,full_crisis_episode,19,18,0.9342,0.8,0.2,0.7,1,"Increased monitoring on internal_tools — threat level elevated, gathering evidence before committing to isolation",False
easy,trained,full_crisis_episode,19,19,0.9325,0.9,0.2,0.5,2,"Increased monitoring on internal_tools — threat level elevated, gathering evidence before committing to isolation",False
easy,trained,full_crisis_episode,19,20,0.9308,0.7,0.2,0.3,2,"Increased monitoring on auth_server — threat level elevated, gathering evidence before committing to isolation",False
easy,trained,full_crisis_episode,20,1,0.9625,0.8,0.7,0.8,0,Monitoring api_gateway to track attacker movement without disrupting uptime,False
easy,trained,full_crisis_episode,20,2,0.9608,0.8,0.8,0.9,1,Patching api_gateway to reduce attacker foothold and recover system integrity,False
easy,trained,full_crisis_episode,20,3,0.9592,0.8,0.6,1.0,0,Patching api_gateway to reduce attacker foothold and recover system integrity,False
easy,trained,full_crisis_episode,20,4,0.9575,0.9,0.6,1.0,1,Monitoring api_gateway to track attacker movement without disrupting uptime,False
easy,trained,full_crisis_episode,20,5,0.9558,0.9,0.7,1.0,2,Patching api_gateway to reduce attacker foothold and recover system integrity,False
easy,trained,full_crisis_episode,20,6,0.9542,0.9,0.5,1.0,2,Patching api_gateway to reduce attacker foothold and recover system integrity,False
easy,trained,full_crisis_episode,20,7,0.9525,0.9,0.3,0.8,1,Patching api_gateway to reduce attacker foothold and recover system integrity,False
easy,trained,full_crisis_episode,20,8,0.9508,0.9,0.1,0.9,0,Patching api_gateway to reduce attacker foothold and recover system integrity,False
easy,trained,full_crisis_episode,20,9,0.9492,0.9,0.2,1.0,2,Patching api_gateway to reduce attacker foothold and recover system integrity,False
easy,trained,full_crisis_episode,20,10,0.9475,0.7,0.2,0.8,2,Monitoring api_gateway to track attacker movement without disrupting uptime,False
easy,trained,full_crisis_episode,20,11,0.9458,0.7,0.0,0.9,2,Patching api_gateway to reduce attacker foothold and recover system integrity,False
easy,trained,full_crisis_episode,20,12,0.9442,0.7,0.1,0.7,2,Patching api_gateway to reduce attacker foothold and recover system integrity,False
easy,trained,full_crisis_episode,20,13,0.9425,0.5,0.1,0.8,2,Monitoring api_gateway to track attacker movement without disrupting uptime,False
easy,trained,full_crisis_episode,20,14,0.9408,0.5,0.0,0.6,2,Patching api_gateway to reduce attacker foothold and recover system integrity,False
easy,trained,full_crisis_episode,20,15,0.9392,0.3,0.0,0.4,1,Monitoring api_gateway to track attacker movement without disrupting uptime,False
easy,trained,full_crisis_episode,20,16,0.9375,0.1,0.0,0.5,1,Monitoring api_gateway to track attacker movement without disrupting uptime,False
easy,trained,full_crisis_episode,20,17,0.9358,0.2,0.0,0.6,1,Monitoring api_gateway to track attacker movement without disrupting uptime,False
easy,trained,full_crisis_episode,20,18,0.9342,0.3,0.0,0.4,0,"Increased monitoring on internal_tools — threat level elevated, gathering evidence before committing to isolation",False
easy,trained,full_crisis_episode,20,19,0.9325,0.4,0.0,0.5,1,"Increased monitoring on internal_tools — threat level elevated, gathering evidence before committing to isolation",False
easy,trained,full_crisis_episode,20,20,0.9308,0.5,0.0,0.3,1,"Increased monitoring on auth_server — threat level elevated, gathering evidence before committing to isolation",False
medium,random,alert_triage,1,1,0.5,0.7,0.7,0.7,0,,True
medium,random,alert_triage,2,1,0.5,0.7,0.7,0.7,0,,True
medium,random,alert_triage,3,1,0.6,0.7,0.7,0.7,0,,True
medium,random,alert_triage,4,1,0.8,0.7,0.7,0.7,0,,True
medium,random,alert_triage,5,1,0.8,0.7,0.7,0.7,0,,True
medium,random,alert_triage,6,1,0.6364,0.7,0.7,0.7,0,,True
medium,random,alert_triage,7,1,0.5,0.7,0.7,0.7,0,,True
medium,random,alert_triage,8,1,0.4,0.7,0.7,0.7,0,,True
medium,random,alert_triage,9,1,0.5455,0.7,0.7,0.7,0,,True
medium,random,alert_triage,10,1,0.8,0.7,0.7,0.7,0,,True
medium,random,alert_triage,11,1,0.6364,0.7,0.7,0.7,0,,True
medium,random,alert_triage,12,1,0.5,0.7,0.7,0.7,0,,True
medium,random,alert_triage,13,1,0.7,0.7,0.7,0.7,0,,True
medium,random,alert_triage,14,1,0.6,0.7,0.7,0.7,0,,True
medium,random,alert_triage,15,1,0.7,0.7,0.7,0.7,0,,True
medium,random,alert_triage,16,1,0.6,0.7,0.7,0.7,0,,True
medium,random,alert_triage,17,1,0.6364,0.7,0.7,0.7,0,,True
medium,random,alert_triage,18,1,0.6,0.7,0.7,0.7,0,,True
medium,random,alert_triage,19,1,0.7,0.7,0.7,0.7,0,,True
medium,random,alert_triage,20,1,0.7273,0.7,0.7,0.7,0,,True
medium,random,stakeholder_argument,1,1,0.65,0.7,0.7,0.7,0,,False
medium,random,stakeholder_argument,1,2,0.3,0.7,0.7,0.7,0,,True
medium,random,stakeholder_argument,2,1,0.1,0.7,0.7,0.7,0,,False
medium,random,stakeholder_argument,2,2,0.1,0.7,0.7,0.7,0,,False
medium,random,stakeholder_argument,2,3,0.65,0.7,0.7,0.7,0,,False
medium,random,stakeholder_argument,2,4,0.3,0.7,0.7,0.7,0,,True
medium,random,stakeholder_argument,3,1,0.65,0.7,0.7,0.7,0,,False
medium,random,stakeholder_argument,3,2,0.3,0.7,0.7,0.7,0,,True
medium,random,stakeholder_argument,4,1,0.65,0.7,0.7,0.7,0,,False
medium,random,stakeholder_argument,4,2,0.3,0.7,0.7,0.7,0,,True
medium,random,stakeholder_argument,5,1,0.1,0.7,0.7,0.7,0,,False
medium,random,stakeholder_argument,5,2,0.1,0.7,0.7,0.7,0,,False
medium,random,stakeholder_argument,5,3,0.1,0.7,0.7,0.7,0,,False
medium,random,stakeholder_argument,5,4,0.1,0.7,0.7,0.7,0,,False
medium,random,stakeholder_argument,5,5,0.1,0.7,0.7,0.7,0,,True
medium,random,stakeholder_argument,6,1,0.1,0.7,0.7,0.7,0,,False
medium,random,stakeholder_argument,6,2,0.1,0.7,0.7,0.7,0,,False
medium,random,stakeholder_argument,6,3,0.65,0.7,0.7,0.7,0,,False
medium,random,stakeholder_argument,6,4,0.3,0.7,0.7,0.7,0,,True
medium,random,stakeholder_argument,7,1,0.65,0.7,0.7,0.7,0,,False
medium,random,stakeholder_argument,7,2,0.3,0.7,0.7,0.7,0,,True
medium,random,stakeholder_argument,8,1,0.65,0.7,0.7,0.7,0,,False
medium,random,stakeholder_argument,8,2,0.3,0.7,0.7,0.7,0,,True
medium,random,stakeholder_argument,9,1,0.1,0.7,0.7,0.7,0,,False
medium,random,stakeholder_argument,9,2,0.1,0.7,0.7,0.7,0,,False
medium,random,stakeholder_argument,9,3,0.65,0.7,0.7,0.7,0,,False
medium,random,stakeholder_argument,9,4,0.3,0.7,0.7,0.7,0,,True
medium,random,stakeholder_argument,10,1,0.1,0.7,0.7,0.7,0,,False
medium,random,stakeholder_argument,10,2,0.1,0.7,0.7,0.7,0,,False
medium,random,stakeholder_argument,10,3,0.1,0.7,0.7,0.7,0,,False
medium,random,stakeholder_argument,10,4,0.1,0.7,0.7,0.7,0,,False
medium,random,stakeholder_argument,10,5,0.65,0.7,0.7,0.7,0,,False
medium,random,stakeholder_argument,10,6,0.3,0.7,0.7,0.7,0,,True
medium,random,stakeholder_argument,11,1,0.1,0.7,0.7,0.7,0,,False
medium,random,stakeholder_argument,11,2,0.65,0.7,0.7,0.7,0,,False
medium,random,stakeholder_argument,11,3,0.3,0.7,0.7,0.7,0,,True
medium,random,stakeholder_argument,12,1,0.1,0.7,0.7,0.7,0,,False
medium,random,stakeholder_argument,12,2,0.1,0.7,0.7,0.7,0,,False
medium,random,stakeholder_argument,12,3,0.65,0.7,0.7,0.7,0,,False
medium,random,stakeholder_argument,12,4,0.3,0.7,0.7,0.7,0,,True
medium,random,stakeholder_argument,13,1,0.65,0.7,0.7,0.7,0,,False
medium,random,stakeholder_argument,13,2,0.3,0.7,0.7,0.7,0,,True
medium,random,stakeholder_argument,14,1,0.65,0.7,0.7,0.7,0,,False
medium,random,stakeholder_argument,14,2,0.3,0.7,0.7,0.7,0,,True
medium,random,stakeholder_argument,15,1,0.65,0.7,0.7,0.7,0,,False
medium,random,stakeholder_argument,15,2,0.3,0.7,0.7,0.7,0,,True
medium,random,stakeholder_argument,16,1,0.65,0.7,0.7,0.7,0,,False
medium,random,stakeholder_argument,16,2,0.3,0.7,0.7,0.7,0,,True
medium,random,stakeholder_argument,17,1,0.1,0.7,0.7,0.7,0,,False
medium,random,stakeholder_argument,17,2,0.65,0.7,0.7,0.7,0,,False
medium,random,stakeholder_argument,17,3,0.3,0.7,0.7,0.7,0,,True
medium,random,stakeholder_argument,18,1,0.65,0.7,0.7,0.7,0,,False
medium,random,stakeholder_argument,18,2,0.3,0.7,0.7,0.7,0,,True
medium,random,stakeholder_argument,19,1,0.1,0.7,0.7,0.7,0,,False
medium,random,stakeholder_argument,19,2,0.65,0.7,0.7,0.7,0,,False
medium,random,stakeholder_argument,19,3,0.3,0.7,0.7,0.7,0,,True
medium,random,stakeholder_argument,20,1,0.1,0.7,0.7,0.7,0,,False
medium,random,stakeholder_argument,20,2,0.65,0.7,0.7,0.7,0,,False
medium,random,stakeholder_argument,20,3,0.3,0.7,0.7,0.7,0,,True
medium,random,full_crisis_episode,1,1,0.9625,0.8,0.7,0.8,1,Monitoring api_gateway to track attacker movement without disrupting uptime,False
medium,random,full_crisis_episode,1,2,0.9608,0.6,0.7,0.8,1,Sending situational update to maintain stakeholder alignment,False
medium,random,full_crisis_episode,1,3,0.9592,0.4,0.7,0.9,1,Followed stakeholder advice despite inconsistency — Finance signals may not be trustworthy,False
medium,random,full_crisis_episode,1,4,0.9575,0.5,0.7,0.7,1,"Increased monitoring on database — threat level elevated, gathering evidence before committing to isolation",False
medium,random,full_crisis_episode,1,5,0.9558,0.3,0.7,0.7,1,Sending situational update to maintain stakeholder alignment,False
medium,random,full_crisis_episode,1,6,0.9542,0.4,0.7,0.7,1,Sending situational update to maintain stakeholder alignment,False
medium,random,full_crisis_episode,1,7,0.9525,0.5,0.7,0.7,2,Sending situational update to maintain stakeholder alignment,False
medium,random,full_crisis_episode,1,8,0.9508,0.6,0.7,0.5,0,No action taken this step — waiting for more information or debate resolution,False
medium,random,full_crisis_episode,1,9,0.9492,0.6,0.8,0.6,2,Patching database to reduce attacker foothold and recover system integrity,False
medium,random,full_crisis_episode,1,10,0.9075,0.6,0.8,0.4,1,Investigating due to uncertainty in alert validity — high severity signals present but source unconfirmed,False
medium,random,full_crisis_episode,1,11,0.5958,0.6,0.9,0.5,3,Patching database to reduce attacker foothold and recover system integrity,True
medium,random,full_crisis_episode,2,1,0.9225,0.7,0.7,0.8,1,Investigating due to uncertainty in alert validity,False
medium,random,full_crisis_episode,2,2,0.9608,0.8,0.7,0.8,1,Sending situational update to maintain stakeholder alignment,False
medium,random,full_crisis_episode,2,3,0.9467,0.8,0.8,0.9,1,Chose to isolate auth_server despite conflicting stakeholder signals (Finance may be compromised),False
medium,random,full_crisis_episode,2,4,0.945,0.9,0.8,1.0,1,No action taken this step — waiting for more information or debate resolution,False
medium,random,full_crisis_episode,2,5,0.9558,1.0,0.8,1.0,0,Sending situational update to maintain stakeholder alignment,False
medium,random,full_crisis_episode,2,6,0.9152,1.0,0.9,1.0,0,Chose to isolate internal_tools due to low confidence signals and engineering alignment,False
medium,random,full_crisis_episode,2,7,1.0,1.0,0.9,1.0,2,Investigating due to uncertainty in alert validity,False
medium,random,full_crisis_episode,2,8,0.9118,1.0,0.9,0.8,2,"Followed stakeholder advice despite inconsistency — Engineering, PR signals may not be trustworthy",False
medium,random,full_crisis_episode,2,9,0.9102,0.8,0.9,0.6,0,No action taken this step — waiting for more information or debate resolution,False
medium,random,full_crisis_episode,2,10,0.9085,0.9,0.9,0.6,2,Sending situational update to maintain stakeholder alignment,False
medium,random,full_crisis_episode,2,11,0.8668,0.9,0.9,0.4,2,Investigating due to uncertainty in alert validity,False
medium,random,full_crisis_episode,2,12,0.9052,0.7,0.9,0.5,1,"Increased monitoring on internal_tools — threat level elevated, gathering evidence before committing to isolation",False
medium,random,full_crisis_episode,2,13,0.9035,0.8,0.9,0.5,0,Sending situational update to maintain stakeholder alignment,False
medium,random,full_crisis_episode,2,14,0.9018,0.8,1.0,0.6,0,Patching auth_server to reduce attacker foothold and recover system integrity,False
medium,random,full_crisis_episode,2,15,0.8612,0.8,1.0,0.7,0,Chose to isolate database due to high severity alerts and engineering alignment,False
medium,random,full_crisis_episode,2,16,0.8595,0.9,1.0,0.7,1,Sending situational update to maintain stakeholder alignment,False
medium,random,full_crisis_episode,2,17,0.8578,0.9,1.0,0.8,0,Patching api_gateway to reduce attacker foothold and recover system integrity,False
medium,random,full_crisis_episode,2,18,0.8437,0.9,1.0,0.9,0,Chose to isolate auth_server due to high severity alerts and engineering alignment,False
medium,random,full_crisis_episode,2,19,0.842,1.0,1.0,1.0,0,No action taken this step — waiting for more information or debate resolution,False
medium,random,full_crisis_episode,2,20,0.8253,1.0,1.0,1.0,0,No action taken this step — waiting for more information or debate resolution,False
medium,random,full_crisis_episode,3,1,0.9625,0.8,0.7,0.8,1,Monitoring internal_tools to track attacker movement without disrupting uptime,False
medium,random,full_crisis_episode,3,2,0.9608,0.6,0.7,0.8,1,Sending situational update to maintain stakeholder alignment,False
medium,random,full_crisis_episode,3,3,0.9202,0.6,0.8,0.6,2,Chose to isolate api_gateway despite conflicting stakeholder signals (PR may be compromised),False
medium,random,full_crisis_episode,3,4,0.9185,0.4,0.8,0.4,1,"Followed stakeholder advice despite inconsistency — Finance, PR signals may not be trustworthy",False
medium,random,full_crisis_episode,3,5,0.9168,0.4,0.9,0.5,0,Patching auth_server to reduce attacker foothold and recover system integrity,False
medium,random,full_crisis_episode,3,6,0.9152,0.5,0.9,0.5,1,Sending situational update to maintain stakeholder alignment,False
medium,random,full_crisis_episode,3,7,0.9135,0.3,0.9,0.5,0,Sending situational update to maintain stakeholder alignment,False
medium,random,full_crisis_episode,3,8,0.9118,0.4,0.9,0.6,1,Ignored alerts due to low confidence and conflicting signals,False
medium,random,full_crisis_episode,3,9,0.9102,0.4,1.0,0.7,2,Chose to isolate api_gateway despite conflicting stakeholder signals (Finance may be compromised),False
medium,random,full_crisis_episode,3,10,0.9085,0.2,1.0,0.8,0,No action taken this step — waiting for more information or debate resolution,False
medium,random,full_crisis_episode,3,11,0.9068,0.3,1.0,0.9,0,No action taken this step — waiting for more information or debate resolution,False
medium,random,full_crisis_episode,3,12,0.9052,0.4,1.0,1.0,0,"Increased monitoring on api_gateway — threat level elevated, gathering evidence before committing to isolation",False
medium,random,full_crisis_episode,3,13,0.9035,0.5,1.0,1.0,2,Ignored alerts due to low confidence and conflicting signals,False
medium,random,full_crisis_episode,3,14,0.9018,0.6,1.0,1.0,1,Sending situational update to maintain stakeholder alignment,False
medium,random,full_crisis_episode,3,15,0.8612,0.6,1.0,1.0,1,Chose to isolate internal_tools despite conflicting stakeholder signals (Finance may be compromised),False
medium,random,full_crisis_episode,3,16,0.8595,0.7,1.0,1.0,0,Sending situational update to maintain stakeholder alignment,False
medium,random,full_crisis_episode,3,17,0.8578,0.8,1.0,1.0,0,"Increased monitoring on auth_server — threat level elevated, gathering evidence before committing to isolation",False
medium,random,full_crisis_episode,3,18,0.8562,0.8,1.0,1.0,0,Chose to isolate api_gateway due to high severity alerts and engineering alignment,False
medium,random,full_crisis_episode,3,19,0.8545,0.8,1.0,1.0,1,Patching database to reduce attacker foothold and recover system integrity,False
medium,random,full_crisis_episode,3,20,0.8528,0.9,1.0,1.0,0,Sending situational update to maintain stakeholder alignment,False
medium,random,full_crisis_episode,4,1,0.9625,0.8,0.7,0.8,2,Monitoring auth_server to track attacker movement without disrupting uptime,False
medium,random,full_crisis_episode,4,2,0.9608,0.8,0.5,0.9,2,Patching api_gateway to reduce attacker foothold and recover system integrity,False
medium,random,full_crisis_episode,4,3,0.9592,0.6,0.5,1.0,0,No action taken this step — waiting for more information or debate resolution,False
medium,random,full_crisis_episode,4,4,0.9575,0.7,0.5,1.0,2,Monitoring database to track attacker movement without disrupting uptime,False
medium,random,full_crisis_episode,4,5,0.9558,0.5,0.5,0.8,3,"Followed stakeholder advice despite inconsistency — Finance, PR signals may not be trustworthy",False
medium,random,full_crisis_episode,4,6,0.9417,0.5,0.3,0.6,0,"Chose to isolate auth_server despite conflicting stakeholder signals (Finance, Engineering, PR may be compromised)",False
medium,random,full_crisis_episode,4,7,0.94,0.6,0.3,0.7,2,No action taken this step — waiting for more information or debate resolution,False
medium,random,full_crisis_episode,4,8,0.9233,0.7,0.3,0.5,0,No action taken this step — waiting for more information or debate resolution,False
medium,random,full_crisis_episode,4,9,0.9067,0.8,0.3,0.6,1,No action taken this step — waiting for more information or debate resolution,False
medium,random,full_crisis_episode,4,10,0.54,0.9,0.3,0.7,1,No action taken this step — waiting for more information or debate resolution,True
medium,random,full_crisis_episode,5,1,0.9625,0.8,0.7,0.7,0,Sending situational update to maintain stakeholder alignment,False
medium,random,full_crisis_episode,5,2,0.9608,0.9,0.7,0.8,0,No action taken this step — waiting for more information or debate resolution,False
medium,random,full_crisis_episode,5,3,0.9592,1.0,0.7,0.9,1,No action taken this step — waiting for more information or debate resolution,False
medium,random,full_crisis_episode,5,4,0.9575,0.8,0.7,0.9,1,Sending situational update to maintain stakeholder alignment,False
medium,random,full_crisis_episode,5,5,0.9558,0.9,0.7,0.7,1,Followed stakeholder advice despite inconsistency — PR signals may not be trustworthy,False
medium,random,full_crisis_episode,5,6,0.9152,0.9,0.5,0.8,2,Chose to isolate api_gateway despite conflicting stakeholder signals (Engineering may be compromised),False
medium,random,full_crisis_episode,5,7,0.9135,1.0,0.5,0.8,1,Sending situational update to maintain stakeholder alignment,False
medium,random,full_crisis_episode,5,8,0.9118,0.8,0.5,0.8,2,Sending situational update to maintain stakeholder alignment,False
medium,random,full_crisis_episode,5,9,0.9102,0.6,0.5,0.6,2,"Followed stakeholder advice despite inconsistency — Finance, PR signals may not be trustworthy",False
medium,random,full_crisis_episode,5,10,0.5585,0.7,0.5,0.4,2,"Followed stakeholder advice despite inconsistency — Engineering, PR signals may not be trustworthy",True
medium,random,full_crisis_episode,6,1,0.9225,0.7,0.7,0.8,0,Investigating due to uncertainty in alert validity,False
medium,random,full_crisis_episode,6,2,0.9608,0.8,0.7,0.9,2,No action taken this step — waiting for more information or debate resolution,False
medium,random,full_crisis_episode,6,3,0.9467,0.8,0.5,1.0,0,"Chose to isolate auth_server despite conflicting stakeholder signals (Finance, Engineering may be compromised)",False
medium,random,full_crisis_episode,6,4,0.945,0.9,0.5,1.0,1,No action taken this step — waiting for more information or debate resolution,False
medium,random,full_crisis_episode,6,5,0.9283,1.0,0.5,1.0,0,No action taken this step — waiting for more information or debate resolution,False
medium,random,full_crisis_episode,6,6,0.9117,1.0,0.5,1.0,1,No action taken this step — waiting for more information or debate resolution,False
medium,random,full_crisis_episode,6,7,0.895,1.0,0.5,1.0,1,No action taken this step — waiting for more information or debate resolution,False
medium,random,full_crisis_episode,6,8,0.8783,1.0,0.5,1.0,1,No action taken this step — waiting for more information or debate resolution,False
medium,random,full_crisis_episode,6,9,0.8742,1.0,0.5,0.8,1,No action taken this step — waiting for more information or debate resolution,False
medium,random,full_crisis_episode,6,10,0.8725,0.8,0.5,0.9,2,No action taken this step — waiting for more information or debate resolution,False
medium,random,full_crisis_episode,6,11,0.8708,0.9,0.5,0.7,1,No action taken this step — waiting for more information or debate resolution,False
medium,random,full_crisis_episode,6,12,0.8692,1.0,0.5,0.8,1,No action taken this step — waiting for more information or debate resolution,False
medium,random,full_crisis_episode,6,13,0.5925,1.0,0.5,0.8,0,Sending situational update to maintain stakeholder alignment,True
medium,random,full_crisis_episode,7,1,0.9625,0.7,0.8,0.8,2,Patching internal_tools to reduce attacker foothold and recover system integrity,False
medium,random,full_crisis_episode,7,2,0.9608,0.5,0.8,0.9,1,Monitoring auth_server to track attacker movement without disrupting uptime,False
medium,random,full_crisis_episode,7,3,0.9592,0.5,0.9,1.0,2,Patching api_gateway to reduce attacker foothold and recover system integrity,False
medium,random,full_crisis_episode,7,4,0.9575,0.3,0.9,0.8,2,No action taken this step — waiting for more information or debate resolution,False
medium,random,full_crisis_episode,7,5,0.9558,0.4,0.9,0.6,1,No action taken this step — waiting for more information or debate resolution,False
medium,random,full_crisis_episode,7,6,0.9542,0.5,0.9,0.4,1,"Increased monitoring on api_gateway — threat level elevated, gathering evidence before committing to isolation",False
medium,random,full_crisis_episode,7,7,0.9525,0.5,1.0,0.5,0,Patching database to reduce attacker foothold and recover system integrity,False
medium,random,full_crisis_episode,7,8,0.5608,0.5,1.0,0.6,2,Investigating due to uncertainty in alert validity,True
medium,random,full_crisis_episode,8,1,0.9625,0.8,0.7,0.8,2,Monitoring auth_server to track attacker movement without disrupting uptime,False
medium,random,full_crisis_episode,8,2,0.9608,0.6,0.7,0.6,2,"Followed stakeholder advice despite inconsistency — Finance, PR signals may not be trustworthy",False
medium,random,full_crisis_episode,8,3,0.9202,0.6,0.5,0.4,1,"Chose to isolate internal_tools despite conflicting stakeholder signals (Engineering, PR may be compromised)",False
medium,random,full_crisis_episode,8,4,0.9185,0.6,0.3,0.5,0,Chose to isolate internal_tools despite conflicting stakeholder signals (Engineering may be compromised),False
medium,random,full_crisis_episode,8,5,0.9168,0.7,0.3,0.5,2,Sending situational update to maintain stakeholder alignment,False
medium,random,full_crisis_episode,8,6,0.9152,0.5,0.3,0.3,3,No action taken this step — waiting for more information or debate resolution,False
medium,random,full_crisis_episode,8,7,0.9135,0.5,0.1,0.1,0,"Chose to isolate internal_tools despite conflicting stakeholder signals (Finance, Engineering, PR may be compromised)",False
medium,random,full_crisis_episode,8,8,0.9118,0.5,0.2,0.2,2,Patching api_gateway to reduce attacker foothold and recover system integrity,False
medium,random,full_crisis_episode,8,9,0.9102,0.3,0.2,0.2,1,Sending situational update to maintain stakeholder alignment,False
medium,random,full_crisis_episode,8,10,0.896,0.3,0.3,0.3,1,Chose to isolate auth_server despite conflicting stakeholder signals (Finance may be compromised),False
medium,random,full_crisis_episode,8,11,0.8943,0.4,0.3,0.4,0,No action taken this step — waiting for more information or debate resolution,False
medium,random,full_crisis_episode,8,12,0.8777,0.5,0.3,0.5,2,No action taken this step — waiting for more information or debate resolution,False
medium,random,full_crisis_episode,8,13,0.9035,0.6,0.3,0.5,1,Sending situational update to maintain stakeholder alignment,False
medium,random,full_crisis_episode,8,14,0.5518,0.7,0.3,0.5,0,Sending situational update to maintain stakeholder alignment,True
medium,random,full_crisis_episode,9,1,0.9625,0.8,0.7,0.8,1,Ignored alerts due to low confidence and conflicting signals — Finance opposes action; threat level within tolerance,False
medium,random,full_crisis_episode,9,2,0.9608,0.9,0.7,0.6,1,Followed stakeholder advice despite inconsistency — PR signals may not be trustworthy,False
medium,random,full_crisis_episode,9,3,0.9592,0.9,0.5,0.7,1,Patching api_gateway to reduce attacker foothold and recover system integrity,False
medium,random,full_crisis_episode,9,4,0.9575,1.0,0.5,0.7,1,Sending situational update to maintain stakeholder alignment,False
medium,random,full_crisis_episode,9,5,0.9168,1.0,0.3,0.8,0,Chose to isolate internal_tools despite conflicting stakeholder signals (Engineering may be compromised),False
medium,random,full_crisis_episode,9,6,0.9152,1.0,0.4,0.9,3,Patching internal_tools to reduce attacker foothold and recover system integrity,False
medium,random,full_crisis_episode,9,7,0.901,1.0,0.2,0.7,0,"Chose to isolate auth_server despite conflicting stakeholder signals (Finance, Engineering, PR may be compromised)",False
medium,random,full_crisis_episode,9,8,0.8993,1.0,0.2,0.8,0,No action taken this step — waiting for more information or debate resolution,False
medium,random,full_crisis_episode,9,9,0.8827,1.0,0.2,0.9,2,No action taken this step — waiting for more information or debate resolution,False
medium,random,full_crisis_episode,9,10,0.9085,0.8,0.2,0.9,1,Sending situational update to maintain stakeholder alignment,False
medium,random,full_crisis_episode,9,11,0.8668,0.8,0.2,0.7,3,Investigating due to uncertainty in alert validity,False
medium,random,full_crisis_episode,9,12,0.9052,0.6,0.2,0.7,1,Sending situational update to maintain stakeholder alignment,False
medium,random,full_crisis_episode,9,13,0.9035,0.6,0.0,0.8,1,Patching auth_server to reduce attacker foothold and recover system integrity,False
medium,random,full_crisis_episode,9,14,0.9018,0.7,0.0,0.9,1,Followed stakeholder advice despite inconsistency — Engineering signals may not be trustworthy,False
medium,random,full_crisis_episode,9,15,0.8602,0.7,0.0,1.0,1,Investigating due to uncertainty in alert validity — high severity signals present but source unconfirmed,False
medium,random,full_crisis_episode,9,16,0.8985,0.8,0.0,1.0,1,"Increased monitoring on database — threat level elevated, gathering evidence before committing to isolation",False
medium,random,full_crisis_episode,9,17,0.8578,0.8,0.1,1.0,3,Chose to isolate api_gateway despite conflicting stakeholder signals (Finance may be compromised),False
medium,random,full_crisis_episode,9,18,0.5062,0.6,0.1,0.8,2,"Followed stakeholder advice despite inconsistency — Finance, Engineering, PR signals may not be trustworthy",True
medium,random,full_crisis_episode,10,1,0.9625,0.8,0.7,0.7,0,Sending situational update to maintain stakeholder alignment,False
medium,random,full_crisis_episode,10,2,0.9608,0.9,0.7,0.8,1,No action taken this step — waiting for more information or debate resolution,False
medium,random,full_crisis_episode,10,3,0.9192,0.9,0.7,0.9,1,Investigating due to uncertainty in alert validity — high severity signals present but source unconfirmed,False
medium,random,full_crisis_episode,10,4,0.9575,1.0,0.7,1.0,2,No action taken this step — waiting for more information or debate resolution,False
medium,random,full_crisis_episode,10,5,0.9558,0.8,0.7,1.0,1,"Increased monitoring on database — threat level elevated, gathering evidence before committing to isolation",False
medium,random,full_crisis_episode,10,6,0.9142,0.8,0.7,1.0,1,Investigating due to uncertainty in alert validity,False
medium,random,full_crisis_episode,10,7,0.9125,0.8,0.7,0.8,0,Investigating due to uncertainty in alert validity,False
medium,random,full_crisis_episode,10,8,0.9508,0.8,0.8,0.9,1,Patching auth_server to reduce attacker foothold and recover system integrity,False
medium,random,full_crisis_episode,10,9,0.9102,0.8,0.6,1.0,0,Chose to isolate api_gateway despite conflicting stakeholder signals (Engineering may be compromised),False
medium,random,full_crisis_episode,10,10,0.5585,0.9,0.6,1.0,3,"Increased monitoring on internal_tools — threat level elevated, gathering evidence before committing to isolation",True
medium,random,full_crisis_episode,11,1,0.9625,0.8,0.7,0.8,0,Ignored alerts due to low confidence and conflicting signals — Finance opposes action; threat level within tolerance,False
medium,random,full_crisis_episode,11,2,0.9483,0.8,0.8,0.9,0,Chose to isolate auth_server due to low confidence signals and engineering alignment,False
medium,random,full_crisis_episode,11,3,0.9467,0.9,0.8,1.0,1,No action taken this step — waiting for more information or debate resolution,False
medium,random,full_crisis_episode,11,4,0.93,0.7,0.8,1.0,2,No action taken this step — waiting for more information or debate resolution,False
medium,random,full_crisis_episode,11,5,0.9133,0.8,0.8,0.8,1,No action taken this step — waiting for more information or debate resolution,False
medium,random,full_crisis_episode,11,6,0.8967,0.6,0.8,0.9,1,No action taken this step — waiting for more information or debate resolution,False
medium,random,full_crisis_episode,11,7,0.88,0.4,0.8,1.0,1,No action taken this step — waiting for more information or debate resolution,False
medium,random,full_crisis_episode,11,8,0.8758,0.5,0.8,0.8,2,No action taken this step — waiting for more information or debate resolution,False
medium,random,full_crisis_episode,11,9,0.5242,0.3,0.8,0.6,3,No action taken this step — waiting for more information or debate resolution,True
medium,random,full_crisis_episode,12,1,0.9625,0.8,0.7,0.8,0,Ignored alerts due to low confidence and conflicting signals — Finance opposes action; threat level within tolerance,False
medium,random,full_crisis_episode,12,2,0.9608,0.9,0.7,0.9,2,Ignored alerts due to low confidence and conflicting signals — Finance opposes action; threat level within tolerance,False
medium,random,full_crisis_episode,12,3,0.9592,0.9,0.5,1.0,1,Patching database to reduce attacker foothold and recover system integrity,False
medium,random,full_crisis_episode,12,4,0.9575,0.7,0.5,1.0,0,Monitoring api_gateway to track attacker movement without disrupting uptime,False
medium,random,full_crisis_episode,12,5,0.9158,0.7,0.5,1.0,2,Investigating due to uncertainty in alert validity,False
medium,random,full_crisis_episode,12,6,0.9542,0.7,0.6,0.8,1,Patching internal_tools to reduce attacker foothold and recover system integrity,False
medium,random,full_crisis_episode,12,7,0.9525,0.8,0.6,0.9,2,Followed stakeholder advice despite inconsistency — Engineering signals may not be trustworthy,False
medium,random,full_crisis_episode,12,8,0.9508,0.6,0.6,0.7,1,No action taken this step — waiting for more information or debate resolution,False
medium,random,full_crisis_episode,12,9,0.9092,0.6,0.6,0.5,1,Investigating due to uncertainty in alert validity,False
medium,random,full_crisis_episode,12,10,0.9475,0.4,0.6,0.5,1,Sending situational update to maintain stakeholder alignment,False
medium,random,full_crisis_episode,12,11,0.9458,0.2,0.6,0.6,2,"Increased monitoring on database — threat level elevated, gathering evidence before committing to isolation",False
medium,random,full_crisis_episode,12,12,1.0,0.2,0.6,0.4,2,Investigating due to uncertainty in alert validity,False
medium,random,full_crisis_episode,12,13,0.58,0.2,0.7,0.2,2,"Chose to isolate auth_server despite conflicting stakeholder signals (Finance, PR may be compromised)",True
medium,random,full_crisis_episode,13,1,0.9625,0.7,0.8,0.8,1,Patching auth_server to reduce attacker foothold and recover system integrity,False
medium,random,full_crisis_episode,13,2,0.9608,0.7,0.9,0.9,2,Patching database to reduce attacker foothold and recover system integrity,False
medium,random,full_crisis_episode,13,3,0.9192,0.7,0.9,0.7,2,Investigating due to uncertainty in alert validity — high severity signals present but source unconfirmed,False
medium,random,full_crisis_episode,13,4,0.9575,0.7,0.7,0.8,2,Patching internal_tools to reduce attacker foothold and recover system integrity,False
medium,random,full_crisis_episode,13,5,0.9558,0.5,0.7,0.8,1,Sending situational update to maintain stakeholder alignment,False
medium,random,full_crisis_episode,13,6,0.9542,0.5,0.8,0.9,2,Patching database to reduce attacker foothold and recover system integrity,False
medium,random,full_crisis_episode,13,7,0.9525,0.6,0.8,0.7,1,"Followed stakeholder advice despite inconsistency — Engineering, PR signals may not be trustworthy",False
medium,random,full_crisis_episode,13,8,0.9508,0.4,0.8,0.7,0,Sending situational update to maintain stakeholder alignment,False
medium,random,full_crisis_episode,13,9,0.9102,0.4,0.9,0.8,1,Chose to isolate api_gateway due to high severity alerts and engineering alignment,False
medium,random,full_crisis_episode,13,10,0.9085,0.5,0.9,0.6,0,Followed stakeholder advice despite inconsistency — PR signals may not be trustworthy,False
medium,random,full_crisis_episode,13,11,0.9068,0.6,0.9,0.6,0,Sending situational update to maintain stakeholder alignment,False
medium,random,full_crisis_episode,13,12,0.9052,0.7,0.9,0.7,2,No action taken this step — waiting for more information or debate resolution,False
medium,random,full_crisis_episode,13,13,0.9035,0.7,0.7,0.5,0,"Chose to isolate api_gateway despite conflicting stakeholder signals (Engineering, PR may be compromised)",False
medium,random,full_crisis_episode,13,14,0.5518,0.8,0.7,0.5,0,Sending situational update to maintain stakeholder alignment,True
medium,random,full_crisis_episode,14,1,0.9235,0.7,0.8,0.8,1,Chose to isolate internal_tools due to low confidence signals and engineering alignment,False
medium,random,full_crisis_episode,14,2,0.8828,0.7,0.9,0.9,2,Chose to isolate database despite conflicting stakeholder signals (Finance may be compromised),False
medium,random,full_crisis_episode,14,3,0.8412,0.7,0.9,0.7,1,Investigating due to uncertainty in alert validity,False
medium,random,full_crisis_episode,14,4,0.8795,0.8,0.9,0.5,0,Followed stakeholder advice despite inconsistency — PR signals may not be trustworthy,False
medium,random,full_crisis_episode,14,5,0.8778,0.9,0.9,0.5,2,Sending situational update to maintain stakeholder alignment,False
medium,random,full_crisis_episode,14,6,0.8362,0.9,0.9,0.6,1,Investigating due to uncertainty in alert validity,False
medium,random,full_crisis_episode,14,7,0.8355,0.9,0.7,0.7,1,Chose to isolate api_gateway despite conflicting stakeholder signals (Engineering may be compromised),False
medium,random,full_crisis_episode,14,8,0.7938,0.9,0.7,0.8,1,Investigating due to uncertainty in alert validity — high severity signals present but source unconfirmed,False
medium,random,full_crisis_episode,14,9,0.9322,0.9,0.7,0.9,3,Investigating due to uncertainty in alert validity — high severity signals present but source unconfirmed,False
medium,random,full_crisis_episode,14,10,0.8305,0.7,0.7,0.9,1,Sending situational update to maintain stakeholder alignment,False
medium,random,full_crisis_episode,14,11,0.8288,0.5,0.7,1.0,0,"Increased monitoring on database — threat level elevated, gathering evidence before committing to isolation",False
medium,random,full_crisis_episode,14,12,0.8272,0.5,0.8,1.0,1,Chose to isolate database due to low confidence signals and engineering alignment,False
medium,random,full_crisis_episode,14,13,0.8255,0.6,0.8,0.8,1,Followed stakeholder advice despite inconsistency — PR signals may not be trustworthy,False
medium,random,full_crisis_episode,14,14,0.8238,0.6,0.9,0.6,1,Patching internal_tools to reduce attacker foothold and recover system integrity,False
medium,random,full_crisis_episode,14,15,0.8222,0.4,0.9,0.6,2,Sending situational update to maintain stakeholder alignment,False
medium,random,full_crisis_episode,14,16,0.8205,0.2,0.9,0.4,1,No action taken this step — waiting for more information or debate resolution,False
medium,random,full_crisis_episode,14,17,0.8188,0.3,0.9,0.2,2,"Increased monitoring on internal_tools — threat level elevated, gathering evidence before committing to isolation",False
medium,random,full_crisis_episode,14,18,0.8172,0.4,0.9,0.0,2,"Followed stakeholder advice despite inconsistency — Engineering, PR signals may not be trustworthy",False
medium,random,full_crisis_episode,14,19,0.4655,0.4,1.0,0.0,1,"Chose to isolate api_gateway despite conflicting stakeholder signals (Finance, PR may be compromised)",True
medium,random,full_crisis_episode,15,1,0.9625,0.8,0.7,0.8,1,Monitoring api_gateway to track attacker movement without disrupting uptime,False
medium,random,full_crisis_episode,15,2,0.9608,0.8,0.5,0.9,2,Patching api_gateway to reduce attacker foothold and recover system integrity,False
medium,random,full_crisis_episode,15,3,0.9592,0.6,0.5,0.7,0,Monitoring database to track attacker movement without disrupting uptime,False
medium,random,full_crisis_episode,15,4,1.0,0.6,0.5,0.8,2,Investigating due to uncertainty in alert validity,False
medium,random,full_crisis_episode,15,5,0.9558,0.7,0.5,0.6,2,"Increased monitoring on api_gateway — threat level elevated, gathering evidence before committing to isolation",False
medium,random,full_crisis_episode,15,6,0.9542,0.8,0.5,0.4,1,"Followed stakeholder advice despite inconsistency — Engineering, PR signals may not be trustworthy",False
medium,random,full_crisis_episode,15,7,0.9525,0.6,0.5,0.4,1,Sending situational update to maintain stakeholder alignment,False
medium,random,full_crisis_episode,15,8,0.5618,0.6,0.3,0.5,1,Chose to isolate internal_tools despite conflicting stakeholder signals (Engineering may be compromised),True
medium,random,full_crisis_episode,16,1,0.9625,0.7,0.8,0.8,0,Patching database to reduce attacker foothold and recover system integrity,False
medium,random,full_crisis_episode,16,2,0.9608,0.8,0.8,0.8,0,Sending situational update to maintain stakeholder alignment,False
medium,random,full_crisis_episode,16,3,0.9592,0.8,0.9,0.9,2,Patching database to reduce attacker foothold and recover system integrity,False
medium,random,full_crisis_episode,16,4,0.9575,0.6,0.9,0.7,3,"Followed stakeholder advice despite inconsistency — Finance, PR signals may not be trustworthy",False
medium,random,full_crisis_episode,16,5,0.9558,0.4,0.9,0.5,1,"Followed stakeholder advice despite inconsistency — Finance, Engineering, PR signals may not be trustworthy",False
medium,random,full_crisis_episode,16,6,0.9152,0.4,0.7,0.6,1,Chose to isolate api_gateway despite conflicting stakeholder signals (Engineering may be compromised),False
medium,random,full_crisis_episode,16,7,0.9135,0.4,0.5,0.7,1,Patching internal_tools to reduce attacker foothold and recover system integrity,False
medium,random,full_crisis_episode,16,8,1.0,0.4,0.5,0.5,1,Investigating due to uncertainty in alert validity,False
medium,random,full_crisis_episode,16,9,0.5602,0.5,0.5,0.3,3,Followed stakeholder advice despite inconsistency — PR signals may not be trustworthy,True
medium,random,full_crisis_episode,17,1,0.9625,0.8,0.7,0.7,0,Sending situational update to maintain stakeholder alignment,False
medium,random,full_crisis_episode,17,2,0.9483,0.8,0.8,0.8,1,Chose to isolate auth_server due to high severity alerts and engineering alignment,False
medium,random,full_crisis_episode,17,3,0.9592,0.6,0.8,0.8,2,Sending situational update to maintain stakeholder alignment,False
medium,random,full_crisis_episode,17,4,0.945,0.6,0.6,0.6,1,"Chose to isolate auth_server despite conflicting stakeholder signals (Engineering, PR may be compromised)",False
medium,random,full_crisis_episode,17,5,0.9433,0.7,0.6,0.4,1,No action taken this step — waiting for more information or debate resolution,False
medium,random,full_crisis_episode,17,6,0.9267,0.8,0.6,0.5,0,No action taken this step — waiting for more information or debate resolution,False
medium,random,full_crisis_episode,17,7,0.9525,0.9,0.6,0.5,1,Sending situational update to maintain stakeholder alignment,False
medium,random,full_crisis_episode,17,8,0.9508,0.7,0.6,0.6,1,No action taken this step — waiting for more information or debate resolution,False
medium,random,full_crisis_episode,17,9,0.5992,0.5,0.6,0.7,1,"Increased monitoring on internal_tools — threat level elevated, gathering evidence before committing to isolation",True
medium,random,full_crisis_episode,18,1,0.9625,0.8,0.7,0.8,2,Monitoring api_gateway to track attacker movement without disrupting uptime,False
medium,random,full_crisis_episode,18,2,0.9608,0.6,0.7,0.6,1,"Followed stakeholder advice despite inconsistency — Finance, PR signals may not be trustworthy",False
medium,random,full_crisis_episode,18,3,0.9592,0.4,0.7,0.7,1,Monitoring database to track attacker movement without disrupting uptime,False
medium,random,full_crisis_episode,18,4,0.9575,0.5,0.7,0.5,2,"Increased monitoring on api_gateway — threat level elevated, gathering evidence before committing to isolation",False
medium,random,full_crisis_episode,18,5,0.9558,0.3,0.7,0.3,0,"Increased monitoring on internal_tools — threat level elevated, gathering evidence before committing to isolation",False
medium,random,full_crisis_episode,18,6,0.9152,0.3,0.8,0.4,2,Chose to isolate database due to low confidence signals and engineering alignment,False
medium,random,full_crisis_episode,18,7,0.9135,0.4,0.8,0.2,1,"Followed stakeholder advice despite inconsistency — Engineering, PR signals may not be trustworthy",False
medium,random,full_crisis_episode,18,8,0.9118,0.4,0.9,0.0,0,Patching api_gateway to reduce attacker foothold and recover system integrity,False
medium,random,full_crisis_episode,18,9,0.9102,0.5,0.9,0.1,3,"Increased monitoring on database — threat level elevated, gathering evidence before committing to isolation",False
medium,random,full_crisis_episode,18,10,0.9085,0.3,0.9,0.0,1,"Followed stakeholder advice despite inconsistency — Finance, Engineering, PR signals may not be trustworthy",False
medium,random,full_crisis_episode,18,11,0.9068,0.3,0.7,0.1,0,Chose to isolate database despite conflicting stakeholder signals (Engineering may be compromised),False
medium,random,full_crisis_episode,18,12,0.8927,0.3,0.8,0.2,1,Chose to isolate auth_server due to low confidence signals and engineering alignment,False
medium,random,full_crisis_episode,18,13,0.891,0.4,0.8,0.0,1,No action taken this step — waiting for more information or debate resolution,False
medium,random,full_crisis_episode,18,14,0.8743,0.2,0.8,0.1,1,No action taken this step — waiting for more information or debate resolution,False
medium,random,full_crisis_episode,18,15,0.8577,0.0,0.8,0.2,2,No action taken this step — waiting for more information or debate resolution,False
medium,random,full_crisis_episode,18,16,0.841,0.0,0.8,0.3,0,No action taken this step — waiting for more information or debate resolution,False
medium,random,full_crisis_episode,18,17,0.8243,0.1,0.8,0.4,1,No action taken this step — waiting for more information or debate resolution,False
medium,random,full_crisis_episode,18,18,0.8202,0.0,0.8,0.5,1,No action taken this step — waiting for more information or debate resolution,False
medium,random,full_crisis_episode,18,19,0.8185,0.1,0.8,0.6,1,No action taken this step — waiting for more information or debate resolution,False
medium,random,full_crisis_episode,18,20,0.8168,0.2,0.8,0.4,3,No action taken this step — waiting for more information or debate resolution,False
medium,random,full_crisis_episode,19,1,0.9625,0.8,0.7,0.8,0,No action taken this step — waiting for more information or debate resolution,False
medium,random,full_crisis_episode,19,2,0.9608,0.9,0.7,0.9,0,Monitoring internal_tools to track attacker movement without disrupting uptime,False
medium,random,full_crisis_episode,19,3,0.9592,1.0,0.7,1.0,3,Ignored alerts due to low confidence and conflicting signals — Finance opposes action; threat level within tolerance,False
medium,random,full_crisis_episode,19,4,0.9575,1.0,0.5,0.8,3,Patching internal_tools to reduce attacker foothold and recover system integrity,False
medium,random,full_crisis_episode,19,5,0.9558,0.8,0.5,0.8,3,Sending situational update to maintain stakeholder alignment,False
medium,random,full_crisis_episode,19,6,0.9142,0.8,0.5,0.6,2,Investigating due to uncertainty in alert validity — high severity signals present but source unconfirmed,False
medium,random,full_crisis_episode,19,7,0.9525,0.9,0.5,0.6,1,Sending situational update to maintain stakeholder alignment,False
medium,random,full_crisis_episode,19,8,0.9508,0.7,0.5,0.6,0,Sending situational update to maintain stakeholder alignment,False
medium,random,full_crisis_episode,19,9,0.9092,0.7,0.5,0.7,1,Investigating due to uncertainty in alert validity — high severity signals present but source unconfirmed,False
medium,random,full_crisis_episode,19,10,0.9475,0.5,0.5,0.8,1,No action taken this step — waiting for more information or debate resolution,False
medium,random,full_crisis_episode,19,11,0.9458,0.6,0.5,0.6,0,"Increased monitoring on internal_tools — threat level elevated, gathering evidence before committing to isolation",False
medium,random,full_crisis_episode,19,12,0.5942,0.6,0.6,0.7,1,Patching database to reduce attacker foothold and recover system integrity,True
medium,random,full_crisis_episode,20,1,0.9625,0.8,0.7,0.8,0,No action taken this step — waiting for more information or debate resolution,False
medium,random,full_crisis_episode,20,2,0.9608,0.8,0.8,0.9,1,Patching api_gateway to reduce attacker foothold and recover system integrity,False
medium,random,full_crisis_episode,20,3,0.9592,0.9,0.8,1.0,0,No action taken this step — waiting for more information or debate resolution,False
medium,random,full_crisis_episode,20,4,0.9175,0.9,0.8,1.0,1,Investigating due to uncertainty in alert validity — high severity signals present but source unconfirmed,False
medium,random,full_crisis_episode,20,5,0.9558,0.7,0.8,1.0,2,Followed stakeholder advice despite inconsistency — Finance signals may not be trustworthy,False
medium,random,full_crisis_episode,20,6,0.9542,0.5,0.8,1.0,2,Monitoring api_gateway to track attacker movement without disrupting uptime,False
medium,random,full_crisis_episode,20,7,0.9525,0.6,0.8,0.8,1,"Followed stakeholder advice despite inconsistency — Engineering, PR signals may not be trustworthy",False
medium,random,full_crisis_episode,20,8,0.9108,0.6,0.8,0.9,0,Investigating due to uncertainty in alert validity — high severity signals present but source unconfirmed,False
medium,random,full_crisis_episode,20,9,0.9492,0.6,0.9,1.0,2,Patching api_gateway to reduce attacker foothold and recover system integrity,False
medium,random,full_crisis_episode,20,10,0.5975,0.4,0.9,0.8,2,"Increased monitoring on internal_tools — threat level elevated, gathering evidence before committing to isolation",True
medium,heuristic,alert_triage,1,1,0.5,0.7,0.7,0.7,0,,True
medium,heuristic,alert_triage,2,1,0.5,0.7,0.7,0.7,0,,True
medium,heuristic,alert_triage,3,1,0.6,0.7,0.7,0.7,0,,True
medium,heuristic,alert_triage,4,1,0.8,0.7,0.7,0.7,0,,True
medium,heuristic,alert_triage,5,1,0.8,0.7,0.7,0.7,0,,True
medium,heuristic,alert_triage,6,1,0.6364,0.7,0.7,0.7,0,,True
medium,heuristic,alert_triage,7,1,0.5,0.7,0.7,0.7,0,,True
medium,heuristic,alert_triage,8,1,0.4,0.7,0.7,0.7,0,,True
medium,heuristic,alert_triage,9,1,0.5455,0.7,0.7,0.7,0,,True
medium,heuristic,alert_triage,10,1,0.8,0.7,0.7,0.7,0,,True
medium,heuristic,alert_triage,11,1,0.6364,0.7,0.7,0.7,0,,True
medium,heuristic,alert_triage,12,1,0.5,0.7,0.7,0.7,0,,True
medium,heuristic,alert_triage,13,1,0.7,0.7,0.7,0.7,0,,True
medium,heuristic,alert_triage,14,1,0.6,0.7,0.7,0.7,0,,True
medium,heuristic,alert_triage,15,1,0.7,0.7,0.7,0.7,0,,True
medium,heuristic,alert_triage,16,1,0.6,0.7,0.7,0.7,0,,True
medium,heuristic,alert_triage,17,1,0.6364,0.7,0.7,0.7,0,,True
medium,heuristic,alert_triage,18,1,0.6,0.7,0.7,0.7,0,,True
medium,heuristic,alert_triage,19,1,0.7,0.7,0.7,0.7,0,,True
medium,heuristic,alert_triage,20,1,0.7273,0.7,0.7,0.7,0,,True
medium,heuristic,stakeholder_argument,1,1,0.65,0.7,0.7,0.7,0,,False
medium,heuristic,stakeholder_argument,1,2,0.3,0.7,0.7,0.7,0,,True
medium,heuristic,stakeholder_argument,2,1,0.65,0.7,0.7,0.7,0,,False
medium,heuristic,stakeholder_argument,2,2,0.3,0.7,0.7,0.7,0,,True
medium,heuristic,stakeholder_argument,3,1,0.65,0.7,0.7,0.7,0,,False
medium,heuristic,stakeholder_argument,3,2,0.3,0.7,0.7,0.7,0,,True
medium,heuristic,stakeholder_argument,4,1,0.65,0.7,0.7,0.7,0,,False
medium,heuristic,stakeholder_argument,4,2,0.3,0.7,0.7,0.7,0,,True
medium,heuristic,stakeholder_argument,5,1,0.65,0.7,0.7,0.7,0,,False
medium,heuristic,stakeholder_argument,5,2,0.3,0.7,0.7,0.7,0,,True
medium,heuristic,stakeholder_argument,6,1,0.65,0.7,0.7,0.7,0,,False
medium,heuristic,stakeholder_argument,6,2,0.3,0.7,0.7,0.7,0,,True
medium,heuristic,stakeholder_argument,7,1,0.65,0.7,0.7,0.7,0,,False
medium,heuristic,stakeholder_argument,7,2,0.3,0.7,0.7,0.7,0,,True
medium,heuristic,stakeholder_argument,8,1,0.65,0.7,0.7,0.7,0,,False
medium,heuristic,stakeholder_argument,8,2,0.3,0.7,0.7,0.7,0,,True
medium,heuristic,stakeholder_argument,9,1,0.65,0.7,0.7,0.7,0,,False
medium,heuristic,stakeholder_argument,9,2,0.3,0.7,0.7,0.7,0,,True
medium,heuristic,stakeholder_argument,10,1,0.65,0.7,0.7,0.7,0,,False
medium,heuristic,stakeholder_argument,10,2,0.3,0.7,0.7,0.7,0,,True
medium,heuristic,stakeholder_argument,11,1,0.65,0.7,0.7,0.7,0,,False
medium,heuristic,stakeholder_argument,11,2,0.3,0.7,0.7,0.7,0,,True
medium,heuristic,stakeholder_argument,12,1,0.65,0.7,0.7,0.7,0,,False
medium,heuristic,stakeholder_argument,12,2,0.3,0.7,0.7,0.7,0,,True
medium,heuristic,stakeholder_argument,13,1,0.65,0.7,0.7,0.7,0,,False
medium,heuristic,stakeholder_argument,13,2,0.3,0.7,0.7,0.7,0,,True
medium,heuristic,stakeholder_argument,14,1,0.65,0.7,0.7,0.7,0,,False
medium,heuristic,stakeholder_argument,14,2,0.3,0.7,0.7,0.7,0,,True
medium,heuristic,stakeholder_argument,15,1,0.65,0.7,0.7,0.7,0,,False
medium,heuristic,stakeholder_argument,15,2,0.3,0.7,0.7,0.7,0,,True
medium,heuristic,stakeholder_argument,16,1,0.65,0.7,0.7,0.7,0,,False
medium,heuristic,stakeholder_argument,16,2,0.3,0.7,0.7,0.7,0,,True
medium,heuristic,stakeholder_argument,17,1,0.65,0.7,0.7,0.7,0,,False
medium,heuristic,stakeholder_argument,17,2,0.3,0.7,0.7,0.7,0,,True
medium,heuristic,stakeholder_argument,18,1,0.65,0.7,0.7,0.7,0,,False
medium,heuristic,stakeholder_argument,18,2,0.3,0.7,0.7,0.7,0,,True
medium,heuristic,stakeholder_argument,19,1,0.65,0.7,0.7,0.7,0,,False
medium,heuristic,stakeholder_argument,19,2,0.3,0.7,0.7,0.7,0,,True
medium,heuristic,stakeholder_argument,20,1,0.65,0.7,0.7,0.7,0,,False
medium,heuristic,stakeholder_argument,20,2,0.3,0.7,0.7,0.7,0,,True
medium,heuristic,full_crisis_episode,1,1,0.9625,0.8,0.7,0.8,1,Monitoring internal_tools to track attacker movement without disrupting uptime,False
medium,heuristic,full_crisis_episode,1,2,0.9608,0.6,0.7,0.9,1,Monitoring api_gateway to track attacker movement without disrupting uptime,False
medium,heuristic,full_crisis_episode,1,3,0.9592,0.4,0.7,1.0,1,Monitoring database to track attacker movement without disrupting uptime,False
medium,heuristic,full_crisis_episode,1,4,0.9575,0.4,0.8,0.8,1,Patching internal_tools to reduce attacker foothold and recover system integrity,False
medium,heuristic,full_crisis_episode,1,5,0.9558,0.2,0.8,0.9,1,Monitoring internal_tools to track attacker movement without disrupting uptime,False
medium,heuristic,full_crisis_episode,1,6,0.9542,0.3,0.8,1.0,1,Monitoring internal_tools to track attacker movement without disrupting uptime,False
medium,heuristic,full_crisis_episode,1,7,0.9525,0.3,0.6,1.0,2,Patching database to reduce attacker foothold and recover system integrity,False
medium,heuristic,full_crisis_episode,1,8,0.9508,0.4,0.6,0.8,0,Monitoring internal_tools to track attacker movement without disrupting uptime,False
medium,heuristic,full_crisis_episode,1,9,0.9492,0.4,0.7,0.9,2,Patching internal_tools to reduce attacker foothold and recover system integrity,False
medium,heuristic,full_crisis_episode,1,10,0.9085,0.4,0.8,0.7,1,"Chose to isolate internal_tools despite conflicting stakeholder signals (Finance, PR may be compromised)",False
medium,heuristic,full_crisis_episode,1,11,0.9068,0.4,0.9,0.8,3,Chose to isolate internal_tools despite conflicting stakeholder signals (Finance may be compromised),False
medium,heuristic,full_crisis_episode,1,12,0.9052,0.2,0.9,0.6,2,"Increased monitoring on internal_tools — threat level elevated, gathering evidence before committing to isolation",False
medium,heuristic,full_crisis_episode,1,13,0.9035,0.2,0.7,0.4,0,"Chose to isolate internal_tools despite conflicting stakeholder signals (Engineering, PR may be compromised)",False
medium,heuristic,full_crisis_episode,1,14,0.9018,0.3,0.7,0.5,1,"Increased monitoring on internal_tools — threat level elevated, gathering evidence before committing to isolation",False
medium,heuristic,full_crisis_episode,1,15,0.9002,0.3,0.8,0.6,2,Patching internal_tools to reduce attacker foothold and recover system integrity,False
medium,heuristic,full_crisis_episode,1,16,0.8985,0.1,0.8,0.7,0,"Increased monitoring on auth_server — threat level elevated, gathering evidence before committing to isolation",False
medium,heuristic,full_crisis_episode,1,17,0.8968,0.2,0.8,0.8,1,"Increased monitoring on database — threat level elevated, gathering evidence before committing to isolation",False
medium,heuristic,full_crisis_episode,1,18,0.8952,0.3,0.8,0.6,0,"Increased monitoring on auth_server — threat level elevated, gathering evidence before committing to isolation",False
medium,heuristic,full_crisis_episode,1,19,0.8935,0.3,0.9,0.7,1,Patching database to reduce attacker foothold and recover system integrity,False
medium,heuristic,full_crisis_episode,1,20,0.5418,0.3,1.0,0.5,1,Patching database to reduce attacker foothold and recover system integrity,True
medium,heuristic,full_crisis_episode,2,1,0.9625,0.8,0.7,0.8,1,Monitoring internal_tools to track attacker movement without disrupting uptime,False
medium,heuristic,full_crisis_episode,2,2,0.9218,0.8,0.8,0.6,1,Chose to isolate api_gateway despite conflicting stakeholder signals (PR may be compromised),False
medium,heuristic,full_crisis_episode,2,3,0.9202,0.8,0.9,0.7,1,Patching api_gateway to reduce attacker foothold and recover system integrity,False
medium,heuristic,full_crisis_episode,2,4,0.9185,0.9,0.9,0.8,1,Monitoring database to track attacker movement without disrupting uptime,False
medium,heuristic,full_crisis_episode,2,5,0.9168,1.0,0.9,0.6,0,Monitoring api_gateway to track attacker movement without disrupting uptime,False
medium,heuristic,full_crisis_episode,2,6,0.9152,1.0,1.0,0.7,0,Patching api_gateway to reduce attacker foothold and recover system integrity,False
medium,heuristic,full_crisis_episode,2,7,0.9135,1.0,1.0,0.8,2,Patching internal_tools to reduce attacker foothold and recover system integrity,False
medium,heuristic,full_crisis_episode,2,8,0.9118,1.0,0.8,0.6,2,Patching database to reduce attacker foothold and recover system integrity,False
medium,heuristic,full_crisis_episode,2,9,0.9102,1.0,0.9,0.4,0,Patching api_gateway to reduce attacker foothold and recover system integrity,False
medium,heuristic,full_crisis_episode,2,10,0.9085,1.0,0.9,0.5,2,Monitoring api_gateway to track attacker movement without disrupting uptime,False
medium,heuristic,full_crisis_episode,2,11,0.9068,1.0,0.9,0.3,2,Monitoring api_gateway to track attacker movement without disrupting uptime,False
medium,heuristic,full_crisis_episode,2,12,0.9052,0.8,0.9,0.4,1,Monitoring api_gateway to track attacker movement without disrupting uptime,False
medium,heuristic,full_crisis_episode,2,13,0.9035,0.9,0.9,0.2,0,Monitoring api_gateway to track attacker movement without disrupting uptime,False
medium,heuristic,full_crisis_episode,2,14,0.9018,0.9,1.0,0.3,0,Patching api_gateway to reduce attacker foothold and recover system integrity,False
medium,heuristic,full_crisis_episode,2,15,0.9002,1.0,1.0,0.4,0,Monitoring api_gateway to track attacker movement without disrupting uptime,False
medium,heuristic,full_crisis_episode,2,16,0.886,1.0,1.0,0.5,1,Chose to isolate auth_server due to high severity alerts and engineering alignment,False
medium,heuristic,full_crisis_episode,2,17,0.8843,0.8,1.0,0.6,0,No action taken this step — waiting for more information or debate resolution,False
medium,heuristic,full_crisis_episode,2,18,0.8677,0.9,1.0,0.7,0,No action taken this step — waiting for more information or debate resolution,False
medium,heuristic,full_crisis_episode,2,19,0.851,1.0,1.0,0.8,0,No action taken this step — waiting for more information or debate resolution,False
medium,heuristic,full_crisis_episode,2,20,0.8343,1.0,1.0,0.9,0,No action taken this step — waiting for more information or debate resolution,False
medium,heuristic,full_crisis_episode,3,1,0.9625,0.8,0.7,0.8,1,Monitoring comms to track attacker movement without disrupting uptime,False
medium,heuristic,full_crisis_episode,3,2,0.9608,0.8,0.8,0.9,1,Patching api_gateway to reduce attacker foothold and recover system integrity,False
medium,heuristic,full_crisis_episode,3,3,0.9202,0.8,0.9,0.7,2,Chose to isolate api_gateway despite conflicting stakeholder signals (PR may be compromised),False
medium,heuristic,full_crisis_episode,3,4,0.9185,0.6,0.9,0.5,1,Monitoring api_gateway to track attacker movement without disrupting uptime,False
medium,heuristic,full_crisis_episode,3,5,0.9168,0.6,1.0,0.6,0,Patching api_gateway to reduce attacker foothold and recover system integrity,False
medium,heuristic,full_crisis_episode,3,6,0.9152,0.6,1.0,0.7,1,Patching api_gateway to reduce attacker foothold and recover system integrity,False
medium,heuristic,full_crisis_episode,3,7,0.9135,0.6,1.0,0.8,0,Patching auth_server to reduce attacker foothold and recover system integrity,False
medium,heuristic,full_crisis_episode,3,8,0.9118,0.6,1.0,0.9,1,Chose to isolate api_gateway due to high severity alerts and engineering alignment,False
medium,heuristic,full_crisis_episode,3,9,0.9102,0.4,1.0,1.0,2,Monitoring api_gateway to track attacker movement without disrupting uptime,False
medium,heuristic,full_crisis_episode,3,10,0.9085,0.2,1.0,1.0,0,Monitoring api_gateway to track attacker movement without disrupting uptime,False
medium,heuristic,full_crisis_episode,3,11,0.9068,0.2,1.0,1.0,0,Chose to isolate api_gateway due to high severity alerts and engineering alignment,False
medium,heuristic,full_crisis_episode,3,12,0.9052,0.3,1.0,1.0,0,Monitoring api_gateway to track attacker movement without disrupting uptime,False
medium,heuristic,full_crisis_episode,3,13,0.9035,0.3,1.0,1.0,2,Patching api_gateway to reduce attacker foothold and recover system integrity,False
medium,heuristic,full_crisis_episode,3,14,0.9018,0.3,0.8,0.8,1,"Chose to isolate api_gateway despite conflicting stakeholder signals (Engineering, PR may be compromised)",False
medium,heuristic,full_crisis_episode,3,15,0.9002,0.1,0.8,0.9,1,Monitoring api_gateway to track attacker movement without disrupting uptime,False
medium,heuristic,full_crisis_episode,3,16,0.8985,0.2,0.8,1.0,0,Monitoring api_gateway to track attacker movement without disrupting uptime,False
medium,heuristic,full_crisis_episode,3,17,0.8968,0.2,0.9,1.0,0,Patching database to reduce attacker foothold and recover system integrity,False
medium,heuristic,full_crisis_episode,3,18,0.8952,0.2,1.0,1.0,0,Patching api_gateway to reduce attacker foothold and recover system integrity,False
medium,heuristic,full_crisis_episode,3,19,0.8935,0.2,1.0,1.0,1,Chose to isolate api_gateway due to high severity alerts and engineering alignment,False
medium,heuristic,full_crisis_episode,3,20,0.8918,0.2,0.8,1.0,0,Chose to isolate api_gateway despite conflicting stakeholder signals (Engineering may be compromised),False
medium,heuristic,full_crisis_episode,4,1,0.9625,0.8,0.7,0.8,2,Monitoring auth_server to track attacker movement without disrupting uptime,False
medium,heuristic,full_crisis_episode,4,2,0.9608,0.6,0.7,0.9,2,Monitoring api_gateway to track attacker movement without disrupting uptime,False
medium,heuristic,full_crisis_episode,4,3,0.9202,0.6,0.5,1.0,0,"Chose to isolate api_gateway despite conflicting stakeholder signals (Finance, Engineering may be compromised)",False
medium,heuristic,full_crisis_episode,4,4,0.9185,0.6,0.6,1.0,2,Patching auth_server to reduce attacker foothold and recover system integrity,False
medium,heuristic,full_crisis_episode,4,5,0.9168,0.4,0.6,0.8,3,"Increased monitoring on internal_tools — threat level elevated, gathering evidence before committing to isolation",False
medium,heuristic,full_crisis_episode,4,6,0.9152,0.4,0.4,0.6,0,Patching internal_tools to reduce attacker foothold and recover system integrity,False
medium,heuristic,full_crisis_episode,4,7,0.9135,0.4,0.5,0.7,2,Patching auth_server to reduce attacker foothold and recover system integrity,False
medium,heuristic,full_crisis_episode,4,8,0.9118,0.4,0.3,0.5,0,"Chose to isolate api_gateway despite conflicting stakeholder signals (Engineering, PR may be compromised)",False
medium,heuristic,full_crisis_episode,4,9,0.5602,0.5,0.3,0.6,1,"Increased monitoring on auth_server — threat level elevated, gathering evidence before committing to isolation",True
medium,heuristic,full_crisis_episode,5,1,0.9625,0.8,0.7,0.8,0,Monitoring internal_tools to track attacker movement without disrupting uptime,False
medium,heuristic,full_crisis_episode,5,2,0.9608,0.9,0.7,0.9,0,Monitoring api_gateway to track attacker movement without disrupting uptime,False
medium,heuristic,full_crisis_episode,5,3,0.9592,0.9,0.8,1.0,1,Patching api_gateway to reduce attacker foothold and recover system integrity,False
medium,heuristic,full_crisis_episode,5,4,0.9575,0.9,0.9,1.0,1,Patching api_gateway to reduce attacker foothold and recover system integrity,False
medium,heuristic,full_crisis_episode,5,5,0.9168,0.9,1.0,0.8,1,Chose to isolate api_gateway despite conflicting stakeholder signals (PR may be compromised),False
medium,heuristic,full_crisis_episode,5,6,0.9152,0.9,0.8,0.9,2,Patching api_gateway to reduce attacker foothold and recover system integrity,False
medium,heuristic,full_crisis_episode,5,7,0.9135,1.0,0.8,0.7,1,Monitoring api_gateway to track attacker movement without disrupting uptime,False
medium,heuristic,full_crisis_episode,5,8,0.9118,0.8,0.8,0.8,2,Monitoring api_gateway to track attacker movement without disrupting uptime,False
medium,heuristic,full_crisis_episode,5,9,0.9102,0.6,0.8,0.6,2,Monitoring api_gateway to track attacker movement without disrupting uptime,False
medium,heuristic,full_crisis_episode,5,10,0.9085,0.7,0.8,0.4,2,Monitoring api_gateway to track attacker movement without disrupting uptime,False
medium,heuristic,full_crisis_episode,5,11,0.8678,0.7,0.6,0.2,1,"Chose to isolate internal_tools despite conflicting stakeholder signals (Engineering, PR may be compromised)",False
medium,heuristic,full_crisis_episode,5,12,0.8662,0.8,0.6,0.0,0,Monitoring api_gateway to track attacker movement without disrupting uptime,False
medium,heuristic,full_crisis_episode,5,13,0.8645,0.9,0.6,0.1,1,Monitoring api_gateway to track attacker movement without disrupting uptime,False
medium,heuristic,full_crisis_episode,5,14,0.8628,0.7,0.6,0.2,1,Monitoring api_gateway to track attacker movement without disrupting uptime,False
medium,heuristic,full_crisis_episode,5,15,0.8612,0.7,0.7,0.0,2,Patching api_gateway to reduce attacker foothold and recover system integrity,False
medium,heuristic,full_crisis_episode,5,16,0.8595,0.7,0.5,0.0,2,Patching internal_tools to reduce attacker foothold and recover system integrity,False
medium,heuristic,full_crisis_episode,5,17,0.8578,0.7,0.3,0.1,2,"Chose to isolate internal_tools despite conflicting stakeholder signals (Finance, Engineering may be compromised)",False
medium,heuristic,full_crisis_episode,5,18,0.8562,0.7,0.4,0.0,1,Patching internal_tools to reduce attacker foothold and recover system integrity,False
medium,heuristic,full_crisis_episode,5,19,0.8545,0.5,0.4,0.1,1,Monitoring internal_tools to track attacker movement without disrupting uptime,False
medium,heuristic,full_crisis_episode,5,20,0.8528,0.5,0.5,0.2,2,Patching internal_tools to reduce attacker foothold and recover system integrity,False
medium,heuristic,full_crisis_episode,6,1,0.9625,0.8,0.7,0.8,0,Monitoring api_gateway to track attacker movement without disrupting uptime,False
medium,heuristic,full_crisis_episode,6,2,0.9608,0.8,0.8,0.9,2,Patching api_gateway to reduce attacker foothold and recover system integrity,False
medium,heuristic,full_crisis_episode,6,3,0.9592,0.8,0.6,1.0,0,Patching api_gateway to reduce attacker foothold and recover system integrity,False
medium,heuristic,full_crisis_episode,6,4,0.9575,0.8,0.7,1.0,1,Patching api_gateway to reduce attacker foothold and recover system integrity,False
medium,heuristic,full_crisis_episode,6,5,0.9558,0.8,0.5,1.0,0,Patching api_gateway to reduce attacker foothold and recover system integrity,False
medium,heuristic,full_crisis_episode,6,6,0.9542,0.9,0.5,1.0,1,Monitoring api_gateway to track attacker movement without disrupting uptime,False
medium,heuristic,full_crisis_episode,6,7,0.9525,1.0,0.5,1.0,1,Monitoring api_gateway to track attacker movement without disrupting uptime,False
medium,heuristic,full_crisis_episode,6,8,0.9508,1.0,0.5,1.0,1,Monitoring api_gateway to track attacker movement without disrupting uptime,False
medium,heuristic,full_crisis_episode,6,9,0.9102,1.0,0.6,0.8,1,Chose to isolate internal_tools despite conflicting stakeholder signals (PR may be compromised),False
medium,heuristic,full_crisis_episode,6,10,0.9085,1.0,0.7,0.9,2,Patching auth_server to reduce attacker foothold and recover system integrity,False
medium,heuristic,full_crisis_episode,6,11,0.9068,1.0,0.7,0.7,1,Monitoring internal_tools to track attacker movement without disrupting uptime,False
medium,heuristic,full_crisis_episode,6,12,0.9052,1.0,0.7,0.8,1,Monitoring internal_tools to track attacker movement without disrupting uptime,False
medium,heuristic,full_crisis_episode,6,13,0.9035,1.0,0.7,0.9,0,Monitoring internal_tools to track attacker movement without disrupting uptime,False
medium,heuristic,full_crisis_episode,6,14,0.9018,1.0,0.8,1.0,0,Patching internal_tools to reduce attacker foothold and recover system integrity,False
medium,heuristic,full_crisis_episode,6,15,0.9002,1.0,0.9,1.0,1,Patching internal_tools to reduce attacker foothold and recover system integrity,False
medium,heuristic,full_crisis_episode,6,16,0.8985,1.0,1.0,0.8,1,Chose to isolate internal_tools despite conflicting stakeholder signals (PR may be compromised),False
medium,heuristic,full_crisis_episode,6,17,0.8968,1.0,1.0,0.6,1,Patching internal_tools to reduce attacker foothold and recover system integrity,False
medium,heuristic,full_crisis_episode,6,18,0.8952,1.0,1.0,0.7,1,Monitoring internal_tools to track attacker movement without disrupting uptime,False
medium,heuristic,full_crisis_episode,6,19,0.8935,1.0,0.8,0.8,2,Patching internal_tools to reduce attacker foothold and recover system integrity,False
medium,heuristic,full_crisis_episode,6,20,0.8918,1.0,0.6,0.9,2,Patching internal_tools to reduce attacker foothold and recover system integrity,False
medium,heuristic,full_crisis_episode,7,1,0.9625,0.8,0.7,0.8,2,Monitoring api_gateway to track attacker movement without disrupting uptime,False
medium,heuristic,full_crisis_episode,7,2,0.9608,0.8,0.5,0.9,1,Patching api_gateway to reduce attacker foothold and recover system integrity,False
medium,heuristic,full_crisis_episode,7,3,0.9202,0.8,0.6,1.0,2,Chose to isolate api_gateway despite conflicting stakeholder signals (Finance may be compromised),False
medium,heuristic,full_crisis_episode,7,4,0.9185,0.8,0.7,0.8,2,Patching api_gateway to reduce attacker foothold and recover system integrity,False
medium,heuristic,full_crisis_episode,7,5,0.8778,0.8,0.5,0.6,1,"Chose to isolate comms despite conflicting stakeholder signals (Engineering, PR may be compromised)",False
medium,heuristic,full_crisis_episode,7,6,0.8762,0.9,0.5,0.4,1,Monitoring internal_tools to track attacker movement without disrupting uptime,False
medium,heuristic,full_crisis_episode,7,7,0.8745,0.7,0.5,0.5,0,"Increased monitoring on internal_tools — threat level elevated, gathering evidence before committing to isolation",False
medium,heuristic,full_crisis_episode,7,8,0.8728,0.8,0.5,0.6,2,"Increased monitoring on auth_server — threat level elevated, gathering evidence before committing to isolation",False
medium,heuristic,full_crisis_episode,7,9,0.5212,0.8,0.6,0.4,3,Patching auth_server to reduce attacker foothold and recover system integrity,True
medium,heuristic,full_crisis_episode,8,1,0.9625,0.8,0.7,0.8,2,Monitoring auth_server to track attacker movement without disrupting uptime,False
medium,heuristic,full_crisis_episode,8,2,0.9218,0.8,0.8,0.6,2,"Chose to isolate api_gateway despite conflicting stakeholder signals (Finance, PR may be compromised)",False
medium,heuristic,full_crisis_episode,8,3,0.9202,0.8,0.6,0.4,1,Patching api_gateway to reduce attacker foothold and recover system integrity,False
medium,heuristic,full_crisis_episode,8,4,0.9185,0.9,0.6,0.5,0,Monitoring api_gateway to track attacker movement without disrupting uptime,False
medium,heuristic,full_crisis_episode,8,5,0.9168,1.0,0.6,0.6,2,Monitoring api_gateway to track attacker movement without disrupting uptime,False
medium,heuristic,full_crisis_episode,8,6,0.9152,0.8,0.6,0.4,3,Monitoring database to track attacker movement without disrupting uptime,False
medium,heuristic,full_crisis_episode,8,7,0.9135,0.6,0.6,0.2,0,Monitoring api_gateway to track attacker movement without disrupting uptime,False
medium,heuristic,full_crisis_episode,8,8,0.8728,0.6,0.7,0.3,2,Chose to isolate comms due to high severity alerts and engineering alignment,False
medium,heuristic,full_crisis_episode,8,9,0.8712,0.4,0.7,0.4,1,Monitoring api_gateway to track attacker movement without disrupting uptime,False
medium,heuristic,full_crisis_episode,8,10,0.8695,0.2,0.7,0.5,1,Monitoring api_gateway to track attacker movement without disrupting uptime,False
medium,heuristic,full_crisis_episode,8,11,0.8678,0.3,0.7,0.6,0,Monitoring api_gateway to track attacker movement without disrupting uptime,False
medium,heuristic,full_crisis_episode,8,12,0.8662,0.3,0.8,0.7,2,Patching internal_tools to reduce attacker foothold and recover system integrity,False
medium,heuristic,full_crisis_episode,8,13,0.8645,0.3,0.6,0.5,1,Patching internal_tools to reduce attacker foothold and recover system integrity,False
medium,heuristic,full_crisis_episode,8,14,0.8628,0.3,0.7,0.3,0,Patching internal_tools to reduce attacker foothold and recover system integrity,False
medium,heuristic,full_crisis_episode,8,15,0.8612,0.3,0.8,0.4,1,Patching auth_server to reduce attacker foothold and recover system integrity,False
medium,heuristic,full_crisis_episode,8,16,0.8595,0.4,0.8,0.5,1,"Increased monitoring on internal_tools — threat level elevated, gathering evidence before committing to isolation",False
medium,heuristic,full_crisis_episode,8,17,0.8578,0.4,0.6,0.6,1,Patching auth_server to reduce attacker foothold and recover system integrity,False
medium,heuristic,full_crisis_episode,8,18,0.8562,0.4,0.7,0.7,0,Patching auth_server to reduce attacker foothold and recover system integrity,False
medium,heuristic,full_crisis_episode,8,19,0.8545,0.4,0.8,0.8,2,Patching auth_server to reduce attacker foothold and recover system integrity,False
medium,heuristic,full_crisis_episode,8,20,0.8528,0.4,0.6,0.9,1,Patching auth_server to reduce attacker foothold and recover system integrity,False
medium,heuristic,full_crisis_episode,9,1,0.9625,0.8,0.7,0.8,1,Monitoring internal_tools to track attacker movement without disrupting uptime,False
medium,heuristic,full_crisis_episode,9,2,0.9608,0.8,0.8,0.6,1,Patching api_gateway to reduce attacker foothold and recover system integrity,False
medium,heuristic,full_crisis_episode,9,3,0.9592,0.9,0.8,0.7,1,Monitoring api_gateway to track attacker movement without disrupting uptime,False
medium,heuristic,full_crisis_episode,9,4,0.9185,0.9,0.6,0.8,1,Chose to isolate database despite conflicting stakeholder signals (Engineering may be compromised),False
medium,heuristic,full_crisis_episode,9,5,0.9168,1.0,0.6,0.9,0,Monitoring comms to track attacker movement without disrupting uptime,False
medium,heuristic,full_crisis_episode,9,6,0.9152,1.0,0.6,1.0,3,Monitoring api_gateway to track attacker movement without disrupting uptime,False
medium,heuristic,full_crisis_episode,9,7,0.9135,1.0,0.4,0.8,0,Patching api_gateway to reduce attacker foothold and recover system integrity,False
medium,heuristic,full_crisis_episode,9,8,0.8993,1.0,0.5,0.9,0,Chose to isolate auth_server due to high severity alerts and engineering alignment,False
medium,heuristic,full_crisis_episode,9,9,0.8977,1.0,0.5,1.0,2,No action taken this step — waiting for more information or debate resolution,False
medium,heuristic,full_crisis_episode,9,10,0.881,0.8,0.5,1.0,1,No action taken this step — waiting for more information or debate resolution,False
medium,heuristic,full_crisis_episode,9,11,0.8643,0.9,0.5,0.8,3,No action taken this step — waiting for more information or debate resolution,False
medium,heuristic,full_crisis_episode,9,12,0.8477,0.7,0.5,0.6,1,No action taken this step — waiting for more information or debate resolution,False
medium,heuristic,full_crisis_episode,9,13,0.831,0.8,0.5,0.7,1,No action taken this step — waiting for more information or debate resolution,False
medium,heuristic,full_crisis_episode,9,14,0.4768,0.9,0.5,0.8,1,No action taken this step — waiting for more information or debate resolution,True
medium,heuristic,full_crisis_episode,10,1,0.9625,0.8,0.7,0.8,0,Monitoring internal_tools to track attacker movement without disrupting uptime,False
medium,heuristic,full_crisis_episode,10,2,0.9608,0.9,0.7,0.9,1,Monitoring api_gateway to track attacker movement without disrupting uptime,False
medium,heuristic,full_crisis_episode,10,3,0.9592,0.7,0.7,1.0,1,Monitoring api_gateway to track attacker movement without disrupting uptime,False
medium,heuristic,full_crisis_episode,10,4,0.9575,0.8,0.7,1.0,2,Monitoring internal_tools to track attacker movement without disrupting uptime,False
medium,heuristic,full_crisis_episode,10,5,0.9558,0.6,0.7,1.0,1,"Increased monitoring on internal_tools — threat level elevated, gathering evidence before committing to isolation",False
medium,heuristic,full_crisis_episode,10,6,0.9542,0.6,0.5,1.0,1,Patching internal_tools to reduce attacker foothold and recover system integrity,False
medium,heuristic,full_crisis_episode,10,7,0.9525,0.7,0.5,0.8,0,"Increased monitoring on auth_server — threat level elevated, gathering evidence before committing to isolation",False
medium,heuristic,full_crisis_episode,10,8,0.9508,0.8,0.5,0.9,1,"Increased monitoring on auth_server — threat level elevated, gathering evidence before committing to isolation",False
medium,heuristic,full_crisis_episode,10,9,0.9492,0.9,0.5,1.0,0,"Increased monitoring on database — threat level elevated, gathering evidence before committing to isolation",False
medium,heuristic,full_crisis_episode,10,10,0.5975,0.9,0.6,1.0,3,Patching database to reduce attacker foothold and recover system integrity,True
medium,heuristic,full_crisis_episode,11,1,0.9625,0.8,0.7,0.8,0,Monitoring internal_tools to track attacker movement without disrupting uptime,False
medium,heuristic,full_crisis_episode,11,2,0.9608,0.9,0.7,0.9,0,Monitoring api_gateway to track attacker movement without disrupting uptime,False
medium,heuristic,full_crisis_episode,11,3,0.9592,1.0,0.7,1.0,1,Monitoring api_gateway to track attacker movement without disrupting uptime,False
medium,heuristic,full_crisis_episode,11,4,0.9575,0.8,0.7,1.0,2,"Increased monitoring on internal_tools — threat level elevated, gathering evidence before committing to isolation",False
medium,heuristic,full_crisis_episode,11,5,0.9558,0.8,0.5,0.8,1,Patching api_gateway to reduce attacker foothold and recover system integrity,False
medium,heuristic,full_crisis_episode,11,6,0.9542,0.6,0.5,0.9,1,Monitoring internal_tools to track attacker movement without disrupting uptime,False
medium,heuristic,full_crisis_episode,11,7,0.9525,0.4,0.5,1.0,1,Monitoring internal_tools to track attacker movement without disrupting uptime,False
medium,heuristic,full_crisis_episode,11,8,0.9508,0.5,0.5,0.8,2,"Increased monitoring on internal_tools — threat level elevated, gathering evidence before committing to isolation",False
medium,heuristic,full_crisis_episode,11,9,0.9492,0.5,0.6,0.6,3,Patching auth_server to reduce attacker foothold and recover system integrity,False
medium,heuristic,full_crisis_episode,11,10,0.9475,0.5,0.4,0.4,0,Patching auth_server to reduce attacker foothold and recover system integrity,False
medium,heuristic,full_crisis_episode,11,11,0.9458,0.5,0.5,0.5,0,Patching auth_server to reduce attacker foothold and recover system integrity,False
medium,heuristic,full_crisis_episode,11,12,0.9442,0.5,0.6,0.6,1,Patching auth_server to reduce attacker foothold and recover system integrity,False
medium,heuristic,full_crisis_episode,11,13,0.9035,0.5,0.7,0.4,0,Chose to isolate api_gateway despite conflicting stakeholder signals (PR may be compromised),False
medium,heuristic,full_crisis_episode,11,14,0.5518,0.5,0.8,0.5,2,Patching auth_server to reduce attacker foothold and recover system integrity,True
medium,heuristic,full_crisis_episode,12,1,0.9625,0.8,0.7,0.8,0,Monitoring comms to track attacker movement without disrupting uptime,False
medium,heuristic,full_crisis_episode,12,2,0.9608,0.9,0.7,0.9,2,Monitoring api_gateway to track attacker movement without disrupting uptime,False
medium,heuristic,full_crisis_episode,12,3,0.9592,0.7,0.7,1.0,1,Monitoring auth_server to track attacker movement without disrupting uptime,False
medium,heuristic,full_crisis_episode,12,4,0.9575,0.7,0.8,1.0,0,Patching internal_tools to reduce attacker foothold and recover system integrity,False
medium,heuristic,full_crisis_episode,12,5,0.9558,0.8,0.8,1.0,2,Monitoring internal_tools to track attacker movement without disrupting uptime,False
medium,heuristic,full_crisis_episode,12,6,0.9542,0.6,0.8,0.8,1,"Increased monitoring on internal_tools — threat level elevated, gathering evidence before committing to isolation",False
medium,heuristic,full_crisis_episode,12,7,0.9525,0.7,0.8,0.9,2,"Increased monitoring on internal_tools — threat level elevated, gathering evidence before committing to isolation",False
medium,heuristic,full_crisis_episode,12,8,0.9508,0.7,0.9,0.7,1,Patching auth_server to reduce attacker foothold and recover system integrity,False
medium,heuristic,full_crisis_episode,12,9,0.9492,0.7,1.0,0.5,1,Patching internal_tools to reduce attacker foothold and recover system integrity,False
medium,heuristic,full_crisis_episode,12,10,0.9475,0.7,1.0,0.6,1,Patching auth_server to reduce attacker foothold and recover system integrity,False
medium,heuristic,full_crisis_episode,12,11,0.9458,0.7,1.0,0.7,2,Patching auth_server to reduce attacker foothold and recover system integrity,False
medium,heuristic,full_crisis_episode,12,12,0.9442,0.5,1.0,0.5,2,"Increased monitoring on auth_server — threat level elevated, gathering evidence before committing to isolation",False
medium,heuristic,full_crisis_episode,12,13,0.9425,0.5,1.0,0.3,2,Patching internal_tools to reduce attacker foothold and recover system integrity,False
medium,heuristic,full_crisis_episode,12,14,0.9408,0.5,0.8,0.1,0,Patching auth_server to reduce attacker foothold and recover system integrity,False
medium,heuristic,full_crisis_episode,12,15,0.5892,0.5,0.9,0.2,0,Patching auth_server to reduce attacker foothold and recover system integrity,True
medium,heuristic,full_crisis_episode,13,1,0.9625,0.8,0.7,0.8,1,Monitoring api_gateway to track attacker movement without disrupting uptime,False
medium,heuristic,full_crisis_episode,13,2,0.9608,0.6,0.7,0.9,2,Monitoring api_gateway to track attacker movement without disrupting uptime,False
medium,heuristic,full_crisis_episode,13,3,0.9592,0.6,0.5,0.7,2,Patching internal_tools to reduce attacker foothold and recover system integrity,False
medium,heuristic,full_crisis_episode,13,4,0.9575,0.4,0.5,0.8,2,Monitoring api_gateway to track attacker movement without disrupting uptime,False
medium,heuristic,full_crisis_episode,13,5,0.9558,0.2,0.5,0.6,1,Monitoring auth_server to track attacker movement without disrupting uptime,False
medium,heuristic,full_crisis_episode,13,6,0.9542,0.0,0.5,0.7,2,Monitoring internal_tools to track attacker movement without disrupting uptime,False
medium,heuristic,full_crisis_episode,13,7,0.9525,0.0,0.3,0.5,1,Patching internal_tools to reduce attacker foothold and recover system integrity,False
medium,heuristic,full_crisis_episode,13,8,0.9508,0.0,0.4,0.6,0,Patching internal_tools to reduce attacker foothold and recover system integrity,False
medium,heuristic,full_crisis_episode,13,9,0.9492,0.0,0.5,0.7,1,Patching internal_tools to reduce attacker foothold and recover system integrity,False
medium,heuristic,full_crisis_episode,13,10,0.9475,0.0,0.6,0.5,0,Patching internal_tools to reduce attacker foothold and recover system integrity,False
medium,heuristic,full_crisis_episode,13,11,0.9458,0.1,0.6,0.6,0,Monitoring internal_tools to track attacker movement without disrupting uptime,False
medium,heuristic,full_crisis_episode,13,12,0.9442,0.1,0.7,0.7,2,Patching internal_tools to reduce attacker foothold and recover system integrity,False
medium,heuristic,full_crisis_episode,13,13,0.9425,0.1,0.5,0.5,0,Patching internal_tools to reduce attacker foothold and recover system integrity,False
medium,heuristic,full_crisis_episode,13,14,0.9408,0.1,0.6,0.6,0,Patching internal_tools to reduce attacker foothold and recover system integrity,False
medium,heuristic,full_crisis_episode,13,15,0.9392,0.1,0.7,0.7,1,Patching internal_tools to reduce attacker foothold and recover system integrity,False
medium,heuristic,full_crisis_episode,13,16,0.9375,0.1,0.8,0.8,2,Patching internal_tools to reduce attacker foothold and recover system integrity,False
medium,heuristic,full_crisis_episode,13,17,0.9358,0.0,0.8,0.9,1,"Increased monitoring on internal_tools — threat level elevated, gathering evidence before committing to isolation",False
medium,heuristic,full_crisis_episode,13,18,0.9342,0.0,0.9,1.0,1,Patching internal_tools to reduce attacker foothold and recover system integrity,False
medium,heuristic,full_crisis_episode,13,19,0.9325,0.0,0.7,1.0,3,Patching database to reduce attacker foothold and recover system integrity,False
medium,heuristic,full_crisis_episode,13,20,0.9308,0.0,0.7,0.8,1,"Increased monitoring on auth_server — threat level elevated, gathering evidence before committing to isolation",False
medium,heuristic,full_crisis_episode,14,1,0.9625,0.8,0.7,0.8,1,Monitoring comms to track attacker movement without disrupting uptime,False
medium,heuristic,full_crisis_episode,14,2,0.9608,0.8,0.8,0.9,2,Patching api_gateway to reduce attacker foothold and recover system integrity,False
medium,heuristic,full_crisis_episode,14,3,0.9592,0.9,0.8,0.7,1,Monitoring api_gateway to track attacker movement without disrupting uptime,False
medium,heuristic,full_crisis_episode,14,4,0.9575,1.0,0.8,0.5,0,Monitoring api_gateway to track attacker movement without disrupting uptime,False
medium,heuristic,full_crisis_episode,14,5,0.9558,1.0,0.8,0.6,2,Monitoring api_gateway to track attacker movement without disrupting uptime,False
medium,heuristic,full_crisis_episode,14,6,0.9542,1.0,0.6,0.7,1,Patching internal_tools to reduce attacker foothold and recover system integrity,False
medium,heuristic,full_crisis_episode,14,7,0.9525,1.0,0.4,0.8,1,Patching internal_tools to reduce attacker foothold and recover system integrity,False
medium,heuristic,full_crisis_episode,14,8,0.9508,1.0,0.2,0.9,1,Patching internal_tools to reduce attacker foothold and recover system integrity,False
medium,heuristic,full_crisis_episode,14,9,0.9102,1.0,0.0,1.0,3,Chose to isolate internal_tools despite conflicting stakeholder signals (Engineering may be compromised),False
medium,heuristic,full_crisis_episode,14,10,0.9085,0.8,0.0,0.8,1,"Increased monitoring on api_gateway — threat level elevated, gathering evidence before committing to isolation",False
medium,heuristic,full_crisis_episode,14,11,0.9068,0.8,0.1,0.9,0,Patching internal_tools to reduce attacker foothold and recover system integrity,False
medium,heuristic,full_crisis_episode,14,12,0.9052,0.8,0.2,1.0,1,Patching internal_tools to reduce attacker foothold and recover system integrity,False
medium,heuristic,full_crisis_episode,14,13,0.9035,0.8,0.3,0.8,1,Patching internal_tools to reduce attacker foothold and recover system integrity,False
medium,heuristic,full_crisis_episode,14,14,0.9018,0.8,0.4,0.6,1,Patching internal_tools to reduce attacker foothold and recover system integrity,False
medium,heuristic,full_crisis_episode,14,15,0.9002,0.8,0.5,0.7,2,Patching internal_tools to reduce attacker foothold and recover system integrity,False
medium,heuristic,full_crisis_episode,14,16,0.8595,0.8,0.6,0.5,1,"Chose to isolate comms despite conflicting stakeholder signals (Finance, PR may be compromised)",False
medium,heuristic,full_crisis_episode,14,17,0.8578,0.8,0.7,0.3,2,Patching internal_tools to reduce attacker foothold and recover system integrity,False
medium,heuristic,full_crisis_episode,14,18,0.8562,0.8,0.5,0.1,2,Patching internal_tools to reduce attacker foothold and recover system integrity,False
medium,heuristic,full_crisis_episode,14,19,0.8545,0.6,0.5,0.0,1,Monitoring comms to track attacker movement without disrupting uptime,False
medium,heuristic,full_crisis_episode,14,20,0.8138,0.6,0.3,0.1,0,Chose to isolate api_gateway despite conflicting stakeholder signals (Engineering may be compromised),False
medium,heuristic,full_crisis_episode,15,1,0.9625,0.8,0.7,0.8,1,Monitoring api_gateway to track attacker movement without disrupting uptime,False
medium,heuristic,full_crisis_episode,15,2,0.9608,0.9,0.7,0.9,2,Monitoring api_gateway to track attacker movement without disrupting uptime,False
medium,heuristic,full_crisis_episode,15,3,0.9202,0.9,0.8,0.7,0,"Chose to isolate api_gateway despite conflicting stakeholder signals (Finance, PR may be compromised)",False
medium,heuristic,full_crisis_episode,15,4,0.9185,1.0,0.8,0.8,2,Monitoring api_gateway to track attacker movement without disrupting uptime,False
medium,heuristic,full_crisis_episode,15,5,0.9168,1.0,0.6,0.6,2,Patching internal_tools to reduce attacker foothold and recover system integrity,False
medium,heuristic,full_crisis_episode,15,6,0.9152,1.0,0.4,0.4,1,Patching api_gateway to reduce attacker foothold and recover system integrity,False
medium,heuristic,full_crisis_episode,15,7,0.9135,1.0,0.5,0.5,1,Patching api_gateway to reduce attacker foothold and recover system integrity,False
medium,heuristic,full_crisis_episode,15,8,0.9118,1.0,0.3,0.6,1,Patching api_gateway to reduce attacker foothold and recover system integrity,False
medium,heuristic,full_crisis_episode,15,9,0.9102,1.0,0.3,0.7,1,Monitoring api_gateway to track attacker movement without disrupting uptime,False
medium,heuristic,full_crisis_episode,15,10,0.9085,1.0,0.1,0.8,0,Patching api_gateway to reduce attacker foothold and recover system integrity,False
medium,heuristic,full_crisis_episode,15,11,0.9068,1.0,0.2,0.9,0,Patching api_gateway to reduce attacker foothold and recover system integrity,False
medium,heuristic,full_crisis_episode,15,12,0.9052,1.0,0.3,1.0,0,Patching api_gateway to reduce attacker foothold and recover system integrity,False
medium,heuristic,full_crisis_episode,15,13,0.9035,1.0,0.4,1.0,3,Patching api_gateway to reduce attacker foothold and recover system integrity,False
medium,heuristic,full_crisis_episode,15,14,0.9018,0.8,0.4,0.8,0,Monitoring api_gateway to track attacker movement without disrupting uptime,False
medium,heuristic,full_crisis_episode,15,15,0.9002,0.9,0.4,0.9,1,Monitoring api_gateway to track attacker movement without disrupting uptime,False
medium,heuristic,full_crisis_episode,15,16,0.8985,0.9,0.5,1.0,3,Patching api_gateway to reduce attacker foothold and recover system integrity,False
medium,heuristic,full_crisis_episode,15,17,0.8968,0.9,0.3,0.8,0,Patching auth_server to reduce attacker foothold and recover system integrity,False
medium,heuristic,full_crisis_episode,15,18,0.8952,1.0,0.3,0.9,1,Monitoring api_gateway to track attacker movement without disrupting uptime,False
medium,heuristic,full_crisis_episode,15,19,0.8935,1.0,0.3,0.7,1,Monitoring database to track attacker movement without disrupting uptime,False
medium,heuristic,full_crisis_episode,15,20,0.8918,1.0,0.3,0.5,2,Monitoring api_gateway to track attacker movement without disrupting uptime,False
medium,heuristic,full_crisis_episode,16,1,0.9625,0.8,0.7,0.8,0,Monitoring internal_tools to track attacker movement without disrupting uptime,False
medium,heuristic,full_crisis_episode,16,2,0.9608,0.9,0.7,0.9,0,Monitoring api_gateway to track attacker movement without disrupting uptime,False
medium,heuristic,full_crisis_episode,16,3,0.9592,1.0,0.7,1.0,2,Monitoring auth_server to track attacker movement without disrupting uptime,False
medium,heuristic,full_crisis_episode,16,4,0.9575,1.0,0.8,0.8,3,Patching internal_tools to reduce attacker foothold and recover system integrity,False
medium,heuristic,full_crisis_episode,16,5,0.9558,1.0,0.6,0.6,1,Patching internal_tools to reduce attacker foothold and recover system integrity,False
medium,heuristic,full_crisis_episode,16,6,0.9542,1.0,0.4,0.7,1,Patching internal_tools to reduce attacker foothold and recover system integrity,False
medium,heuristic,full_crisis_episode,16,7,0.9135,1.0,0.2,0.8,1,Chose to isolate internal_tools despite conflicting stakeholder signals (Engineering may be compromised),False
medium,heuristic,full_crisis_episode,16,8,0.9118,1.0,0.2,0.6,1,Monitoring internal_tools to track attacker movement without disrupting uptime,False
medium,heuristic,full_crisis_episode,16,9,0.9102,1.0,0.3,0.4,3,Patching api_gateway to reduce attacker foothold and recover system integrity,False
medium,heuristic,full_crisis_episode,16,10,0.9085,1.0,0.1,0.2,1,Patching internal_tools to reduce attacker foothold and recover system integrity,False
medium,heuristic,full_crisis_episode,16,11,0.9068,1.0,0.0,0.3,1,Patching internal_tools to reduce attacker foothold and recover system integrity,False
medium,heuristic,full_crisis_episode,16,12,0.9052,1.0,0.1,0.1,1,Patching internal_tools to reduce attacker foothold and recover system integrity,False
medium,heuristic,full_crisis_episode,16,13,0.9035,0.8,0.1,0.2,1,Monitoring api_gateway to track attacker movement without disrupting uptime,False
medium,heuristic,full_crisis_episode,16,14,0.9018,0.9,0.1,0.0,2,Monitoring internal_tools to track attacker movement without disrupting uptime,False
medium,heuristic,full_crisis_episode,16,15,0.9002,0.9,0.0,0.1,1,Patching internal_tools to reduce attacker foothold and recover system integrity,False
medium,heuristic,full_crisis_episode,16,16,0.8985,0.9,0.1,0.2,1,Patching internal_tools to reduce attacker foothold and recover system integrity,False
medium,heuristic,full_crisis_episode,16,17,0.8968,0.7,0.1,0.3,0,Monitoring internal_tools to track attacker movement without disrupting uptime,False
medium,heuristic,full_crisis_episode,16,18,0.8562,0.7,0.2,0.4,0,Chose to isolate api_gateway due to high severity alerts and engineering alignment,False
medium,heuristic,full_crisis_episode,16,19,0.8545,0.8,0.2,0.5,3,Monitoring internal_tools to track attacker movement without disrupting uptime,False
medium,heuristic,full_crisis_episode,16,20,0.8528,0.6,0.2,0.3,0,Monitoring internal_tools to track attacker movement without disrupting uptime,False
medium,heuristic,full_crisis_episode,17,1,0.9625,0.8,0.7,0.8,0,Monitoring comms to track attacker movement without disrupting uptime,False
medium,heuristic,full_crisis_episode,17,2,0.9608,0.9,0.7,0.9,1,Monitoring api_gateway to track attacker movement without disrupting uptime,False
medium,heuristic,full_crisis_episode,17,3,0.9592,0.9,0.8,1.0,2,Patching api_gateway to reduce attacker foothold and recover system integrity,False
medium,heuristic,full_crisis_episode,17,4,0.9575,0.9,0.6,0.8,1,Patching database to reduce attacker foothold and recover system integrity,False
medium,heuristic,full_crisis_episode,17,5,0.9558,0.9,0.7,0.6,1,Patching internal_tools to reduce attacker foothold and recover system integrity,False
medium,heuristic,full_crisis_episode,17,6,0.9542,0.9,0.5,0.7,0,Patching internal_tools to reduce attacker foothold and recover system integrity,False
medium,heuristic,full_crisis_episode,17,7,0.9525,1.0,0.5,0.8,1,Monitoring internal_tools to track attacker movement without disrupting uptime,False
medium,heuristic,full_crisis_episode,17,8,0.9508,1.0,0.6,0.9,1,Patching internal_tools to reduce attacker foothold and recover system integrity,False
medium,heuristic,full_crisis_episode,17,9,0.9492,1.0,0.7,1.0,1,Patching auth_server to reduce attacker foothold and recover system integrity,False
medium,heuristic,full_crisis_episode,17,10,0.9475,1.0,0.5,1.0,1,Patching auth_server to reduce attacker foothold and recover system integrity,False
medium,heuristic,full_crisis_episode,17,11,0.9458,1.0,0.6,0.8,1,Patching auth_server to reduce attacker foothold and recover system integrity,False
medium,heuristic,full_crisis_episode,17,12,0.9442,0.8,0.6,0.9,1,"Increased monitoring on internal_tools — threat level elevated, gathering evidence before committing to isolation",False
medium,heuristic,full_crisis_episode,17,13,0.5925,0.9,0.6,1.0,1,"Increased monitoring on comms — threat level elevated, gathering evidence before committing to isolation",True
medium,heuristic,full_crisis_episode,18,1,0.9625,0.8,0.7,0.8,2,Monitoring auth_server to track attacker movement without disrupting uptime,False
medium,heuristic,full_crisis_episode,18,2,0.9608,0.8,0.8,0.6,1,Patching internal_tools to reduce attacker foothold and recover system integrity,False
medium,heuristic,full_crisis_episode,18,3,0.9592,0.8,0.9,0.7,1,Patching api_gateway to reduce attacker foothold and recover system integrity,False
medium,heuristic,full_crisis_episode,18,4,0.9575,0.8,1.0,0.5,2,Patching internal_tools to reduce attacker foothold and recover system integrity,False
medium,heuristic,full_crisis_episode,18,5,0.9168,0.8,1.0,0.3,0,"Chose to isolate internal_tools despite conflicting stakeholder signals (Finance, PR may be compromised)",False
medium,heuristic,full_crisis_episode,18,6,0.9152,0.9,1.0,0.4,2,Monitoring internal_tools to track attacker movement without disrupting uptime,False
medium,heuristic,full_crisis_episode,18,7,0.9135,0.9,0.8,0.2,1,Patching internal_tools to reduce attacker foothold and recover system integrity,False
medium,heuristic,full_crisis_episode,18,8,0.9118,0.9,0.9,0.0,0,Patching internal_tools to reduce attacker foothold and recover system integrity,False
medium,heuristic,full_crisis_episode,18,9,0.9102,0.9,1.0,0.1,3,Patching internal_tools to reduce attacker foothold and recover system integrity,False
medium,heuristic,full_crisis_episode,18,10,0.9085,0.9,0.8,0.0,1,Patching internal_tools to reduce attacker foothold and recover system integrity,False
medium,heuristic,full_crisis_episode,18,11,0.9068,0.9,0.6,0.1,0,Patching internal_tools to reduce attacker foothold and recover system integrity,False
medium,heuristic,full_crisis_episode,18,12,0.9052,1.0,0.6,0.2,1,Monitoring internal_tools to track attacker movement without disrupting uptime,False
medium,heuristic,full_crisis_episode,18,13,0.9035,1.0,0.7,0.0,1,Patching internal_tools to reduce attacker foothold and recover system integrity,False
medium,heuristic,full_crisis_episode,18,14,0.9018,1.0,0.8,0.1,1,Patching internal_tools to reduce attacker foothold and recover system integrity,False
medium,heuristic,full_crisis_episode,18,15,0.9002,0.8,0.8,0.2,2,Monitoring api_gateway to track attacker movement without disrupting uptime,False
medium,heuristic,full_crisis_episode,18,16,0.8985,0.6,0.8,0.3,0,Monitoring internal_tools to track attacker movement without disrupting uptime,False
medium,heuristic,full_crisis_episode,18,17,0.8968,0.7,0.8,0.4,1,Monitoring internal_tools to track attacker movement without disrupting uptime,False
medium,heuristic,full_crisis_episode,18,18,0.8952,0.5,0.8,0.5,1,Monitoring internal_tools to track attacker movement without disrupting uptime,False
medium,heuristic,full_crisis_episode,18,19,0.8935,0.6,0.8,0.6,1,Monitoring internal_tools to track attacker movement without disrupting uptime,False
medium,heuristic,full_crisis_episode,18,20,0.8918,0.7,0.8,0.4,3,Monitoring internal_tools to track attacker movement without disrupting uptime,False
medium,heuristic,full_crisis_episode,19,1,0.9625,0.8,0.7,0.8,0,Monitoring comms to track attacker movement without disrupting uptime,False
medium,heuristic,full_crisis_episode,19,2,0.9608,0.8,0.8,0.9,0,Patching api_gateway to reduce attacker foothold and recover system integrity,False
medium,heuristic,full_crisis_episode,19,3,0.9592,0.8,0.9,1.0,3,Patching api_gateway to reduce attacker foothold and recover system integrity,False
medium,heuristic,full_crisis_episode,19,4,0.9575,0.8,0.7,0.8,3,Patching auth_server to reduce attacker foothold and recover system integrity,False
medium,heuristic,full_crisis_episode,19,5,0.9558,0.6,0.7,0.6,3,Monitoring api_gateway to track attacker movement without disrupting uptime,False
medium,heuristic,full_crisis_episode,19,6,0.9542,0.6,0.5,0.4,2,Patching internal_tools to reduce attacker foothold and recover system integrity,False
medium,heuristic,full_crisis_episode,19,7,0.9525,0.6,0.3,0.2,1,Patching internal_tools to reduce attacker foothold and recover system integrity,False
medium,heuristic,full_crisis_episode,19,8,0.9508,0.6,0.4,0.3,0,Patching internal_tools to reduce attacker foothold and recover system integrity,False
medium,heuristic,full_crisis_episode,19,9,0.9492,0.6,0.5,0.4,1,Patching internal_tools to reduce attacker foothold and recover system integrity,False
medium,heuristic,full_crisis_episode,19,10,0.9475,0.4,0.5,0.5,1,Monitoring internal_tools to track attacker movement without disrupting uptime,False
medium,heuristic,full_crisis_episode,19,11,0.9458,0.5,0.5,0.3,0,Monitoring internal_tools to track attacker movement without disrupting uptime,False
medium,heuristic,full_crisis_episode,19,12,0.9442,0.5,0.6,0.4,1,Patching internal_tools to reduce attacker foothold and recover system integrity,False
medium,heuristic,full_crisis_episode,19,13,0.9425,0.5,0.4,0.5,0,Patching internal_tools to reduce attacker foothold and recover system integrity,False
medium,heuristic,full_crisis_episode,19,14,0.9408,0.6,0.4,0.6,2,Monitoring database to track attacker movement without disrupting uptime,False
medium,heuristic,full_crisis_episode,19,15,0.9392,0.4,0.4,0.4,1,Monitoring auth_server to track attacker movement without disrupting uptime,False
medium,heuristic,full_crisis_episode,19,16,0.9375,0.5,0.4,0.5,1,"Increased monitoring on internal_tools — threat level elevated, gathering evidence before committing to isolation",False
medium,heuristic,full_crisis_episode,19,17,0.9358,0.6,0.4,0.6,0,"Increased monitoring on internal_tools — threat level elevated, gathering evidence before committing to isolation",False
medium,heuristic,full_crisis_episode,19,18,0.9342,0.7,0.4,0.7,1,"Increased monitoring on auth_server — threat level elevated, gathering evidence before committing to isolation",False
medium,heuristic,full_crisis_episode,19,19,0.9325,0.8,0.4,0.5,2,"Increased monitoring on auth_server — threat level elevated, gathering evidence before committing to isolation",False
medium,heuristic,full_crisis_episode,19,20,0.5808,0.8,0.5,0.3,2,Patching database to reduce attacker foothold and recover system integrity,True
medium,heuristic,full_crisis_episode,20,1,0.9625,0.8,0.7,0.8,0,Monitoring api_gateway to track attacker movement without disrupting uptime,False
medium,heuristic,full_crisis_episode,20,2,0.9608,0.8,0.8,0.9,1,Patching api_gateway to reduce attacker foothold and recover system integrity,False
medium,heuristic,full_crisis_episode,20,3,0.9592,0.8,0.6,1.0,0,Patching api_gateway to reduce attacker foothold and recover system integrity,False
medium,heuristic,full_crisis_episode,20,4,0.9575,0.9,0.6,1.0,1,Monitoring api_gateway to track attacker movement without disrupting uptime,False
medium,heuristic,full_crisis_episode,20,5,0.9558,0.9,0.7,1.0,2,Patching api_gateway to reduce attacker foothold and recover system integrity,False
medium,heuristic,full_crisis_episode,20,6,0.9542,0.9,0.5,1.0,2,Patching api_gateway to reduce attacker foothold and recover system integrity,False
medium,heuristic,full_crisis_episode,20,7,0.9525,0.9,0.3,0.8,1,Patching api_gateway to reduce attacker foothold and recover system integrity,False
medium,heuristic,full_crisis_episode,20,8,0.9508,0.9,0.1,0.9,0,Patching api_gateway to reduce attacker foothold and recover system integrity,False
medium,heuristic,full_crisis_episode,20,9,0.9492,0.9,0.2,1.0,2,Patching api_gateway to reduce attacker foothold and recover system integrity,False
medium,heuristic,full_crisis_episode,20,10,0.9475,0.7,0.2,0.8,2,Monitoring internal_tools to track attacker movement without disrupting uptime,False
medium,heuristic,full_crisis_episode,20,11,0.9458,0.7,0.0,0.9,2,Patching api_gateway to reduce attacker foothold and recover system integrity,False
medium,heuristic,full_crisis_episode,20,12,0.9442,0.7,0.1,0.7,2,Patching api_gateway to reduce attacker foothold and recover system integrity,False
medium,heuristic,full_crisis_episode,20,13,0.9425,0.5,0.1,0.8,2,Monitoring api_gateway to track attacker movement without disrupting uptime,False
medium,heuristic,full_crisis_episode,20,14,0.9408,0.6,0.1,0.6,2,Monitoring api_gateway to track attacker movement without disrupting uptime,False
medium,heuristic,full_crisis_episode,20,15,0.9392,0.4,0.1,0.4,1,Monitoring api_gateway to track attacker movement without disrupting uptime,False
medium,heuristic,full_crisis_episode,20,16,0.9375,0.2,0.1,0.5,1,"Increased monitoring on internal_tools — threat level elevated, gathering evidence before committing to isolation",False
medium,heuristic,full_crisis_episode,20,17,0.9358,0.3,0.1,0.6,1,"Increased monitoring on internal_tools — threat level elevated, gathering evidence before committing to isolation",False
medium,heuristic,full_crisis_episode,20,18,0.9342,0.4,0.1,0.4,0,"Increased monitoring on internal_tools — threat level elevated, gathering evidence before committing to isolation",False
medium,heuristic,full_crisis_episode,20,19,0.9325,0.4,0.2,0.5,1,Patching auth_server to reduce attacker foothold and recover system integrity,False
medium,heuristic,full_crisis_episode,20,20,0.9308,0.5,0.2,0.3,1,"Increased monitoring on auth_server — threat level elevated, gathering evidence before committing to isolation",False
medium,trained,alert_triage,1,1,0.5,0.7,0.7,0.7,0,,True
medium,trained,alert_triage,2,1,0.5,0.7,0.7,0.7,0,,True
medium,trained,alert_triage,3,1,0.6,0.7,0.7,0.7,0,,True
medium,trained,alert_triage,4,1,0.8,0.7,0.7,0.7,0,,True
medium,trained,alert_triage,5,1,0.8,0.7,0.7,0.7,0,,True
medium,trained,alert_triage,6,1,0.6364,0.7,0.7,0.7,0,,True
medium,trained,alert_triage,7,1,0.5,0.7,0.7,0.7,0,,True
medium,trained,alert_triage,8,1,0.4,0.7,0.7,0.7,0,,True
medium,trained,alert_triage,9,1,0.5455,0.7,0.7,0.7,0,,True
medium,trained,alert_triage,10,1,0.8,0.7,0.7,0.7,0,,True
medium,trained,alert_triage,11,1,0.6364,0.7,0.7,0.7,0,,True
medium,trained,alert_triage,12,1,0.5,0.7,0.7,0.7,0,,True
medium,trained,alert_triage,13,1,0.7,0.7,0.7,0.7,0,,True
medium,trained,alert_triage,14,1,0.6,0.7,0.7,0.7,0,,True
medium,trained,alert_triage,15,1,0.7,0.7,0.7,0.7,0,,True
medium,trained,alert_triage,16,1,0.6,0.7,0.7,0.7,0,,True
medium,trained,alert_triage,17,1,0.6364,0.7,0.7,0.7,0,,True
medium,trained,alert_triage,18,1,0.6,0.7,0.7,0.7,0,,True
medium,trained,alert_triage,19,1,0.7,0.7,0.7,0.7,0,,True
medium,trained,alert_triage,20,1,0.7273,0.7,0.7,0.7,0,,True
medium,trained,stakeholder_argument,1,1,0.65,0.7,0.7,0.7,0,,False
medium,trained,stakeholder_argument,1,2,0.8,0.7,0.7,0.7,0,,True
medium,trained,stakeholder_argument,2,1,0.65,0.7,0.7,0.7,0,,False
medium,trained,stakeholder_argument,2,2,0.8,0.7,0.7,0.7,0,,True
medium,trained,stakeholder_argument,3,1,0.65,0.7,0.7,0.7,0,,False
medium,trained,stakeholder_argument,3,2,0.3,0.7,0.7,0.7,0,,True
medium,trained,stakeholder_argument,4,1,0.65,0.7,0.7,0.7,0,,False
medium,trained,stakeholder_argument,4,2,0.8,0.7,0.7,0.7,0,,True
medium,trained,stakeholder_argument,5,1,0.65,0.7,0.7,0.7,0,,False
medium,trained,stakeholder_argument,5,2,0.8,0.7,0.7,0.7,0,,True
medium,trained,stakeholder_argument,6,1,0.65,0.7,0.7,0.7,0,,False
medium,trained,stakeholder_argument,6,2,0.8,0.7,0.7,0.7,0,,True
medium,trained,stakeholder_argument,7,1,0.65,0.7,0.7,0.7,0,,False
medium,trained,stakeholder_argument,7,2,0.3,0.7,0.7,0.7,0,,True
medium,trained,stakeholder_argument,8,1,0.65,0.7,0.7,0.7,0,,False
medium,trained,stakeholder_argument,8,2,0.8,0.7,0.7,0.7,0,,True
medium,trained,stakeholder_argument,9,1,0.65,0.7,0.7,0.7,0,,False
medium,trained,stakeholder_argument,9,2,0.8,0.7,0.7,0.7,0,,True
medium,trained,stakeholder_argument,10,1,0.65,0.7,0.7,0.7,0,,False
medium,trained,stakeholder_argument,10,2,0.3,0.7,0.7,0.7,0,,True
medium,trained,stakeholder_argument,11,1,0.65,0.7,0.7,0.7,0,,False
medium,trained,stakeholder_argument,11,2,0.3,0.7,0.7,0.7,0,,True
medium,trained,stakeholder_argument,12,1,0.65,0.7,0.7,0.7,0,,False
medium,trained,stakeholder_argument,12,2,0.3,0.7,0.7,0.7,0,,True
medium,trained,stakeholder_argument,13,1,0.65,0.7,0.7,0.7,0,,False
medium,trained,stakeholder_argument,13,2,0.3,0.7,0.7,0.7,0,,True
medium,trained,stakeholder_argument,14,1,0.65,0.7,0.7,0.7,0,,False
medium,trained,stakeholder_argument,14,2,0.3,0.7,0.7,0.7,0,,True
medium,trained,stakeholder_argument,15,1,0.65,0.7,0.7,0.7,0,,False
medium,trained,stakeholder_argument,15,2,0.3,0.7,0.7,0.7,0,,True
medium,trained,stakeholder_argument,16,1,0.65,0.7,0.7,0.7,0,,False
medium,trained,stakeholder_argument,16,2,0.3,0.7,0.7,0.7,0,,True
medium,trained,stakeholder_argument,17,1,0.65,0.7,0.7,0.7,0,,False
medium,trained,stakeholder_argument,17,2,0.3,0.7,0.7,0.7,0,,True
medium,trained,stakeholder_argument,18,1,0.65,0.7,0.7,0.7,0,,False
medium,trained,stakeholder_argument,18,2,0.3,0.7,0.7,0.7,0,,True
medium,trained,stakeholder_argument,19,1,0.65,0.7,0.7,0.7,0,,False
medium,trained,stakeholder_argument,19,2,0.8,0.7,0.7,0.7,0,,True
medium,trained,stakeholder_argument,20,1,0.65,0.7,0.7,0.7,0,,False
medium,trained,stakeholder_argument,20,2,0.8,0.7,0.7,0.7,0,,True
medium,trained,full_crisis_episode,1,1,0.9625,0.7,0.8,0.8,1,Patching api_gateway to reduce attacker foothold and recover system integrity,False
medium,trained,full_crisis_episode,1,2,0.9608,0.5,0.8,0.9,1,Monitoring api_gateway to track attacker movement without disrupting uptime,False
medium,trained,full_crisis_episode,1,3,0.9592,0.3,0.8,1.0,1,Monitoring api_gateway to track attacker movement without disrupting uptime,False
medium,trained,full_crisis_episode,1,4,0.9575,0.4,0.8,0.8,1,"Increased monitoring on internal_tools — threat level elevated, gathering evidence before committing to isolation",False
medium,trained,full_crisis_episode,1,5,0.9558,0.2,0.8,0.9,1,"Increased monitoring on internal_tools — threat level elevated, gathering evidence before committing to isolation",False
medium,trained,full_crisis_episode,1,6,0.9542,0.3,0.8,1.0,1,"Increased monitoring on internal_tools — threat level elevated, gathering evidence before committing to isolation",False
medium,trained,full_crisis_episode,1,7,0.9525,0.4,0.8,1.0,2,"Increased monitoring on internal_tools — threat level elevated, gathering evidence before committing to isolation",False
medium,trained,full_crisis_episode,1,8,0.9508,0.5,0.8,0.8,0,"Increased monitoring on internal_tools — threat level elevated, gathering evidence before committing to isolation",False
medium,trained,full_crisis_episode,1,9,0.9492,0.6,0.8,0.9,2,"Increased monitoring on internal_tools — threat level elevated, gathering evidence before committing to isolation",False
medium,trained,full_crisis_episode,1,10,0.9475,0.4,0.8,0.7,1,"Increased monitoring on auth_server — threat level elevated, gathering evidence before committing to isolation",False
medium,trained,full_crisis_episode,1,11,0.9333,0.4,0.9,0.8,3,Chose to isolate auth_server despite conflicting stakeholder signals (Finance may be compromised),False
medium,trained,full_crisis_episode,1,12,0.9052,0.2,0.9,0.8,2,Sending situational update to maintain stakeholder alignment,False
medium,trained,full_crisis_episode,1,13,0.9035,0.3,0.9,0.6,0,"Increased monitoring on database — threat level elevated, gathering evidence before committing to isolation",False
medium,trained,full_crisis_episode,1,14,0.5128,0.3,1.0,0.7,1,Chose to isolate database due to low confidence signals and engineering alignment,True
medium,trained,full_crisis_episode,2,1,0.9625,0.8,0.7,0.8,1,Monitoring internal_tools to track attacker movement without disrupting uptime,False
medium,trained,full_crisis_episode,2,2,0.9218,0.8,0.8,0.6,1,Chose to isolate api_gateway despite conflicting stakeholder signals (PR may be compromised),False
medium,trained,full_crisis_episode,2,3,0.9202,0.8,0.9,0.7,1,Patching api_gateway to reduce attacker foothold and recover system integrity,False
medium,trained,full_crisis_episode,2,4,0.9185,0.9,0.9,0.8,1,Monitoring database to track attacker movement without disrupting uptime,False
medium,trained,full_crisis_episode,2,5,0.9168,1.0,0.9,0.6,0,Monitoring api_gateway to track attacker movement without disrupting uptime,False
medium,trained,full_crisis_episode,2,6,0.9152,1.0,1.0,0.7,0,Patching api_gateway to reduce attacker foothold and recover system integrity,False
medium,trained,full_crisis_episode,2,7,0.9135,1.0,1.0,0.8,2,Patching internal_tools to reduce attacker foothold and recover system integrity,False
medium,trained,full_crisis_episode,2,8,0.9118,1.0,0.8,0.6,2,Patching database to reduce attacker foothold and recover system integrity,False
medium,trained,full_crisis_episode,2,9,0.9102,1.0,0.9,0.4,0,Patching api_gateway to reduce attacker foothold and recover system integrity,False
medium,trained,full_crisis_episode,2,10,0.9085,1.0,1.0,0.5,2,Patching api_gateway to reduce attacker foothold and recover system integrity,False
medium,trained,full_crisis_episode,2,11,0.9068,1.0,1.0,0.3,2,Monitoring api_gateway to track attacker movement without disrupting uptime,False
medium,trained,full_crisis_episode,2,12,0.9052,1.0,0.8,0.4,1,Patching api_gateway to reduce attacker foothold and recover system integrity,False
medium,trained,full_crisis_episode,2,13,0.9035,1.0,0.9,0.2,0,Patching api_gateway to reduce attacker foothold and recover system integrity,False
medium,trained,full_crisis_episode,2,14,0.9018,1.0,1.0,0.3,0,Patching api_gateway to reduce attacker foothold and recover system integrity,False
medium,trained,full_crisis_episode,2,15,0.9002,1.0,1.0,0.4,0,Patching api_gateway to reduce attacker foothold and recover system integrity,False
medium,trained,full_crisis_episode,2,16,0.886,1.0,1.0,0.5,1,Chose to isolate auth_server due to high severity alerts and engineering alignment,False
medium,trained,full_crisis_episode,2,17,0.8968,0.8,1.0,0.5,0,Sending situational update to maintain stakeholder alignment,False
medium,trained,full_crisis_episode,2,18,0.8952,0.8,1.0,0.6,0,Patching api_gateway to reduce attacker foothold and recover system integrity,False
medium,trained,full_crisis_episode,2,19,0.8935,0.8,1.0,0.7,0,Patching api_gateway to reduce attacker foothold and recover system integrity,False
medium,trained,full_crisis_episode,2,20,0.8918,0.8,1.0,0.8,0,Patching api_gateway to reduce attacker foothold and recover system integrity,False
medium,trained,full_crisis_episode,3,1,0.9625,0.7,0.8,0.8,1,Patching api_gateway to reduce attacker foothold and recover system integrity,False
medium,trained,full_crisis_episode,3,2,0.9208,0.7,0.8,0.9,1,Investigating due to uncertainty in alert validity,False
medium,trained,full_crisis_episode,3,3,0.9192,0.7,0.8,0.7,2,Investigating due to uncertainty in alert validity — high severity signals present but source unconfirmed,False
medium,trained,full_crisis_episode,3,4,0.9575,0.5,0.8,0.5,1,"Increased monitoring on internal_tools — threat level elevated, gathering evidence before committing to isolation",False
medium,trained,full_crisis_episode,3,5,0.9558,0.3,0.8,0.6,0,"Increased monitoring on internal_tools — threat level elevated, gathering evidence before committing to isolation",False
medium,trained,full_crisis_episode,3,6,0.9542,0.4,0.8,0.7,1,"Increased monitoring on internal_tools — threat level elevated, gathering evidence before committing to isolation",False
medium,trained,full_crisis_episode,3,7,0.9525,0.2,0.8,0.8,0,"Increased monitoring on internal_tools — threat level elevated, gathering evidence before committing to isolation",False
medium,trained,full_crisis_episode,3,8,0.9508,0.3,0.8,0.9,1,"Increased monitoring on internal_tools — threat level elevated, gathering evidence before committing to isolation",False
medium,trained,full_crisis_episode,3,9,0.9492,0.1,0.8,1.0,2,"Increased monitoring on internal_tools — threat level elevated, gathering evidence before committing to isolation",False
medium,trained,full_crisis_episode,3,10,0.9475,0.0,0.8,1.0,0,"Increased monitoring on internal_tools — threat level elevated, gathering evidence before committing to isolation",False
medium,trained,full_crisis_episode,3,11,0.9458,0.1,0.8,1.0,0,"Increased monitoring on internal_tools — threat level elevated, gathering evidence before committing to isolation",False
medium,trained,full_crisis_episode,3,12,0.9442,0.2,0.8,1.0,0,"Increased monitoring on internal_tools — threat level elevated, gathering evidence before committing to isolation",False
medium,trained,full_crisis_episode,3,13,0.9425,0.3,0.8,1.0,2,"Increased monitoring on internal_tools — threat level elevated, gathering evidence before committing to isolation",False
medium,trained,full_crisis_episode,3,14,0.9408,0.4,0.8,0.8,1,"Increased monitoring on internal_tools — threat level elevated, gathering evidence before committing to isolation",False
medium,trained,full_crisis_episode,3,15,0.9392,0.2,0.8,0.9,1,"Increased monitoring on internal_tools — threat level elevated, gathering evidence before committing to isolation",False
medium,trained,full_crisis_episode,3,16,0.9375,0.3,0.8,1.0,0,"Increased monitoring on internal_tools — threat level elevated, gathering evidence before committing to isolation",False
medium,trained,full_crisis_episode,3,17,0.9358,0.4,0.8,1.0,0,"Increased monitoring on internal_tools — threat level elevated, gathering evidence before committing to isolation",False
medium,trained,full_crisis_episode,3,18,0.9217,0.4,0.9,1.0,0,Chose to isolate auth_server due to high severity alerts and engineering alignment,False
medium,trained,full_crisis_episode,3,19,0.9325,0.5,0.9,1.0,1,Sending situational update to maintain stakeholder alignment,False
medium,trained,full_crisis_episode,3,20,0.9308,0.6,0.9,1.0,0,"Increased monitoring on database — threat level elevated, gathering evidence before committing to isolation",False
medium,trained,full_crisis_episode,4,1,0.9625,0.7,0.8,0.8,2,Patching api_gateway to reduce attacker foothold and recover system integrity,False
medium,trained,full_crisis_episode,4,2,0.9608,0.7,0.6,0.9,2,Patching api_gateway to reduce attacker foothold and recover system integrity,False
medium,trained,full_crisis_episode,4,3,1.0,0.7,0.6,1.0,0,Investigating due to uncertainty in alert validity — high severity signals present but source unconfirmed,False
medium,trained,full_crisis_episode,4,4,0.9575,0.7,0.7,1.0,2,Patching auth_server to reduce attacker foothold and recover system integrity,False
medium,trained,full_crisis_episode,4,5,0.9558,0.5,0.7,0.8,3,Monitoring api_gateway to track attacker movement without disrupting uptime,False
medium,trained,full_crisis_episode,4,6,0.9542,0.3,0.7,0.6,0,"Increased monitoring on internal_tools — threat level elevated, gathering evidence before committing to isolation",False
medium,trained,full_crisis_episode,4,7,0.9525,0.4,0.7,0.7,2,"Increased monitoring on internal_tools — threat level elevated, gathering evidence before committing to isolation",False
medium,trained,full_crisis_episode,4,8,0.9508,0.5,0.7,0.5,0,"Increased monitoring on internal_tools — threat level elevated, gathering evidence before committing to isolation",False
medium,trained,full_crisis_episode,4,9,0.9367,0.5,0.8,0.6,1,Chose to isolate auth_server due to low confidence signals and engineering alignment,False
medium,trained,full_crisis_episode,4,10,0.5975,0.6,0.8,0.6,1,Sending situational update to maintain stakeholder alignment,True
medium,trained,full_crisis_episode,5,1,0.9625,0.8,0.7,0.8,0,Monitoring internal_tools to track attacker movement without disrupting uptime,False
medium,trained,full_crisis_episode,5,2,0.9608,0.9,0.7,0.9,0,Monitoring api_gateway to track attacker movement without disrupting uptime,False
medium,trained,full_crisis_episode,5,3,0.9192,0.9,0.7,1.0,1,Investigating due to uncertainty in alert validity — high severity signals present but source unconfirmed,False
medium,trained,full_crisis_episode,5,4,0.9575,0.7,0.7,1.0,1,Monitoring api_gateway to track attacker movement without disrupting uptime,False
medium,trained,full_crisis_episode,5,5,0.9558,0.8,0.7,0.8,1,Monitoring internal_tools to track attacker movement without disrupting uptime,False
medium,trained,full_crisis_episode,5,6,0.9542,0.9,0.7,0.9,2,"Increased monitoring on internal_tools — threat level elevated, gathering evidence before committing to isolation",False
medium,trained,full_crisis_episode,5,7,0.9525,1.0,0.7,0.7,1,"Increased monitoring on internal_tools — threat level elevated, gathering evidence before committing to isolation",False
medium,trained,full_crisis_episode,5,8,0.9508,0.8,0.7,0.8,2,"Increased monitoring on internal_tools — threat level elevated, gathering evidence before committing to isolation",False
medium,trained,full_crisis_episode,5,9,0.9367,0.8,0.8,0.6,2,"Chose to isolate auth_server despite conflicting stakeholder signals (Finance, PR may be compromised)",False
medium,trained,full_crisis_episode,5,10,0.9085,0.9,0.8,0.6,2,Sending situational update to maintain stakeholder alignment,False
medium,trained,full_crisis_episode,5,11,0.9068,1.0,0.8,0.4,1,"Increased monitoring on auth_server — threat level elevated, gathering evidence before committing to isolation",False
medium,trained,full_crisis_episode,5,12,0.8927,1.0,0.9,0.2,0,Chose to isolate auth_server despite conflicting stakeholder signals (PR may be compromised),False
medium,trained,full_crisis_episode,5,13,0.9035,1.0,0.9,0.2,1,Sending situational update to maintain stakeholder alignment,False
medium,trained,full_crisis_episode,5,14,0.8893,1.0,1.0,0.3,1,Chose to isolate auth_server despite conflicting stakeholder signals (Finance may be compromised),False
medium,trained,full_crisis_episode,5,15,0.5502,1.0,1.0,0.3,2,Sending situational update to maintain stakeholder alignment,True
medium,trained,full_crisis_episode,6,1,0.9625,0.8,0.7,0.8,0,Monitoring api_gateway to track attacker movement without disrupting uptime,False
medium,trained,full_crisis_episode,6,2,0.9608,0.8,0.8,0.9,2,Patching api_gateway to reduce attacker foothold and recover system integrity,False
medium,trained,full_crisis_episode,6,3,0.9592,0.8,0.6,1.0,0,Patching api_gateway to reduce attacker foothold and recover system integrity,False
medium,trained,full_crisis_episode,6,4,0.9575,0.8,0.7,1.0,1,Patching api_gateway to reduce attacker foothold and recover system integrity,False
medium,trained,full_crisis_episode,6,5,0.9558,0.8,0.5,1.0,0,Patching api_gateway to reduce attacker foothold and recover system integrity,False
medium,trained,full_crisis_episode,6,6,0.9542,0.8,0.6,1.0,1,Patching api_gateway to reduce attacker foothold and recover system integrity,False
medium,trained,full_crisis_episode,6,7,0.9525,0.8,0.4,1.0,1,Patching api_gateway to reduce attacker foothold and recover system integrity,False
medium,trained,full_crisis_episode,6,8,0.9508,0.9,0.4,1.0,1,Monitoring api_gateway to track attacker movement without disrupting uptime,False
medium,trained,full_crisis_episode,6,9,0.9102,0.9,0.5,0.8,1,Chose to isolate api_gateway despite conflicting stakeholder signals (PR may be compromised),False
medium,trained,full_crisis_episode,6,10,0.9085,0.9,0.6,0.9,2,Patching auth_server to reduce attacker foothold and recover system integrity,False
medium,trained,full_crisis_episode,6,11,0.9068,0.9,0.4,0.7,1,Patching api_gateway to reduce attacker foothold and recover system integrity,False
medium,trained,full_crisis_episode,6,12,0.9052,0.9,0.2,0.8,1,Patching api_gateway to reduce attacker foothold and recover system integrity,False
medium,trained,full_crisis_episode,6,13,0.9035,1.0,0.2,0.9,0,Monitoring api_gateway to track attacker movement without disrupting uptime,False
medium,trained,full_crisis_episode,6,14,0.9018,1.0,0.3,1.0,0,Patching api_gateway to reduce attacker foothold and recover system integrity,False
medium,trained,full_crisis_episode,6,15,0.9002,1.0,0.4,1.0,1,Patching api_gateway to reduce attacker foothold and recover system integrity,False
medium,trained,full_crisis_episode,6,16,0.8985,1.0,0.5,0.8,1,Patching api_gateway to reduce attacker foothold and recover system integrity,False
medium,trained,full_crisis_episode,6,17,0.8968,1.0,0.6,0.6,1,Patching api_gateway to reduce attacker foothold and recover system integrity,False
medium,trained,full_crisis_episode,6,18,0.8952,1.0,0.6,0.7,1,Monitoring api_gateway to track attacker movement without disrupting uptime,False
medium,trained,full_crisis_episode,6,19,0.8935,1.0,0.4,0.8,2,Patching api_gateway to reduce attacker foothold and recover system integrity,False
medium,trained,full_crisis_episode,6,20,0.8918,1.0,0.2,0.9,2,Patching api_gateway to reduce attacker foothold and recover system integrity,False
medium,trained,full_crisis_episode,7,1,0.9625,0.7,0.8,0.8,2,Patching api_gateway to reduce attacker foothold and recover system integrity,False
medium,trained,full_crisis_episode,7,2,1.0,0.7,0.8,0.9,1,Investigating due to uncertainty in alert validity,False
medium,trained,full_crisis_episode,7,3,0.9192,0.7,0.8,1.0,2,Investigating due to uncertainty in alert validity — high severity signals present but source unconfirmed,False
medium,trained,full_crisis_episode,7,4,0.9575,0.5,0.8,0.8,2,"Increased monitoring on internal_tools — threat level elevated, gathering evidence before committing to isolation",False
medium,trained,full_crisis_episode,7,5,0.9558,0.6,0.8,0.6,1,"Increased monitoring on internal_tools — threat level elevated, gathering evidence before committing to isolation",False
medium,trained,full_crisis_episode,7,6,0.9542,0.7,0.8,0.4,1,"Increased monitoring on internal_tools — threat level elevated, gathering evidence before committing to isolation",False
medium,trained,full_crisis_episode,7,7,0.9525,0.5,0.8,0.5,0,"Increased monitoring on auth_server — threat level elevated, gathering evidence before committing to isolation",False
medium,trained,full_crisis_episode,7,8,0.5883,0.5,0.9,0.6,2,Chose to isolate auth_server due to low confidence signals and engineering alignment,True
medium,trained,full_crisis_episode,8,1,0.9625,0.7,0.8,0.8,2,Patching api_gateway to reduce attacker foothold and recover system integrity,False
medium,trained,full_crisis_episode,8,2,0.9608,0.7,0.9,0.6,2,Patching api_gateway to reduce attacker foothold and recover system integrity,False
medium,trained,full_crisis_episode,8,3,0.9192,0.7,0.9,0.4,1,Investigating due to uncertainty in alert validity,False
medium,trained,full_crisis_episode,8,4,0.9575,0.8,0.9,0.5,0,Monitoring api_gateway to track attacker movement without disrupting uptime,False
medium,trained,full_crisis_episode,8,5,0.9558,0.9,0.9,0.6,2,Monitoring api_gateway to track attacker movement without disrupting uptime,False
medium,trained,full_crisis_episode,8,6,0.9542,0.7,0.9,0.4,3,Monitoring internal_tools to track attacker movement without disrupting uptime,False
medium,trained,full_crisis_episode,8,7,0.9525,0.5,0.9,0.2,0,"Increased monitoring on internal_tools — threat level elevated, gathering evidence before committing to isolation",False
medium,trained,full_crisis_episode,8,8,0.9508,0.6,0.9,0.3,2,"Increased monitoring on internal_tools — threat level elevated, gathering evidence before committing to isolation",False
medium,trained,full_crisis_episode,8,9,0.9492,0.4,0.9,0.4,1,"Increased monitoring on auth_server — threat level elevated, gathering evidence before committing to isolation",False
medium,trained,full_crisis_episode,8,10,0.9475,0.2,0.9,0.5,1,"Increased monitoring on auth_server — threat level elevated, gathering evidence before committing to isolation",False
medium,trained,full_crisis_episode,8,11,0.5958,0.3,0.9,0.6,0,"Increased monitoring on auth_server — threat level elevated, gathering evidence before committing to isolation",True
medium,trained,full_crisis_episode,9,1,0.9625,0.8,0.7,0.8,1,Monitoring internal_tools to track attacker movement without disrupting uptime,False
medium,trained,full_crisis_episode,9,2,0.9608,0.8,0.8,0.6,1,Patching api_gateway to reduce attacker foothold and recover system integrity,False
medium,trained,full_crisis_episode,9,3,1.0,0.8,0.8,0.7,1,Investigating due to uncertainty in alert validity,False
medium,trained,full_crisis_episode,9,4,0.9185,0.8,0.6,0.8,1,Chose to isolate database despite conflicting stakeholder signals (Engineering may be compromised),False
medium,trained,full_crisis_episode,9,5,0.9168,0.9,0.6,0.9,0,Monitoring api_gateway to track attacker movement without disrupting uptime,False
medium,trained,full_crisis_episode,9,6,0.9152,1.0,0.6,1.0,3,Monitoring internal_tools to track attacker movement without disrupting uptime,False
medium,trained,full_crisis_episode,9,7,0.9135,0.8,0.6,0.8,0,"Increased monitoring on internal_tools — threat level elevated, gathering evidence before committing to isolation",False
medium,trained,full_crisis_episode,9,8,0.9118,0.9,0.6,0.9,0,"Increased monitoring on internal_tools — threat level elevated, gathering evidence before committing to isolation",False
medium,trained,full_crisis_episode,9,9,0.9102,1.0,0.6,1.0,2,"Increased monitoring on internal_tools — threat level elevated, gathering evidence before committing to isolation",False
medium,trained,full_crisis_episode,9,10,0.9085,0.8,0.6,1.0,1,"Increased monitoring on auth_server — threat level elevated, gathering evidence before committing to isolation",False
medium,trained,full_crisis_episode,9,11,0.9068,0.9,0.6,0.8,3,"Increased monitoring on auth_server — threat level elevated, gathering evidence before committing to isolation",False
medium,trained,full_crisis_episode,9,12,0.8927,0.9,0.4,0.6,1,"Chose to isolate auth_server despite conflicting stakeholder signals (Finance, Engineering, PR may be compromised)",False
medium,trained,full_crisis_episode,9,13,0.9035,1.0,0.4,0.6,1,Sending situational update to maintain stakeholder alignment,False
medium,trained,full_crisis_episode,9,14,0.9018,1.0,0.4,0.7,1,"Increased monitoring on database — threat level elevated, gathering evidence before committing to isolation",False
medium,trained,full_crisis_episode,9,15,0.5502,1.0,0.2,0.8,1,Chose to isolate database despite conflicting stakeholder signals (Engineering may be compromised),True
medium,trained,full_crisis_episode,10,1,0.9625,0.8,0.7,0.8,0,Monitoring internal_tools to track attacker movement without disrupting uptime,False
medium,trained,full_crisis_episode,10,2,0.9208,0.8,0.7,0.9,1,Investigating due to uncertainty in alert validity,False
medium,trained,full_crisis_episode,10,3,0.9592,0.6,0.7,1.0,1,Monitoring api_gateway to track attacker movement without disrupting uptime,False
medium,trained,full_crisis_episode,10,4,0.9575,0.7,0.7,1.0,2,Monitoring internal_tools to track attacker movement without disrupting uptime,False
medium,trained,full_crisis_episode,10,5,0.9558,0.5,0.7,1.0,1,"Increased monitoring on internal_tools — threat level elevated, gathering evidence before committing to isolation",False
medium,trained,full_crisis_episode,10,6,0.9542,0.6,0.7,1.0,1,"Increased monitoring on internal_tools — threat level elevated, gathering evidence before committing to isolation",False
medium,trained,full_crisis_episode,10,7,0.94,0.6,0.8,0.8,0,Chose to isolate auth_server despite conflicting stakeholder signals (PR may be compromised),False
medium,trained,full_crisis_episode,10,8,0.9118,0.7,0.8,0.8,1,Sending situational update to maintain stakeholder alignment,False
medium,trained,full_crisis_episode,10,9,0.8712,0.7,0.6,0.9,0,Chose to isolate database despite conflicting stakeholder signals (Engineering may be compromised),False
medium,trained,full_crisis_episode,10,10,0.8695,0.7,0.7,1.0,3,Chose to isolate database due to low confidence signals and engineering alignment,False
medium,trained,full_crisis_episode,10,11,0.8678,0.7,0.5,0.8,1,"Chose to isolate database despite conflicting stakeholder signals (Finance, Engineering, PR may be compromised)",False
medium,trained,full_crisis_episode,10,12,0.8662,0.7,0.3,0.9,1,Chose to isolate database despite conflicting stakeholder signals (Engineering may be compromised),False
medium,trained,full_crisis_episode,10,13,0.8645,0.7,0.1,1.0,1,Chose to isolate database despite conflicting stakeholder signals (Engineering may be compromised),False
medium,trained,full_crisis_episode,10,14,0.5128,0.8,0.1,1.0,2,"Increased monitoring on database — threat level elevated, gathering evidence before committing to isolation",True
medium,trained,full_crisis_episode,11,1,0.9625,0.8,0.7,0.8,0,Monitoring internal_tools to track attacker movement without disrupting uptime,False
medium,trained,full_crisis_episode,11,2,0.9208,0.8,0.7,0.9,0,Investigating due to uncertainty in alert validity,False
medium,trained,full_crisis_episode,11,3,0.9192,0.8,0.7,1.0,1,Investigating due to uncertainty in alert validity,False
medium,trained,full_crisis_episode,11,4,0.9575,0.6,0.7,1.0,2,"Increased monitoring on internal_tools — threat level elevated, gathering evidence before committing to isolation",False
medium,trained,full_crisis_episode,11,5,0.9558,0.7,0.7,0.8,1,"Increased monitoring on internal_tools — threat level elevated, gathering evidence before committing to isolation",False
medium,trained,full_crisis_episode,11,6,0.9542,0.5,0.7,0.9,1,"Increased monitoring on internal_tools — threat level elevated, gathering evidence before committing to isolation",False
medium,trained,full_crisis_episode,11,7,0.9525,0.3,0.7,1.0,1,"Increased monitoring on internal_tools — threat level elevated, gathering evidence before committing to isolation",False
medium,trained,full_crisis_episode,11,8,0.9508,0.4,0.7,0.8,2,"Increased monitoring on internal_tools — threat level elevated, gathering evidence before committing to isolation",False
medium,trained,full_crisis_episode,11,9,0.9367,0.4,0.8,0.6,3,"Chose to isolate auth_server despite conflicting stakeholder signals (Finance, PR may be compromised)",False
medium,trained,full_crisis_episode,11,10,0.5585,0.2,0.8,0.6,0,Sending situational update to maintain stakeholder alignment,True
medium,trained,full_crisis_episode,12,1,0.9625,0.8,0.7,0.8,0,Monitoring comms to track attacker movement without disrupting uptime,False
medium,trained,full_crisis_episode,12,2,1.0,0.8,0.7,0.9,2,Investigating due to uncertainty in alert validity,False
medium,trained,full_crisis_episode,12,3,0.9192,0.8,0.7,1.0,1,Investigating due to uncertainty in alert validity,False
medium,trained,full_crisis_episode,12,4,0.9575,0.6,0.7,1.0,0,Monitoring internal_tools to track attacker movement without disrupting uptime,False
medium,trained,full_crisis_episode,12,5,0.9558,0.7,0.7,1.0,2,Monitoring internal_tools to track attacker movement without disrupting uptime,False
medium,trained,full_crisis_episode,12,6,0.9542,0.5,0.7,0.8,1,"Increased monitoring on internal_tools — threat level elevated, gathering evidence before committing to isolation",False
medium,trained,full_crisis_episode,12,7,0.9525,0.6,0.7,0.9,2,"Increased monitoring on internal_tools — threat level elevated, gathering evidence before committing to isolation",False
medium,trained,full_crisis_episode,12,8,0.9383,0.6,0.8,0.7,1,"Chose to isolate auth_server despite conflicting stakeholder signals (Finance, PR may be compromised)",False
medium,trained,full_crisis_episode,12,9,0.9492,0.7,0.8,0.7,1,Sending situational update to maintain stakeholder alignment,False
medium,trained,full_crisis_episode,12,10,0.9475,0.5,0.8,0.8,1,"Increased monitoring on auth_server — threat level elevated, gathering evidence before committing to isolation",False
medium,trained,full_crisis_episode,12,11,0.9333,0.5,0.9,0.9,2,Chose to isolate auth_server despite conflicting stakeholder signals (Finance may be compromised),False
medium,trained,full_crisis_episode,12,12,0.5942,0.3,0.9,0.9,2,Sending situational update to maintain stakeholder alignment,True
medium,trained,full_crisis_episode,13,1,0.9625,0.7,0.8,0.8,1,Patching api_gateway to reduce attacker foothold and recover system integrity,False
medium,trained,full_crisis_episode,13,2,1.0,0.7,0.8,0.9,2,Investigating due to uncertainty in alert validity,False
medium,trained,full_crisis_episode,13,3,0.9192,0.7,0.8,0.7,2,Investigating due to uncertainty in alert validity — high severity signals present but source unconfirmed,False
medium,trained,full_crisis_episode,13,4,0.9575,0.5,0.8,0.8,2,Monitoring api_gateway to track attacker movement without disrupting uptime,False
medium,trained,full_crisis_episode,13,5,0.9558,0.3,0.8,0.6,1,Monitoring internal_tools to track attacker movement without disrupting uptime,False
medium,trained,full_crisis_episode,13,6,0.9542,0.1,0.8,0.7,2,Monitoring internal_tools to track attacker movement without disrupting uptime,False
medium,trained,full_crisis_episode,13,7,0.9525,0.2,0.8,0.5,1,Monitoring internal_tools to track attacker movement without disrupting uptime,False
medium,trained,full_crisis_episode,13,8,0.9508,0.0,0.8,0.6,0,Monitoring internal_tools to track attacker movement without disrupting uptime,False
medium,trained,full_crisis_episode,13,9,0.9492,0.1,0.8,0.7,1,"Increased monitoring on internal_tools — threat level elevated, gathering evidence before committing to isolation",False
medium,trained,full_crisis_episode,13,10,0.9475,0.2,0.8,0.5,0,"Increased monitoring on internal_tools — threat level elevated, gathering evidence before committing to isolation",False
medium,trained,full_crisis_episode,13,11,0.9458,0.3,0.8,0.6,0,"Increased monitoring on auth_server — threat level elevated, gathering evidence before committing to isolation",False
medium,trained,full_crisis_episode,13,12,0.9442,0.4,0.8,0.7,2,"Increased monitoring on auth_server — threat level elevated, gathering evidence before committing to isolation",False
medium,trained,full_crisis_episode,13,13,0.93,0.4,0.6,0.5,0,"Chose to isolate auth_server despite conflicting stakeholder signals (Engineering, PR may be compromised)",False
medium,trained,full_crisis_episode,13,14,0.5908,0.5,0.6,0.5,0,Sending situational update to maintain stakeholder alignment,True
medium,trained,full_crisis_episode,14,1,0.9625,0.7,0.8,0.8,1,Patching api_gateway to reduce attacker foothold and recover system integrity,False
medium,trained,full_crisis_episode,14,2,1.0,0.7,0.8,0.9,2,Investigating due to uncertainty in alert validity — high severity signals present but source unconfirmed,False
medium,trained,full_crisis_episode,14,3,0.9192,0.7,0.8,0.7,1,Investigating due to uncertainty in alert validity,False
medium,trained,full_crisis_episode,14,4,0.9575,0.8,0.8,0.5,0,Monitoring api_gateway to track attacker movement without disrupting uptime,False
medium,trained,full_crisis_episode,14,5,0.9558,0.9,0.8,0.6,2,"Increased monitoring on internal_tools — threat level elevated, gathering evidence before committing to isolation",False
medium,trained,full_crisis_episode,14,6,0.9542,0.7,0.8,0.7,1,"Increased monitoring on internal_tools — threat level elevated, gathering evidence before committing to isolation",False
medium,trained,full_crisis_episode,14,7,0.9525,0.8,0.8,0.8,1,"Increased monitoring on internal_tools — threat level elevated, gathering evidence before committing to isolation",False
medium,trained,full_crisis_episode,14,8,0.9508,0.9,0.8,0.9,1,"Increased monitoring on internal_tools — threat level elevated, gathering evidence before committing to isolation",False
medium,trained,full_crisis_episode,14,9,0.9367,0.9,0.6,1.0,3,Chose to isolate auth_server despite conflicting stakeholder signals (Engineering may be compromised),False
medium,trained,full_crisis_episode,14,10,0.5975,0.7,0.6,1.0,1,Sending situational update to maintain stakeholder alignment,True
medium,trained,full_crisis_episode,15,1,0.9625,0.8,0.7,0.8,1,Monitoring api_gateway to track attacker movement without disrupting uptime,False
medium,trained,full_crisis_episode,15,2,0.9208,0.8,0.7,0.9,2,Investigating due to uncertainty in alert validity,False
medium,trained,full_crisis_episode,15,3,0.9192,0.8,0.7,0.7,0,Investigating due to uncertainty in alert validity — high severity signals present but source unconfirmed,False
medium,trained,full_crisis_episode,15,4,0.9575,0.9,0.7,0.8,2,Monitoring api_gateway to track attacker movement without disrupting uptime,False
medium,trained,full_crisis_episode,15,5,0.9558,1.0,0.7,0.6,2,"Increased monitoring on internal_tools — threat level elevated, gathering evidence before committing to isolation",False
medium,trained,full_crisis_episode,15,6,0.9542,1.0,0.7,0.4,1,"Increased monitoring on internal_tools — threat level elevated, gathering evidence before committing to isolation",False
medium,trained,full_crisis_episode,15,7,0.94,1.0,0.8,0.5,1,Chose to isolate auth_server despite conflicting stakeholder signals (Finance may be compromised),False
medium,trained,full_crisis_episode,15,8,0.5618,1.0,0.8,0.5,1,Sending situational update to maintain stakeholder alignment,True
medium,trained,full_crisis_episode,16,1,0.9625,0.7,0.8,0.8,0,Patching api_gateway to reduce attacker foothold and recover system integrity,False
medium,trained,full_crisis_episode,16,2,1.0,0.7,0.8,0.9,0,Investigating due to uncertainty in alert validity,False
medium,trained,full_crisis_episode,16,3,0.9592,0.8,0.8,1.0,2,Monitoring api_gateway to track attacker movement without disrupting uptime,False
medium,trained,full_crisis_episode,16,4,0.9575,0.6,0.8,0.8,3,"Increased monitoring on internal_tools — threat level elevated, gathering evidence before committing to isolation",False
medium,trained,full_crisis_episode,16,5,0.9558,0.4,0.8,0.6,1,"Increased monitoring on internal_tools — threat level elevated, gathering evidence before committing to isolation",False
medium,trained,full_crisis_episode,16,6,0.9417,0.4,0.6,0.7,1,Chose to isolate auth_server despite conflicting stakeholder signals (Engineering may be compromised),False
medium,trained,full_crisis_episode,16,7,0.9135,0.5,0.6,0.7,1,Sending situational update to maintain stakeholder alignment,False
medium,trained,full_crisis_episode,16,8,0.8993,0.5,0.7,0.5,1,Chose to isolate auth_server despite conflicting stakeholder signals (PR may be compromised),False
medium,trained,full_crisis_episode,16,9,0.9102,0.6,0.7,0.5,3,Sending situational update to maintain stakeholder alignment,False
medium,trained,full_crisis_episode,16,10,0.9085,0.4,0.7,0.3,1,"Increased monitoring on auth_server — threat level elevated, gathering evidence before committing to isolation",False
medium,trained,full_crisis_episode,16,11,0.5443,0.4,0.5,0.4,1,Chose to isolate auth_server despite conflicting stakeholder signals (Engineering may be compromised),True
medium,trained,full_crisis_episode,17,1,0.9625,0.8,0.7,0.8,0,Monitoring comms to track attacker movement without disrupting uptime,False
medium,trained,full_crisis_episode,17,2,0.9208,0.8,0.7,0.9,1,Investigating due to uncertainty in alert validity — high severity signals present but source unconfirmed,False
medium,trained,full_crisis_episode,17,3,0.9592,0.6,0.7,1.0,2,Monitoring api_gateway to track attacker movement without disrupting uptime,False
medium,trained,full_crisis_episode,17,4,0.9575,0.7,0.7,0.8,1,Monitoring internal_tools to track attacker movement without disrupting uptime,False
medium,trained,full_crisis_episode,17,5,0.9558,0.8,0.7,0.6,1,"Increased monitoring on internal_tools — threat level elevated, gathering evidence before committing to isolation",False
medium,trained,full_crisis_episode,17,6,0.9542,0.9,0.7,0.7,0,"Increased monitoring on internal_tools — threat level elevated, gathering evidence before committing to isolation",False
medium,trained,full_crisis_episode,17,7,0.9525,1.0,0.7,0.8,1,"Increased monitoring on auth_server — threat level elevated, gathering evidence before committing to isolation",False
medium,trained,full_crisis_episode,17,8,0.9508,0.8,0.7,0.9,1,"Increased monitoring on auth_server — threat level elevated, gathering evidence before committing to isolation",False
medium,trained,full_crisis_episode,17,9,0.9102,0.8,0.8,1.0,1,Chose to isolate database despite conflicting stakeholder signals (Finance may be compromised),False
medium,trained,full_crisis_episode,17,10,0.5585,0.9,0.8,1.0,1,"Increased monitoring on database — threat level elevated, gathering evidence before committing to isolation",True
medium,trained,full_crisis_episode,18,1,0.9625,0.7,0.8,0.8,2,Patching api_gateway to reduce attacker foothold and recover system integrity,False
medium,trained,full_crisis_episode,18,2,0.9208,0.7,0.8,0.6,1,Investigating due to uncertainty in alert validity — high severity signals present but source unconfirmed,False
medium,trained,full_crisis_episode,18,3,0.9592,0.5,0.8,0.7,1,Monitoring api_gateway to track attacker movement without disrupting uptime,False
medium,trained,full_crisis_episode,18,4,0.9575,0.6,0.8,0.5,2,"Increased monitoring on internal_tools — threat level elevated, gathering evidence before committing to isolation",False
medium,trained,full_crisis_episode,18,5,0.9558,0.4,0.8,0.3,0,"Increased monitoring on internal_tools — threat level elevated, gathering evidence before committing to isolation",False
medium,trained,full_crisis_episode,18,6,0.9542,0.5,0.8,0.4,2,"Increased monitoring on internal_tools — threat level elevated, gathering evidence before committing to isolation",False
medium,trained,full_crisis_episode,18,7,0.9525,0.6,0.8,0.2,1,"Increased monitoring on internal_tools — threat level elevated, gathering evidence before committing to isolation",False
medium,trained,full_crisis_episode,18,8,0.9508,0.7,0.8,0.0,0,"Increased monitoring on internal_tools — threat level elevated, gathering evidence before committing to isolation",False
medium,trained,full_crisis_episode,18,9,0.9492,0.8,0.8,0.1,3,"Increased monitoring on internal_tools — threat level elevated, gathering evidence before committing to isolation",False
medium,trained,full_crisis_episode,18,10,0.935,0.8,0.6,0.0,1,"Chose to isolate auth_server despite conflicting stakeholder signals (Finance, Engineering, PR may be compromised)",False
medium,trained,full_crisis_episode,18,11,0.9068,0.9,0.6,0.0,0,Sending situational update to maintain stakeholder alignment,False
medium,trained,full_crisis_episode,18,12,0.9052,1.0,0.6,0.1,1,"Increased monitoring on database — threat level elevated, gathering evidence before committing to isolation",False
medium,trained,full_crisis_episode,18,13,0.8645,1.0,0.7,0.0,1,Chose to isolate database despite conflicting stakeholder signals (PR may be compromised),False
medium,trained,full_crisis_episode,18,14,0.8628,0.8,0.7,0.1,1,"Increased monitoring on database — threat level elevated, gathering evidence before committing to isolation",False
medium,trained,full_crisis_episode,18,15,0.8612,0.6,0.7,0.2,2,"Increased monitoring on database — threat level elevated, gathering evidence before committing to isolation",False
medium,trained,full_crisis_episode,18,16,0.8595,0.4,0.7,0.3,0,"Increased monitoring on database — threat level elevated, gathering evidence before committing to isolation",False
medium,trained,full_crisis_episode,18,17,0.8578,0.4,0.8,0.4,1,Chose to isolate database due to low confidence signals and engineering alignment,False
medium,trained,full_crisis_episode,18,18,0.8562,0.4,0.9,0.5,1,Chose to isolate database despite conflicting stakeholder signals (Finance may be compromised),False
medium,trained,full_crisis_episode,18,19,0.8545,0.4,0.7,0.6,1,Chose to isolate database despite conflicting stakeholder signals (Engineering may be compromised),False
medium,trained,full_crisis_episode,18,20,0.8528,0.5,0.7,0.4,3,"Increased monitoring on database — threat level elevated, gathering evidence before committing to isolation",False
medium,trained,full_crisis_episode,19,1,0.9625,0.8,0.7,0.8,0,Monitoring comms to track attacker movement without disrupting uptime,False
medium,trained,full_crisis_episode,19,2,0.9608,0.8,0.8,0.9,0,Patching api_gateway to reduce attacker foothold and recover system integrity,False
medium,trained,full_crisis_episode,19,3,1.0,0.8,0.8,1.0,3,Investigating due to uncertainty in alert validity,False
medium,trained,full_crisis_episode,19,4,0.9575,0.8,0.6,0.8,3,Patching api_gateway to reduce attacker foothold and recover system integrity,False
medium,trained,full_crisis_episode,19,5,0.9558,0.8,0.4,0.6,3,Patching api_gateway to reduce attacker foothold and recover system integrity,False
medium,trained,full_crisis_episode,19,6,0.9542,0.8,0.2,0.4,2,Patching api_gateway to reduce attacker foothold and recover system integrity,False
medium,trained,full_crisis_episode,19,7,0.9525,0.8,0.0,0.2,1,Patching api_gateway to reduce attacker foothold and recover system integrity,False
medium,trained,full_crisis_episode,19,8,0.9508,0.8,0.1,0.3,0,Patching api_gateway to reduce attacker foothold and recover system integrity,False
medium,trained,full_crisis_episode,19,9,0.9492,0.8,0.2,0.4,1,Patching api_gateway to reduce attacker foothold and recover system integrity,False
medium,trained,full_crisis_episode,19,10,0.9475,0.6,0.2,0.5,1,Monitoring api_gateway to track attacker movement without disrupting uptime,False
medium,trained,full_crisis_episode,19,11,0.9458,0.6,0.3,0.3,0,Patching api_gateway to reduce attacker foothold and recover system integrity,False
medium,trained,full_crisis_episode,19,12,0.9442,0.6,0.4,0.4,1,Patching api_gateway to reduce attacker foothold and recover system integrity,False
medium,trained,full_crisis_episode,19,13,0.9425,0.6,0.2,0.5,0,Patching api_gateway to reduce attacker foothold and recover system integrity,False
medium,trained,full_crisis_episode,19,14,0.9408,0.7,0.2,0.6,2,Monitoring database to track attacker movement without disrupting uptime,False
medium,trained,full_crisis_episode,19,15,0.9392,0.5,0.2,0.4,1,Monitoring auth_server to track attacker movement without disrupting uptime,False
medium,trained,full_crisis_episode,19,16,0.9375,0.6,0.2,0.5,1,Monitoring api_gateway to track attacker movement without disrupting uptime,False
medium,trained,full_crisis_episode,19,17,0.9358,0.7,0.2,0.6,0,Monitoring api_gateway to track attacker movement without disrupting uptime,False
medium,trained,full_crisis_episode,19,18,0.9342,0.8,0.2,0.7,1,"Increased monitoring on internal_tools — threat level elevated, gathering evidence before committing to isolation",False
medium,trained,full_crisis_episode,19,19,0.9325,0.9,0.2,0.5,2,"Increased monitoring on internal_tools — threat level elevated, gathering evidence before committing to isolation",False
medium,trained,full_crisis_episode,19,20,0.9308,0.7,0.2,0.3,2,"Increased monitoring on auth_server — threat level elevated, gathering evidence before committing to isolation",False
medium,trained,full_crisis_episode,20,1,0.9625,0.8,0.7,0.8,0,Monitoring api_gateway to track attacker movement without disrupting uptime,False
medium,trained,full_crisis_episode,20,2,0.9608,0.8,0.8,0.9,1,Patching api_gateway to reduce attacker foothold and recover system integrity,False
medium,trained,full_crisis_episode,20,3,0.9592,0.8,0.6,1.0,0,Patching api_gateway to reduce attacker foothold and recover system integrity,False
medium,trained,full_crisis_episode,20,4,0.9575,0.9,0.6,1.0,1,Monitoring api_gateway to track attacker movement without disrupting uptime,False
medium,trained,full_crisis_episode,20,5,0.9558,0.9,0.7,1.0,2,Patching api_gateway to reduce attacker foothold and recover system integrity,False
medium,trained,full_crisis_episode,20,6,0.9542,0.9,0.5,1.0,2,Patching api_gateway to reduce attacker foothold and recover system integrity,False
medium,trained,full_crisis_episode,20,7,0.9525,0.9,0.3,0.8,1,Patching api_gateway to reduce attacker foothold and recover system integrity,False
medium,trained,full_crisis_episode,20,8,0.9508,0.9,0.1,0.9,0,Patching api_gateway to reduce attacker foothold and recover system integrity,False
medium,trained,full_crisis_episode,20,9,0.9492,0.9,0.2,1.0,2,Patching api_gateway to reduce attacker foothold and recover system integrity,False
medium,trained,full_crisis_episode,20,10,0.9475,0.7,0.2,0.8,2,Monitoring internal_tools to track attacker movement without disrupting uptime,False
medium,trained,full_crisis_episode,20,11,0.9458,0.7,0.0,0.9,2,Patching api_gateway to reduce attacker foothold and recover system integrity,False
medium,trained,full_crisis_episode,20,12,0.9442,0.7,0.1,0.7,2,Patching api_gateway to reduce attacker foothold and recover system integrity,False
medium,trained,full_crisis_episode,20,13,0.9425,0.5,0.1,0.8,2,Monitoring api_gateway to track attacker movement without disrupting uptime,False
medium,trained,full_crisis_episode,20,14,0.9408,0.5,0.0,0.6,2,Patching api_gateway to reduce attacker foothold and recover system integrity,False
medium,trained,full_crisis_episode,20,15,0.9392,0.3,0.0,0.4,1,Monitoring api_gateway to track attacker movement without disrupting uptime,False
medium,trained,full_crisis_episode,20,16,0.9375,0.1,0.0,0.5,1,Monitoring api_gateway to track attacker movement without disrupting uptime,False
medium,trained,full_crisis_episode,20,17,0.9358,0.2,0.0,0.6,1,"Increased monitoring on internal_tools — threat level elevated, gathering evidence before committing to isolation",False
medium,trained,full_crisis_episode,20,18,0.9342,0.3,0.0,0.4,0,"Increased monitoring on internal_tools — threat level elevated, gathering evidence before committing to isolation",False
medium,trained,full_crisis_episode,20,19,0.9325,0.4,0.0,0.5,1,"Increased monitoring on auth_server — threat level elevated, gathering evidence before committing to isolation",False
medium,trained,full_crisis_episode,20,20,0.9308,0.5,0.0,0.3,1,"Increased monitoring on auth_server — threat level elevated, gathering evidence before committing to isolation",False
hard,random,alert_triage,1,1,0.5,0.7,0.7,0.7,0,,True
hard,random,alert_triage,2,1,0.5,0.7,0.7,0.7,0,,True
hard,random,alert_triage,3,1,0.6,0.7,0.7,0.7,0,,True
hard,random,alert_triage,4,1,0.8,0.7,0.7,0.7,0,,True
hard,random,alert_triage,5,1,0.8,0.7,0.7,0.7,0,,True
hard,random,alert_triage,6,1,0.6364,0.7,0.7,0.7,0,,True
hard,random,alert_triage,7,1,0.5,0.7,0.7,0.7,0,,True
hard,random,alert_triage,8,1,0.4,0.7,0.7,0.7,0,,True
hard,random,alert_triage,9,1,0.5455,0.7,0.7,0.7,0,,True
hard,random,alert_triage,10,1,0.8,0.7,0.7,0.7,0,,True
hard,random,alert_triage,11,1,0.6364,0.7,0.7,0.7,0,,True
hard,random,alert_triage,12,1,0.5,0.7,0.7,0.7,0,,True
hard,random,alert_triage,13,1,0.7,0.7,0.7,0.7,0,,True
hard,random,alert_triage,14,1,0.6,0.7,0.7,0.7,0,,True
hard,random,alert_triage,15,1,0.7,0.7,0.7,0.7,0,,True
hard,random,alert_triage,16,1,0.6,0.7,0.7,0.7,0,,True
hard,random,alert_triage,17,1,0.6364,0.7,0.7,0.7,0,,True
hard,random,alert_triage,18,1,0.6,0.7,0.7,0.7,0,,True
hard,random,alert_triage,19,1,0.7,0.7,0.7,0.7,0,,True
hard,random,alert_triage,20,1,0.7273,0.7,0.7,0.7,0,,True
hard,random,stakeholder_argument,1,1,0.65,0.7,0.7,0.7,0,,False
hard,random,stakeholder_argument,1,2,0.3,0.7,0.7,0.7,0,,True
hard,random,stakeholder_argument,2,1,0.1,0.7,0.7,0.7,0,,False
hard,random,stakeholder_argument,2,2,0.1,0.7,0.7,0.7,0,,False
hard,random,stakeholder_argument,2,3,0.65,0.7,0.7,0.7,0,,False
hard,random,stakeholder_argument,2,4,0.3,0.7,0.7,0.7,0,,True
hard,random,stakeholder_argument,3,1,0.65,0.7,0.7,0.7,0,,False
hard,random,stakeholder_argument,3,2,0.3,0.7,0.7,0.7,0,,True
hard,random,stakeholder_argument,4,1,0.65,0.7,0.7,0.7,0,,False
hard,random,stakeholder_argument,4,2,0.3,0.7,0.7,0.7,0,,True
hard,random,stakeholder_argument,5,1,0.1,0.7,0.7,0.7,0,,False
hard,random,stakeholder_argument,5,2,0.1,0.7,0.7,0.7,0,,False
hard,random,stakeholder_argument,5,3,0.1,0.7,0.7,0.7,0,,False
hard,random,stakeholder_argument,5,4,0.1,0.7,0.7,0.7,0,,False
hard,random,stakeholder_argument,5,5,0.1,0.7,0.7,0.7,0,,True
hard,random,stakeholder_argument,6,1,0.1,0.7,0.7,0.7,0,,False
hard,random,stakeholder_argument,6,2,0.1,0.7,0.7,0.7,0,,False
hard,random,stakeholder_argument,6,3,0.65,0.7,0.7,0.7,0,,False
hard,random,stakeholder_argument,6,4,0.3,0.7,0.7,0.7,0,,True
hard,random,stakeholder_argument,7,1,0.65,0.7,0.7,0.7,0,,False
hard,random,stakeholder_argument,7,2,0.3,0.7,0.7,0.7,0,,True
hard,random,stakeholder_argument,8,1,0.65,0.7,0.7,0.7,0,,False
hard,random,stakeholder_argument,8,2,0.3,0.7,0.7,0.7,0,,True
hard,random,stakeholder_argument,9,1,0.1,0.7,0.7,0.7,0,,False
hard,random,stakeholder_argument,9,2,0.1,0.7,0.7,0.7,0,,False
hard,random,stakeholder_argument,9,3,0.65,0.7,0.7,0.7,0,,False
hard,random,stakeholder_argument,9,4,0.3,0.7,0.7,0.7,0,,True
hard,random,stakeholder_argument,10,1,0.1,0.7,0.7,0.7,0,,False
hard,random,stakeholder_argument,10,2,0.1,0.7,0.7,0.7,0,,False
hard,random,stakeholder_argument,10,3,0.1,0.7,0.7,0.7,0,,False
hard,random,stakeholder_argument,10,4,0.1,0.7,0.7,0.7,0,,False
hard,random,stakeholder_argument,10,5,0.65,0.7,0.7,0.7,0,,False
hard,random,stakeholder_argument,10,6,0.3,0.7,0.7,0.7,0,,True
hard,random,stakeholder_argument,11,1,0.1,0.7,0.7,0.7,0,,False
hard,random,stakeholder_argument,11,2,0.65,0.7,0.7,0.7,0,,False
hard,random,stakeholder_argument,11,3,0.3,0.7,0.7,0.7,0,,True
hard,random,stakeholder_argument,12,1,0.1,0.7,0.7,0.7,0,,False
hard,random,stakeholder_argument,12,2,0.1,0.7,0.7,0.7,0,,False
hard,random,stakeholder_argument,12,3,0.65,0.7,0.7,0.7,0,,False
hard,random,stakeholder_argument,12,4,0.3,0.7,0.7,0.7,0,,True
hard,random,stakeholder_argument,13,1,0.65,0.7,0.7,0.7,0,,False
hard,random,stakeholder_argument,13,2,0.3,0.7,0.7,0.7,0,,True
hard,random,stakeholder_argument,14,1,0.65,0.7,0.7,0.7,0,,False
hard,random,stakeholder_argument,14,2,0.3,0.7,0.7,0.7,0,,True
hard,random,stakeholder_argument,15,1,0.65,0.7,0.7,0.7,0,,False
hard,random,stakeholder_argument,15,2,0.3,0.7,0.7,0.7,0,,True
hard,random,stakeholder_argument,16,1,0.65,0.7,0.7,0.7,0,,False
hard,random,stakeholder_argument,16,2,0.3,0.7,0.7,0.7,0,,True
hard,random,stakeholder_argument,17,1,0.1,0.7,0.7,0.7,0,,False
hard,random,stakeholder_argument,17,2,0.65,0.7,0.7,0.7,0,,False
hard,random,stakeholder_argument,17,3,0.3,0.7,0.7,0.7,0,,True
hard,random,stakeholder_argument,18,1,0.65,0.7,0.7,0.7,0,,False
hard,random,stakeholder_argument,18,2,0.3,0.7,0.7,0.7,0,,True
hard,random,stakeholder_argument,19,1,0.1,0.7,0.7,0.7,0,,False
hard,random,stakeholder_argument,19,2,0.65,0.7,0.7,0.7,0,,False
hard,random,stakeholder_argument,19,3,0.3,0.7,0.7,0.7,0,,True
hard,random,stakeholder_argument,20,1,0.1,0.7,0.7,0.7,0,,False
hard,random,stakeholder_argument,20,2,0.65,0.7,0.7,0.7,0,,False
hard,random,stakeholder_argument,20,3,0.3,0.7,0.7,0.7,0,,True
hard,random,full_crisis_episode,1,1,0.9625,0.8,0.7,0.8,1,Monitoring api_gateway to track attacker movement without disrupting uptime,False
hard,random,full_crisis_episode,1,2,0.9608,0.6,0.7,0.8,1,Sending situational update to maintain stakeholder alignment,False
hard,random,full_crisis_episode,1,3,0.9592,0.4,0.7,0.9,1,Followed stakeholder advice despite inconsistency — Finance signals may not be trustworthy,False
hard,random,full_crisis_episode,1,4,0.9575,0.5,0.7,0.7,1,"Increased monitoring on database — threat level elevated, gathering evidence before committing to isolation",False
hard,random,full_crisis_episode,1,5,0.9558,0.3,0.7,0.7,1,Sending situational update to maintain stakeholder alignment,False
hard,random,full_crisis_episode,1,6,0.9542,0.4,0.7,0.7,1,Sending situational update to maintain stakeholder alignment,False
hard,random,full_crisis_episode,1,7,0.9525,0.5,0.7,0.7,2,Sending situational update to maintain stakeholder alignment,False
hard,random,full_crisis_episode,1,8,0.9508,0.6,0.7,0.5,0,No action taken this step — waiting for more information or debate resolution,False
hard,random,full_crisis_episode,1,9,0.5992,0.6,0.8,0.6,2,Patching database to reduce attacker foothold and recover system integrity,True
hard,random,full_crisis_episode,2,1,0.9225,0.7,0.7,0.8,1,Investigating due to uncertainty in alert validity,False
hard,random,full_crisis_episode,2,2,0.9608,0.8,0.7,0.8,1,Sending situational update to maintain stakeholder alignment,False
hard,random,full_crisis_episode,2,3,0.9467,0.8,0.8,0.9,1,Chose to isolate auth_server despite conflicting stakeholder signals (Finance may be compromised),False
hard,random,full_crisis_episode,2,4,0.945,0.9,0.8,1.0,1,No action taken this step — waiting for more information or debate resolution,False
hard,random,full_crisis_episode,2,5,0.9558,1.0,0.8,1.0,0,Sending situational update to maintain stakeholder alignment,False
hard,random,full_crisis_episode,2,6,0.9152,1.0,0.9,1.0,0,Chose to isolate internal_tools due to low confidence signals and engineering alignment,False
hard,random,full_crisis_episode,2,7,1.0,1.0,0.9,1.0,2,Investigating due to uncertainty in alert validity,False
hard,random,full_crisis_episode,2,8,0.9118,1.0,0.9,0.8,2,"Followed stakeholder advice despite inconsistency — Engineering, PR signals may not be trustworthy",False
hard,random,full_crisis_episode,2,9,0.9102,0.8,0.9,0.6,0,No action taken this step — waiting for more information or debate resolution,False
hard,random,full_crisis_episode,2,10,0.5585,0.9,0.9,0.6,2,Sending situational update to maintain stakeholder alignment,True
hard,random,full_crisis_episode,3,1,0.9625,0.8,0.7,0.8,1,Monitoring internal_tools to track attacker movement without disrupting uptime,False
hard,random,full_crisis_episode,3,2,0.9608,0.6,0.7,0.8,1,Sending situational update to maintain stakeholder alignment,False
hard,random,full_crisis_episode,3,3,0.9202,0.6,0.8,0.6,2,Chose to isolate api_gateway despite conflicting stakeholder signals (PR may be compromised),False
hard,random,full_crisis_episode,3,4,0.9185,0.4,0.8,0.4,1,"Followed stakeholder advice despite inconsistency — Finance, PR signals may not be trustworthy",False
hard,random,full_crisis_episode,3,5,0.9168,0.4,0.9,0.5,0,Patching auth_server to reduce attacker foothold and recover system integrity,False
hard,random,full_crisis_episode,3,6,0.9152,0.5,0.9,0.5,1,Sending situational update to maintain stakeholder alignment,False
hard,random,full_crisis_episode,3,7,0.9135,0.3,0.9,0.5,0,Sending situational update to maintain stakeholder alignment,False
hard,random,full_crisis_episode,3,8,0.9118,0.4,0.9,0.6,1,Ignored alerts due to low confidence and conflicting signals,False
hard,random,full_crisis_episode,3,9,0.5602,0.4,1.0,0.7,2,Chose to isolate api_gateway despite conflicting stakeholder signals (Finance may be compromised),True
hard,random,full_crisis_episode,4,1,0.9625,0.8,0.7,0.8,2,Monitoring auth_server to track attacker movement without disrupting uptime,False
hard,random,full_crisis_episode,4,2,0.9608,0.8,0.5,0.9,2,Patching api_gateway to reduce attacker foothold and recover system integrity,False
hard,random,full_crisis_episode,4,3,0.9592,0.6,0.5,1.0,0,No action taken this step — waiting for more information or debate resolution,False
hard,random,full_crisis_episode,4,4,0.9575,0.7,0.5,1.0,2,Monitoring database to track attacker movement without disrupting uptime,False
hard,random,full_crisis_episode,4,5,0.9558,0.5,0.5,0.8,3,"Followed stakeholder advice despite inconsistency — Finance, PR signals may not be trustworthy",False
hard,random,full_crisis_episode,4,6,0.9417,0.5,0.3,0.6,0,"Chose to isolate auth_server despite conflicting stakeholder signals (Finance, Engineering, PR may be compromised)",False
hard,random,full_crisis_episode,4,7,0.94,0.6,0.3,0.7,2,No action taken this step — waiting for more information or debate resolution,False
hard,random,full_crisis_episode,4,8,0.9233,0.7,0.3,0.5,0,No action taken this step — waiting for more information or debate resolution,False
hard,random,full_crisis_episode,4,9,0.5567,0.8,0.3,0.6,1,No action taken this step — waiting for more information or debate resolution,True
hard,random,full_crisis_episode,5,1,0.9625,0.8,0.7,0.7,0,Sending situational update to maintain stakeholder alignment,False
hard,random,full_crisis_episode,5,2,0.9608,0.9,0.7,0.8,0,No action taken this step — waiting for more information or debate resolution,False
hard,random,full_crisis_episode,5,3,0.9592,1.0,0.7,0.9,1,No action taken this step — waiting for more information or debate resolution,False
hard,random,full_crisis_episode,5,4,0.9575,0.8,0.7,0.9,1,Sending situational update to maintain stakeholder alignment,False
hard,random,full_crisis_episode,5,5,0.9558,0.9,0.7,0.7,1,Followed stakeholder advice despite inconsistency — PR signals may not be trustworthy,False
hard,random,full_crisis_episode,5,6,0.9152,0.9,0.5,0.8,2,Chose to isolate api_gateway despite conflicting stakeholder signals (Engineering may be compromised),False
hard,random,full_crisis_episode,5,7,0.9135,1.0,0.5,0.8,1,Sending situational update to maintain stakeholder alignment,False
hard,random,full_crisis_episode,5,8,0.9118,0.8,0.5,0.8,2,Sending situational update to maintain stakeholder alignment,False
hard,random,full_crisis_episode,5,9,0.9102,0.6,0.5,0.6,2,"Followed stakeholder advice despite inconsistency — Finance, PR signals may not be trustworthy",False
hard,random,full_crisis_episode,5,10,0.5585,0.7,0.5,0.4,2,"Followed stakeholder advice despite inconsistency — Engineering, PR signals may not be trustworthy",True
hard,random,full_crisis_episode,6,1,0.9225,0.7,0.7,0.8,0,Investigating due to uncertainty in alert validity,False
hard,random,full_crisis_episode,6,2,0.9608,0.8,0.7,0.9,2,No action taken this step — waiting for more information or debate resolution,False
hard,random,full_crisis_episode,6,3,0.9467,0.8,0.5,1.0,0,"Chose to isolate auth_server despite conflicting stakeholder signals (Finance, Engineering may be compromised)",False
hard,random,full_crisis_episode,6,4,0.945,0.9,0.5,1.0,1,No action taken this step — waiting for more information or debate resolution,False
hard,random,full_crisis_episode,6,5,0.9283,1.0,0.5,1.0,0,No action taken this step — waiting for more information or debate resolution,False
hard,random,full_crisis_episode,6,6,0.9117,1.0,0.5,1.0,1,No action taken this step — waiting for more information or debate resolution,False
hard,random,full_crisis_episode,6,7,0.895,1.0,0.5,1.0,1,No action taken this step — waiting for more information or debate resolution,False
hard,random,full_crisis_episode,6,8,0.8783,1.0,0.5,1.0,1,No action taken this step — waiting for more information or debate resolution,False
hard,random,full_crisis_episode,6,9,0.5242,1.0,0.5,0.8,1,No action taken this step — waiting for more information or debate resolution,True
hard,random,full_crisis_episode,7,1,0.9625,0.7,0.8,0.8,2,Patching internal_tools to reduce attacker foothold and recover system integrity,False
hard,random,full_crisis_episode,7,2,0.9608,0.5,0.8,0.9,1,Monitoring auth_server to track attacker movement without disrupting uptime,False
hard,random,full_crisis_episode,7,3,0.9592,0.5,0.9,1.0,2,Patching api_gateway to reduce attacker foothold and recover system integrity,False
hard,random,full_crisis_episode,7,4,0.9575,0.3,0.9,0.8,2,No action taken this step — waiting for more information or debate resolution,False
hard,random,full_crisis_episode,7,5,0.9558,0.4,0.9,0.6,1,No action taken this step — waiting for more information or debate resolution,False
hard,random,full_crisis_episode,7,6,0.9542,0.5,0.9,0.4,1,"Increased monitoring on api_gateway — threat level elevated, gathering evidence before committing to isolation",False
hard,random,full_crisis_episode,7,7,0.6025,0.5,1.0,0.5,0,Patching database to reduce attacker foothold and recover system integrity,True
hard,random,full_crisis_episode,8,1,0.9625,0.8,0.7,0.8,2,Monitoring auth_server to track attacker movement without disrupting uptime,False
hard,random,full_crisis_episode,8,2,0.9608,0.6,0.7,0.6,2,"Followed stakeholder advice despite inconsistency — Finance, PR signals may not be trustworthy",False
hard,random,full_crisis_episode,8,3,0.9202,0.6,0.5,0.4,1,"Chose to isolate internal_tools despite conflicting stakeholder signals (Engineering, PR may be compromised)",False
hard,random,full_crisis_episode,8,4,0.9185,0.6,0.3,0.5,0,Chose to isolate internal_tools despite conflicting stakeholder signals (Engineering may be compromised),False
hard,random,full_crisis_episode,8,5,0.9168,0.7,0.3,0.5,2,Sending situational update to maintain stakeholder alignment,False
hard,random,full_crisis_episode,8,6,0.9152,0.5,0.3,0.3,3,No action taken this step — waiting for more information or debate resolution,False
hard,random,full_crisis_episode,8,7,0.9135,0.5,0.1,0.1,0,"Chose to isolate internal_tools despite conflicting stakeholder signals (Finance, Engineering, PR may be compromised)",False
hard,random,full_crisis_episode,8,8,0.9118,0.5,0.2,0.2,2,Patching api_gateway to reduce attacker foothold and recover system integrity,False
hard,random,full_crisis_episode,8,9,0.9102,0.3,0.2,0.2,1,Sending situational update to maintain stakeholder alignment,False
hard,random,full_crisis_episode,8,10,0.896,0.3,0.3,0.3,1,Chose to isolate auth_server despite conflicting stakeholder signals (Finance may be compromised),False
hard,random,full_crisis_episode,8,11,0.8943,0.4,0.3,0.4,0,No action taken this step — waiting for more information or debate resolution,False
hard,random,full_crisis_episode,8,12,0.8777,0.5,0.3,0.5,2,No action taken this step — waiting for more information or debate resolution,False
hard,random,full_crisis_episode,8,13,0.9035,0.6,0.3,0.5,1,Sending situational update to maintain stakeholder alignment,False
hard,random,full_crisis_episode,8,14,0.5518,0.7,0.3,0.5,0,Sending situational update to maintain stakeholder alignment,True
hard,random,full_crisis_episode,9,1,0.9625,0.8,0.7,0.8,1,Ignored alerts due to low confidence and conflicting signals — Finance opposes action; threat level within tolerance,False
hard,random,full_crisis_episode,9,2,0.9608,0.9,0.7,0.6,1,Followed stakeholder advice despite inconsistency — PR signals may not be trustworthy,False
hard,random,full_crisis_episode,9,3,0.9592,0.9,0.5,0.7,1,Patching api_gateway to reduce attacker foothold and recover system integrity,False
hard,random,full_crisis_episode,9,4,0.9575,1.0,0.5,0.7,1,Sending situational update to maintain stakeholder alignment,False
hard,random,full_crisis_episode,9,5,0.9168,1.0,0.3,0.8,0,Chose to isolate internal_tools despite conflicting stakeholder signals (Engineering may be compromised),False
hard,random,full_crisis_episode,9,6,0.9152,1.0,0.4,0.9,3,Patching internal_tools to reduce attacker foothold and recover system integrity,False
hard,random,full_crisis_episode,9,7,0.901,1.0,0.2,0.7,0,"Chose to isolate auth_server despite conflicting stakeholder signals (Finance, Engineering, PR may be compromised)",False
hard,random,full_crisis_episode,9,8,0.8993,1.0,0.2,0.8,0,No action taken this step — waiting for more information or debate resolution,False
hard,random,full_crisis_episode,9,9,0.8827,1.0,0.2,0.9,2,No action taken this step — waiting for more information or debate resolution,False
hard,random,full_crisis_episode,9,10,0.9085,0.8,0.2,0.9,1,Sending situational update to maintain stakeholder alignment,False
hard,random,full_crisis_episode,9,11,0.8668,0.8,0.2,0.7,3,Investigating due to uncertainty in alert validity,False
hard,random,full_crisis_episode,9,12,0.9052,0.6,0.2,0.7,1,Sending situational update to maintain stakeholder alignment,False
hard,random,full_crisis_episode,9,13,0.9035,0.6,0.0,0.8,1,Patching auth_server to reduce attacker foothold and recover system integrity,False
hard,random,full_crisis_episode,9,14,0.9018,0.7,0.0,0.9,1,Followed stakeholder advice despite inconsistency — Engineering signals may not be trustworthy,False
hard,random,full_crisis_episode,9,15,0.5102,0.7,0.0,1.0,1,Investigating due to uncertainty in alert validity — high severity signals present but source unconfirmed,True
hard,random,full_crisis_episode,10,1,0.9625,0.8,0.7,0.7,0,Sending situational update to maintain stakeholder alignment,False
hard,random,full_crisis_episode,10,2,0.9608,0.9,0.7,0.8,1,No action taken this step — waiting for more information or debate resolution,False
hard,random,full_crisis_episode,10,3,0.9192,0.9,0.7,0.9,1,Investigating due to uncertainty in alert validity,False
hard,random,full_crisis_episode,10,4,0.9575,1.0,0.7,1.0,2,No action taken this step — waiting for more information or debate resolution,False
hard,random,full_crisis_episode,10,5,0.9558,0.8,0.7,1.0,1,"Increased monitoring on database — threat level elevated, gathering evidence before committing to isolation",False
hard,random,full_crisis_episode,10,6,0.9142,0.8,0.7,1.0,1,Investigating due to uncertainty in alert validity,False
hard,random,full_crisis_episode,10,7,0.9125,0.8,0.7,0.8,0,Investigating due to uncertainty in alert validity,False
hard,random,full_crisis_episode,10,8,0.9508,0.8,0.8,0.9,1,Patching auth_server to reduce attacker foothold and recover system integrity,False
hard,random,full_crisis_episode,10,9,0.9102,0.8,0.6,1.0,0,Chose to isolate api_gateway despite conflicting stakeholder signals (Engineering may be compromised),False
hard,random,full_crisis_episode,10,10,0.9085,0.9,0.6,1.0,3,"Increased monitoring on internal_tools — threat level elevated, gathering evidence before committing to isolation",False
hard,random,full_crisis_episode,10,11,0.5568,0.7,0.6,1.0,1,Sending situational update to maintain stakeholder alignment,True
hard,random,full_crisis_episode,11,1,0.9625,0.8,0.7,0.8,0,Ignored alerts due to low confidence and conflicting signals — Finance opposes action; threat level within tolerance,False
hard,random,full_crisis_episode,11,2,0.9483,0.8,0.8,0.9,0,Chose to isolate auth_server due to low confidence signals and engineering alignment,False
hard,random,full_crisis_episode,11,3,0.9467,0.9,0.8,1.0,1,No action taken this step — waiting for more information or debate resolution,False
hard,random,full_crisis_episode,11,4,0.93,0.7,0.8,1.0,2,No action taken this step — waiting for more information or debate resolution,False
hard,random,full_crisis_episode,11,5,0.9133,0.8,0.8,0.8,1,No action taken this step — waiting for more information or debate resolution,False
hard,random,full_crisis_episode,11,6,0.8967,0.6,0.8,0.9,1,No action taken this step — waiting for more information or debate resolution,False
hard,random,full_crisis_episode,11,7,0.88,0.4,0.8,1.0,1,No action taken this step — waiting for more information or debate resolution,False
hard,random,full_crisis_episode,11,8,0.5258,0.5,0.8,0.8,2,No action taken this step — waiting for more information or debate resolution,True
hard,random,full_crisis_episode,12,1,0.9625,0.8,0.7,0.8,0,Ignored alerts due to low confidence and conflicting signals — Finance opposes action; threat level within tolerance,False
hard,random,full_crisis_episode,12,2,0.9608,0.9,0.7,0.9,2,Ignored alerts due to low confidence and conflicting signals — Finance opposes action; threat level within tolerance,False
hard,random,full_crisis_episode,12,3,0.9592,0.9,0.5,1.0,1,Patching database to reduce attacker foothold and recover system integrity,False
hard,random,full_crisis_episode,12,4,0.9575,0.7,0.5,1.0,0,"Increased monitoring on api_gateway — threat level elevated, gathering evidence before committing to isolation",False
hard,random,full_crisis_episode,12,5,0.9158,0.7,0.5,1.0,2,Investigating due to uncertainty in alert validity — high severity signals present but source unconfirmed,False
hard,random,full_crisis_episode,12,6,0.9542,0.7,0.6,0.8,1,Patching internal_tools to reduce attacker foothold and recover system integrity,False
hard,random,full_crisis_episode,12,7,0.9525,0.8,0.6,0.9,2,Followed stakeholder advice despite inconsistency — Engineering signals may not be trustworthy,False
hard,random,full_crisis_episode,12,8,0.9508,0.6,0.6,0.7,1,No action taken this step — waiting for more information or debate resolution,False
hard,random,full_crisis_episode,12,9,0.5592,0.6,0.6,0.5,1,Investigating due to uncertainty in alert validity — high severity signals present but source unconfirmed,True
hard,random,full_crisis_episode,13,1,0.9625,0.7,0.8,0.8,1,Patching auth_server to reduce attacker foothold and recover system integrity,False
hard,random,full_crisis_episode,13,2,0.9608,0.7,0.9,0.9,2,Patching database to reduce attacker foothold and recover system integrity,False
hard,random,full_crisis_episode,13,3,1.0,0.7,0.9,0.7,2,Investigating due to uncertainty in alert validity,False
hard,random,full_crisis_episode,13,4,0.9575,0.7,0.7,0.8,2,Patching internal_tools to reduce attacker foothold and recover system integrity,False
hard,random,full_crisis_episode,13,5,0.9558,0.5,0.7,0.8,1,Sending situational update to maintain stakeholder alignment,False
hard,random,full_crisis_episode,13,6,0.9542,0.5,0.8,0.9,2,Patching database to reduce attacker foothold and recover system integrity,False
hard,random,full_crisis_episode,13,7,0.9525,0.6,0.8,0.7,1,"Followed stakeholder advice despite inconsistency — Engineering, PR signals may not be trustworthy",False
hard,random,full_crisis_episode,13,8,0.9508,0.4,0.8,0.7,0,Sending situational update to maintain stakeholder alignment,False
hard,random,full_crisis_episode,13,9,0.9102,0.4,0.9,0.8,1,Chose to isolate api_gateway due to low confidence signals and engineering alignment,False
hard,random,full_crisis_episode,13,10,0.5585,0.5,0.9,0.6,0,Followed stakeholder advice despite inconsistency — PR signals may not be trustworthy,True
hard,random,full_crisis_episode,14,1,0.9235,0.7,0.8,0.8,1,Chose to isolate internal_tools due to low confidence signals and engineering alignment,False
hard,random,full_crisis_episode,14,2,0.8828,0.7,0.9,0.9,2,Chose to isolate database despite conflicting stakeholder signals (Finance may be compromised),False
hard,random,full_crisis_episode,14,3,0.8412,0.7,0.9,0.7,1,Investigating due to uncertainty in alert validity,False
hard,random,full_crisis_episode,14,4,0.8795,0.8,0.9,0.5,0,Followed stakeholder advice despite inconsistency — PR signals may not be trustworthy,False
hard,random,full_crisis_episode,14,5,0.8778,0.9,0.9,0.5,2,Sending situational update to maintain stakeholder alignment,False
hard,random,full_crisis_episode,14,6,0.8362,0.9,0.9,0.6,1,Investigating due to uncertainty in alert validity,False
hard,random,full_crisis_episode,14,7,0.8355,0.9,0.7,0.7,1,Chose to isolate api_gateway despite conflicting stakeholder signals (Engineering may be compromised),False
hard,random,full_crisis_episode,14,8,0.7938,0.9,0.7,0.8,1,Investigating due to uncertainty in alert validity,False
hard,random,full_crisis_episode,14,9,0.9322,0.9,0.7,0.9,3,Investigating due to uncertainty in alert validity,False
hard,random,full_crisis_episode,14,10,0.8305,0.7,0.7,0.9,1,Sending situational update to maintain stakeholder alignment,False
hard,random,full_crisis_episode,14,11,0.4788,0.5,0.7,1.0,0,"Increased monitoring on database — threat level elevated, gathering evidence before committing to isolation",True
hard,random,full_crisis_episode,15,1,0.9625,0.8,0.7,0.8,1,Monitoring api_gateway to track attacker movement without disrupting uptime,False
hard,random,full_crisis_episode,15,2,0.9608,0.8,0.5,0.9,2,Patching api_gateway to reduce attacker foothold and recover system integrity,False
hard,random,full_crisis_episode,15,3,0.9592,0.6,0.5,0.7,0,Monitoring database to track attacker movement without disrupting uptime,False
hard,random,full_crisis_episode,15,4,1.0,0.6,0.5,0.8,2,Investigating due to uncertainty in alert validity,False
hard,random,full_crisis_episode,15,5,0.9558,0.7,0.5,0.6,2,"Increased monitoring on api_gateway — threat level elevated, gathering evidence before committing to isolation",False
hard,random,full_crisis_episode,15,6,0.9542,0.8,0.5,0.4,1,"Followed stakeholder advice despite inconsistency — Engineering, PR signals may not be trustworthy",False
hard,random,full_crisis_episode,15,7,0.9525,0.6,0.5,0.4,1,Sending situational update to maintain stakeholder alignment,False
hard,random,full_crisis_episode,15,8,0.5618,0.6,0.3,0.5,1,Chose to isolate internal_tools despite conflicting stakeholder signals (Engineering may be compromised),True
hard,random,full_crisis_episode,16,1,0.9625,0.7,0.8,0.8,0,Patching database to reduce attacker foothold and recover system integrity,False
hard,random,full_crisis_episode,16,2,0.9608,0.8,0.8,0.8,0,Sending situational update to maintain stakeholder alignment,False
hard,random,full_crisis_episode,16,3,0.9592,0.8,0.9,0.9,2,Patching database to reduce attacker foothold and recover system integrity,False
hard,random,full_crisis_episode,16,4,0.9575,0.6,0.9,0.7,3,"Followed stakeholder advice despite inconsistency — Finance, PR signals may not be trustworthy",False
hard,random,full_crisis_episode,16,5,0.9558,0.4,0.9,0.5,1,"Followed stakeholder advice despite inconsistency — Finance, Engineering, PR signals may not be trustworthy",False
hard,random,full_crisis_episode,16,6,0.9152,0.4,0.7,0.6,1,Chose to isolate api_gateway despite conflicting stakeholder signals (Engineering may be compromised),False
hard,random,full_crisis_episode,16,7,0.9135,0.4,0.5,0.7,1,Patching internal_tools to reduce attacker foothold and recover system integrity,False
hard,random,full_crisis_episode,16,8,0.5218,0.4,0.5,0.5,1,Investigating due to uncertainty in alert validity,True
hard,random,full_crisis_episode,17,1,0.9625,0.8,0.7,0.7,0,Sending situational update to maintain stakeholder alignment,False
hard,random,full_crisis_episode,17,2,0.9483,0.8,0.8,0.8,1,Chose to isolate auth_server due to high severity alerts and engineering alignment,False
hard,random,full_crisis_episode,17,3,0.9592,0.6,0.8,0.8,2,Sending situational update to maintain stakeholder alignment,False
hard,random,full_crisis_episode,17,4,0.945,0.6,0.6,0.6,1,"Chose to isolate auth_server despite conflicting stakeholder signals (Engineering, PR may be compromised)",False
hard,random,full_crisis_episode,17,5,0.9433,0.7,0.6,0.4,1,No action taken this step — waiting for more information or debate resolution,False
hard,random,full_crisis_episode,17,6,0.9267,0.8,0.6,0.5,0,No action taken this step — waiting for more information or debate resolution,False
hard,random,full_crisis_episode,17,7,0.6025,0.9,0.6,0.5,1,Sending situational update to maintain stakeholder alignment,True
hard,random,full_crisis_episode,18,1,0.9625,0.8,0.7,0.8,2,Monitoring api_gateway to track attacker movement without disrupting uptime,False
hard,random,full_crisis_episode,18,2,0.9608,0.6,0.7,0.6,1,"Followed stakeholder advice despite inconsistency — Finance, PR signals may not be trustworthy",False
hard,random,full_crisis_episode,18,3,0.9592,0.4,0.7,0.7,1,Monitoring database to track attacker movement without disrupting uptime,False
hard,random,full_crisis_episode,18,4,0.9575,0.5,0.7,0.5,2,"Increased monitoring on api_gateway — threat level elevated, gathering evidence before committing to isolation",False
hard,random,full_crisis_episode,18,5,0.9558,0.3,0.7,0.3,0,"Increased monitoring on internal_tools — threat level elevated, gathering evidence before committing to isolation",False
hard,random,full_crisis_episode,18,6,0.9152,0.3,0.8,0.4,2,Chose to isolate database due to low confidence signals and engineering alignment,False
hard,random,full_crisis_episode,18,7,0.9135,0.4,0.8,0.2,1,"Followed stakeholder advice despite inconsistency — Engineering, PR signals may not be trustworthy",False
hard,random,full_crisis_episode,18,8,0.9118,0.4,0.9,0.0,0,Patching api_gateway to reduce attacker foothold and recover system integrity,False
hard,random,full_crisis_episode,18,9,0.9102,0.5,0.9,0.1,3,"Increased monitoring on database — threat level elevated, gathering evidence before committing to isolation",False
hard,random,full_crisis_episode,18,10,0.5585,0.3,0.9,0.0,1,"Followed stakeholder advice despite inconsistency — Finance, Engineering, PR signals may not be trustworthy",True
hard,random,full_crisis_episode,19,1,0.9625,0.8,0.7,0.8,0,No action taken this step — waiting for more information or debate resolution,False
hard,random,full_crisis_episode,19,2,0.9608,0.9,0.7,0.9,0,Monitoring internal_tools to track attacker movement without disrupting uptime,False
hard,random,full_crisis_episode,19,3,0.9592,1.0,0.7,1.0,3,Ignored alerts due to low confidence and conflicting signals — Finance opposes action; threat level within tolerance,False
hard,random,full_crisis_episode,19,4,0.9575,1.0,0.5,0.8,3,Patching internal_tools to reduce attacker foothold and recover system integrity,False
hard,random,full_crisis_episode,19,5,0.9558,0.8,0.5,0.8,3,Sending situational update to maintain stakeholder alignment,False
hard,random,full_crisis_episode,19,6,0.9142,0.8,0.5,0.6,2,Investigating due to uncertainty in alert validity — high severity signals present but source unconfirmed,False
hard,random,full_crisis_episode,19,7,0.9525,0.9,0.5,0.6,1,Sending situational update to maintain stakeholder alignment,False
hard,random,full_crisis_episode,19,8,0.6008,0.7,0.5,0.6,0,Sending situational update to maintain stakeholder alignment,True
hard,random,full_crisis_episode,20,1,0.9625,0.8,0.7,0.8,0,No action taken this step — waiting for more information or debate resolution,False
hard,random,full_crisis_episode,20,2,0.9608,0.8,0.8,0.9,1,Patching api_gateway to reduce attacker foothold and recover system integrity,False
hard,random,full_crisis_episode,20,3,0.9592,0.9,0.8,1.0,0,No action taken this step — waiting for more information or debate resolution,False
hard,random,full_crisis_episode,20,4,0.9175,0.9,0.8,1.0,1,Investigating due to uncertainty in alert validity,False
hard,random,full_crisis_episode,20,5,0.9558,0.7,0.8,1.0,2,Followed stakeholder advice despite inconsistency — Finance signals may not be trustworthy,False
hard,random,full_crisis_episode,20,6,0.9542,0.5,0.8,1.0,2,"Increased monitoring on api_gateway — threat level elevated, gathering evidence before committing to isolation",False
hard,random,full_crisis_episode,20,7,0.9525,0.6,0.8,0.8,1,"Followed stakeholder advice despite inconsistency — Engineering, PR signals may not be trustworthy",False
hard,random,full_crisis_episode,20,8,0.9108,0.6,0.8,0.9,0,Investigating due to uncertainty in alert validity — high severity signals present but source unconfirmed,False
hard,random,full_crisis_episode,20,9,0.5992,0.6,0.9,1.0,2,Patching api_gateway to reduce attacker foothold and recover system integrity,True
hard,heuristic,alert_triage,1,1,0.5,0.7,0.7,0.7,0,,True
hard,heuristic,alert_triage,2,1,0.5,0.7,0.7,0.7,0,,True
hard,heuristic,alert_triage,3,1,0.6,0.7,0.7,0.7,0,,True
hard,heuristic,alert_triage,4,1,0.8,0.7,0.7,0.7,0,,True
hard,heuristic,alert_triage,5,1,0.8,0.7,0.7,0.7,0,,True
hard,heuristic,alert_triage,6,1,0.6364,0.7,0.7,0.7,0,,True
hard,heuristic,alert_triage,7,1,0.5,0.7,0.7,0.7,0,,True
hard,heuristic,alert_triage,8,1,0.4,0.7,0.7,0.7,0,,True
hard,heuristic,alert_triage,9,1,0.5455,0.7,0.7,0.7,0,,True
hard,heuristic,alert_triage,10,1,0.8,0.7,0.7,0.7,0,,True
hard,heuristic,alert_triage,11,1,0.6364,0.7,0.7,0.7,0,,True
hard,heuristic,alert_triage,12,1,0.5,0.7,0.7,0.7,0,,True
hard,heuristic,alert_triage,13,1,0.7,0.7,0.7,0.7,0,,True
hard,heuristic,alert_triage,14,1,0.6,0.7,0.7,0.7,0,,True
hard,heuristic,alert_triage,15,1,0.7,0.7,0.7,0.7,0,,True
hard,heuristic,alert_triage,16,1,0.6,0.7,0.7,0.7,0,,True
hard,heuristic,alert_triage,17,1,0.6364,0.7,0.7,0.7,0,,True
hard,heuristic,alert_triage,18,1,0.6,0.7,0.7,0.7,0,,True
hard,heuristic,alert_triage,19,1,0.7,0.7,0.7,0.7,0,,True
hard,heuristic,alert_triage,20,1,0.7273,0.7,0.7,0.7,0,,True
hard,heuristic,stakeholder_argument,1,1,0.65,0.7,0.7,0.7,0,,False
hard,heuristic,stakeholder_argument,1,2,0.3,0.7,0.7,0.7,0,,True
hard,heuristic,stakeholder_argument,2,1,0.65,0.7,0.7,0.7,0,,False
hard,heuristic,stakeholder_argument,2,2,0.3,0.7,0.7,0.7,0,,True
hard,heuristic,stakeholder_argument,3,1,0.65,0.7,0.7,0.7,0,,False
hard,heuristic,stakeholder_argument,3,2,0.3,0.7,0.7,0.7,0,,True
hard,heuristic,stakeholder_argument,4,1,0.65,0.7,0.7,0.7,0,,False
hard,heuristic,stakeholder_argument,4,2,0.3,0.7,0.7,0.7,0,,True
hard,heuristic,stakeholder_argument,5,1,0.65,0.7,0.7,0.7,0,,False
hard,heuristic,stakeholder_argument,5,2,0.3,0.7,0.7,0.7,0,,True
hard,heuristic,stakeholder_argument,6,1,0.65,0.7,0.7,0.7,0,,False
hard,heuristic,stakeholder_argument,6,2,0.3,0.7,0.7,0.7,0,,True
hard,heuristic,stakeholder_argument,7,1,0.65,0.7,0.7,0.7,0,,False
hard,heuristic,stakeholder_argument,7,2,0.3,0.7,0.7,0.7,0,,True
hard,heuristic,stakeholder_argument,8,1,0.65,0.7,0.7,0.7,0,,False
hard,heuristic,stakeholder_argument,8,2,0.3,0.7,0.7,0.7,0,,True
hard,heuristic,stakeholder_argument,9,1,0.65,0.7,0.7,0.7,0,,False
hard,heuristic,stakeholder_argument,9,2,0.3,0.7,0.7,0.7,0,,True
hard,heuristic,stakeholder_argument,10,1,0.65,0.7,0.7,0.7,0,,False
hard,heuristic,stakeholder_argument,10,2,0.3,0.7,0.7,0.7,0,,True
hard,heuristic,stakeholder_argument,11,1,0.65,0.7,0.7,0.7,0,,False
hard,heuristic,stakeholder_argument,11,2,0.3,0.7,0.7,0.7,0,,True
hard,heuristic,stakeholder_argument,12,1,0.65,0.7,0.7,0.7,0,,False
hard,heuristic,stakeholder_argument,12,2,0.3,0.7,0.7,0.7,0,,True
hard,heuristic,stakeholder_argument,13,1,0.65,0.7,0.7,0.7,0,,False
hard,heuristic,stakeholder_argument,13,2,0.3,0.7,0.7,0.7,0,,True
hard,heuristic,stakeholder_argument,14,1,0.65,0.7,0.7,0.7,0,,False
hard,heuristic,stakeholder_argument,14,2,0.3,0.7,0.7,0.7,0,,True
hard,heuristic,stakeholder_argument,15,1,0.65,0.7,0.7,0.7,0,,False
hard,heuristic,stakeholder_argument,15,2,0.3,0.7,0.7,0.7,0,,True
hard,heuristic,stakeholder_argument,16,1,0.65,0.7,0.7,0.7,0,,False
hard,heuristic,stakeholder_argument,16,2,0.3,0.7,0.7,0.7,0,,True
hard,heuristic,stakeholder_argument,17,1,0.65,0.7,0.7,0.7,0,,False
hard,heuristic,stakeholder_argument,17,2,0.3,0.7,0.7,0.7,0,,True
hard,heuristic,stakeholder_argument,18,1,0.65,0.7,0.7,0.7,0,,False
hard,heuristic,stakeholder_argument,18,2,0.3,0.7,0.7,0.7,0,,True
hard,heuristic,stakeholder_argument,19,1,0.65,0.7,0.7,0.7,0,,False
hard,heuristic,stakeholder_argument,19,2,0.3,0.7,0.7,0.7,0,,True
hard,heuristic,stakeholder_argument,20,1,0.65,0.7,0.7,0.7,0,,False
hard,heuristic,stakeholder_argument,20,2,0.3,0.7,0.7,0.7,0,,True
hard,heuristic,full_crisis_episode,1,1,0.9625,0.8,0.7,0.8,1,Monitoring internal_tools to track attacker movement without disrupting uptime,False
hard,heuristic,full_crisis_episode,1,2,0.9608,0.6,0.7,0.9,1,Monitoring api_gateway to track attacker movement without disrupting uptime,False
hard,heuristic,full_crisis_episode,1,3,0.9592,0.4,0.7,1.0,1,Monitoring database to track attacker movement without disrupting uptime,False
hard,heuristic,full_crisis_episode,1,4,0.9575,0.4,0.8,0.8,1,Patching internal_tools to reduce attacker foothold and recover system integrity,False
hard,heuristic,full_crisis_episode,1,5,0.9558,0.2,0.8,0.9,1,"Increased monitoring on internal_tools — threat level elevated, gathering evidence before committing to isolation",False
hard,heuristic,full_crisis_episode,1,6,0.9542,0.3,0.8,1.0,1,"Increased monitoring on internal_tools — threat level elevated, gathering evidence before committing to isolation",False
hard,heuristic,full_crisis_episode,1,7,0.9525,0.3,0.6,1.0,2,Patching database to reduce attacker foothold and recover system integrity,False
hard,heuristic,full_crisis_episode,1,8,0.9508,0.4,0.6,0.8,0,"Increased monitoring on auth_server — threat level elevated, gathering evidence before committing to isolation",False
hard,heuristic,full_crisis_episode,1,9,0.9367,0.4,0.7,0.9,2,Chose to isolate auth_server due to high severity alerts and engineering alignment,False
hard,heuristic,full_crisis_episode,1,10,0.585,0.2,0.7,0.7,1,No action taken this step — waiting for more information or debate resolution,True
hard,heuristic,full_crisis_episode,2,1,0.9625,0.8,0.7,0.8,1,Monitoring internal_tools to track attacker movement without disrupting uptime,False
hard,heuristic,full_crisis_episode,2,2,0.9218,0.8,0.8,0.6,1,Chose to isolate api_gateway despite conflicting stakeholder signals (PR may be compromised),False
hard,heuristic,full_crisis_episode,2,3,0.9202,0.8,0.9,0.7,1,Patching api_gateway to reduce attacker foothold and recover system integrity,False
hard,heuristic,full_crisis_episode,2,4,0.9185,0.9,0.9,0.8,1,Monitoring database to track attacker movement without disrupting uptime,False
hard,heuristic,full_crisis_episode,2,5,0.9168,1.0,0.9,0.6,0,Monitoring api_gateway to track attacker movement without disrupting uptime,False
hard,heuristic,full_crisis_episode,2,6,0.9152,1.0,1.0,0.7,0,Patching api_gateway to reduce attacker foothold and recover system integrity,False
hard,heuristic,full_crisis_episode,2,7,0.9135,1.0,1.0,0.8,2,Patching internal_tools to reduce attacker foothold and recover system integrity,False
hard,heuristic,full_crisis_episode,2,8,0.9118,1.0,0.8,0.6,2,Patching database to reduce attacker foothold and recover system integrity,False
hard,heuristic,full_crisis_episode,2,9,0.9102,1.0,0.9,0.4,0,Patching api_gateway to reduce attacker foothold and recover system integrity,False
hard,heuristic,full_crisis_episode,2,10,0.9085,1.0,0.9,0.5,2,Monitoring api_gateway to track attacker movement without disrupting uptime,False
hard,heuristic,full_crisis_episode,2,11,0.9068,1.0,0.9,0.3,2,Monitoring api_gateway to track attacker movement without disrupting uptime,False
hard,heuristic,full_crisis_episode,2,12,0.9052,0.8,0.9,0.4,1,Monitoring api_gateway to track attacker movement without disrupting uptime,False
hard,heuristic,full_crisis_episode,2,13,0.9035,0.9,0.9,0.2,0,Monitoring api_gateway to track attacker movement without disrupting uptime,False
hard,heuristic,full_crisis_episode,2,14,0.9018,0.9,1.0,0.3,0,Patching api_gateway to reduce attacker foothold and recover system integrity,False
hard,heuristic,full_crisis_episode,2,15,0.9002,1.0,1.0,0.4,0,Monitoring api_gateway to track attacker movement without disrupting uptime,False
hard,heuristic,full_crisis_episode,2,16,0.8985,1.0,1.0,0.5,1,Monitoring api_gateway to track attacker movement without disrupting uptime,False
hard,heuristic,full_crisis_episode,2,17,0.8968,0.8,1.0,0.6,0,Monitoring api_gateway to track attacker movement without disrupting uptime,False
hard,heuristic,full_crisis_episode,2,18,0.8952,0.8,1.0,0.7,0,Patching comms to reduce attacker foothold and recover system integrity,False
hard,heuristic,full_crisis_episode,2,19,0.8935,0.8,1.0,0.8,0,Patching api_gateway to reduce attacker foothold and recover system integrity,False
hard,heuristic,full_crisis_episode,2,20,0.8918,0.8,1.0,0.9,0,Patching api_gateway to reduce attacker foothold and recover system integrity,False
hard,heuristic,full_crisis_episode,3,1,0.9625,0.8,0.7,0.8,1,Monitoring comms to track attacker movement without disrupting uptime,False
hard,heuristic,full_crisis_episode,3,2,0.9608,0.8,0.8,0.9,1,Patching api_gateway to reduce attacker foothold and recover system integrity,False
hard,heuristic,full_crisis_episode,3,3,0.9202,0.8,0.9,0.7,2,Chose to isolate api_gateway despite conflicting stakeholder signals (PR may be compromised),False
hard,heuristic,full_crisis_episode,3,4,0.9185,0.6,0.9,0.5,1,Monitoring api_gateway to track attacker movement without disrupting uptime,False
hard,heuristic,full_crisis_episode,3,5,0.9168,0.6,1.0,0.6,0,Patching api_gateway to reduce attacker foothold and recover system integrity,False
hard,heuristic,full_crisis_episode,3,6,0.9152,0.6,1.0,0.7,1,Patching api_gateway to reduce attacker foothold and recover system integrity,False
hard,heuristic,full_crisis_episode,3,7,0.9135,0.6,1.0,0.8,0,Patching auth_server to reduce attacker foothold and recover system integrity,False
hard,heuristic,full_crisis_episode,3,8,0.9118,0.6,1.0,0.9,1,Chose to isolate api_gateway due to high severity alerts and engineering alignment,False
hard,heuristic,full_crisis_episode,3,9,0.9102,0.4,1.0,1.0,2,Monitoring api_gateway to track attacker movement without disrupting uptime,False
hard,heuristic,full_crisis_episode,3,10,0.9085,0.2,1.0,1.0,0,Monitoring api_gateway to track attacker movement without disrupting uptime,False
hard,heuristic,full_crisis_episode,3,11,0.9068,0.2,1.0,1.0,0,Chose to isolate api_gateway due to high severity alerts and engineering alignment,False
hard,heuristic,full_crisis_episode,3,12,0.9052,0.3,1.0,1.0,0,Monitoring comms to track attacker movement without disrupting uptime,False
hard,heuristic,full_crisis_episode,3,13,0.9035,0.3,1.0,1.0,2,Chose to isolate api_gateway due to high severity alerts and engineering alignment,False
hard,heuristic,full_crisis_episode,3,14,0.9018,0.4,1.0,0.8,1,Monitoring api_gateway to track attacker movement without disrupting uptime,False
hard,heuristic,full_crisis_episode,3,15,0.9002,0.2,1.0,0.9,1,Monitoring api_gateway to track attacker movement without disrupting uptime,False
hard,heuristic,full_crisis_episode,3,16,0.8985,0.3,1.0,1.0,0,Monitoring api_gateway to track attacker movement without disrupting uptime,False
hard,heuristic,full_crisis_episode,3,17,0.8968,0.3,1.0,1.0,0,Patching api_gateway to reduce attacker foothold and recover system integrity,False
hard,heuristic,full_crisis_episode,3,18,0.8952,0.3,1.0,1.0,0,Patching api_gateway to reduce attacker foothold and recover system integrity,False
hard,heuristic,full_crisis_episode,3,19,0.8935,0.3,1.0,1.0,1,Patching api_gateway to reduce attacker foothold and recover system integrity,False
hard,heuristic,full_crisis_episode,3,20,0.8918,0.3,0.8,1.0,0,Patching api_gateway to reduce attacker foothold and recover system integrity,False
hard,heuristic,full_crisis_episode,4,1,0.9625,0.8,0.7,0.8,2,Monitoring auth_server to track attacker movement without disrupting uptime,False
hard,heuristic,full_crisis_episode,4,2,0.9608,0.6,0.7,0.9,2,Monitoring api_gateway to track attacker movement without disrupting uptime,False
hard,heuristic,full_crisis_episode,4,3,0.9202,0.6,0.5,1.0,0,"Chose to isolate api_gateway despite conflicting stakeholder signals (Finance, Engineering may be compromised)",False
hard,heuristic,full_crisis_episode,4,4,0.9185,0.6,0.6,1.0,2,Patching auth_server to reduce attacker foothold and recover system integrity,False
hard,heuristic,full_crisis_episode,4,5,0.9168,0.4,0.6,0.8,3,"Increased monitoring on internal_tools — threat level elevated, gathering evidence before committing to isolation",False
hard,heuristic,full_crisis_episode,4,6,0.9152,0.4,0.4,0.6,0,Patching auth_server to reduce attacker foothold and recover system integrity,False
hard,heuristic,full_crisis_episode,4,7,0.9135,0.4,0.5,0.7,2,Patching auth_server to reduce attacker foothold and recover system integrity,False
hard,heuristic,full_crisis_episode,4,8,0.9118,0.4,0.3,0.5,0,"Chose to isolate api_gateway despite conflicting stakeholder signals (Engineering, PR may be compromised)",False
hard,heuristic,full_crisis_episode,4,9,0.5602,0.5,0.3,0.6,1,"Increased monitoring on auth_server — threat level elevated, gathering evidence before committing to isolation",True
hard,heuristic,full_crisis_episode,5,1,0.9625,0.8,0.7,0.8,0,Monitoring internal_tools to track attacker movement without disrupting uptime,False
hard,heuristic,full_crisis_episode,5,2,0.9608,0.9,0.7,0.9,0,Monitoring api_gateway to track attacker movement without disrupting uptime,False
hard,heuristic,full_crisis_episode,5,3,0.9592,0.9,0.8,1.0,1,Patching api_gateway to reduce attacker foothold and recover system integrity,False
hard,heuristic,full_crisis_episode,5,4,0.9575,0.9,0.9,1.0,1,Patching api_gateway to reduce attacker foothold and recover system integrity,False
hard,heuristic,full_crisis_episode,5,5,0.9168,0.9,1.0,0.8,1,Chose to isolate api_gateway despite conflicting stakeholder signals (PR may be compromised),False
hard,heuristic,full_crisis_episode,5,6,0.9152,0.9,0.8,0.9,2,Patching api_gateway to reduce attacker foothold and recover system integrity,False
hard,heuristic,full_crisis_episode,5,7,0.9135,1.0,0.8,0.7,1,Monitoring api_gateway to track attacker movement without disrupting uptime,False
hard,heuristic,full_crisis_episode,5,8,0.9118,0.8,0.8,0.8,2,Monitoring api_gateway to track attacker movement without disrupting uptime,False
hard,heuristic,full_crisis_episode,5,9,0.9102,0.6,0.8,0.6,2,Monitoring api_gateway to track attacker movement without disrupting uptime,False
hard,heuristic,full_crisis_episode,5,10,0.9085,0.7,0.8,0.4,2,Monitoring api_gateway to track attacker movement without disrupting uptime,False
hard,heuristic,full_crisis_episode,5,11,0.8678,0.7,0.6,0.2,1,"Chose to isolate internal_tools despite conflicting stakeholder signals (Engineering, PR may be compromised)",False
hard,heuristic,full_crisis_episode,5,12,0.8662,0.8,0.6,0.0,0,Monitoring api_gateway to track attacker movement without disrupting uptime,False
hard,heuristic,full_crisis_episode,5,13,0.8645,0.9,0.6,0.1,1,Monitoring api_gateway to track attacker movement without disrupting uptime,False
hard,heuristic,full_crisis_episode,5,14,0.8628,0.7,0.6,0.2,1,Monitoring api_gateway to track attacker movement without disrupting uptime,False
hard,heuristic,full_crisis_episode,5,15,0.8612,0.7,0.7,0.0,2,Patching api_gateway to reduce attacker foothold and recover system integrity,False
hard,heuristic,full_crisis_episode,5,16,0.8595,0.7,0.5,0.0,2,Patching internal_tools to reduce attacker foothold and recover system integrity,False
hard,heuristic,full_crisis_episode,5,17,0.8578,0.7,0.3,0.1,2,"Chose to isolate internal_tools despite conflicting stakeholder signals (Finance, Engineering may be compromised)",False
hard,heuristic,full_crisis_episode,5,18,0.8562,0.7,0.4,0.0,1,Patching internal_tools to reduce attacker foothold and recover system integrity,False
hard,heuristic,full_crisis_episode,5,19,0.8545,0.5,0.4,0.1,1,Monitoring internal_tools to track attacker movement without disrupting uptime,False
hard,heuristic,full_crisis_episode,5,20,0.8528,0.5,0.5,0.2,2,Patching internal_tools to reduce attacker foothold and recover system integrity,False
hard,heuristic,full_crisis_episode,6,1,0.9625,0.8,0.7,0.8,0,Monitoring api_gateway to track attacker movement without disrupting uptime,False
hard,heuristic,full_crisis_episode,6,2,0.9608,0.8,0.8,0.9,2,Patching api_gateway to reduce attacker foothold and recover system integrity,False
hard,heuristic,full_crisis_episode,6,3,0.9592,0.8,0.6,1.0,0,Patching api_gateway to reduce attacker foothold and recover system integrity,False
hard,heuristic,full_crisis_episode,6,4,0.9575,0.8,0.7,1.0,1,Patching api_gateway to reduce attacker foothold and recover system integrity,False
hard,heuristic,full_crisis_episode,6,5,0.9558,0.8,0.5,1.0,0,Patching api_gateway to reduce attacker foothold and recover system integrity,False
hard,heuristic,full_crisis_episode,6,6,0.9542,0.9,0.5,1.0,1,Monitoring api_gateway to track attacker movement without disrupting uptime,False
hard,heuristic,full_crisis_episode,6,7,0.9525,1.0,0.5,1.0,1,Monitoring api_gateway to track attacker movement without disrupting uptime,False
hard,heuristic,full_crisis_episode,6,8,0.9508,1.0,0.5,1.0,1,"Increased monitoring on internal_tools — threat level elevated, gathering evidence before committing to isolation",False
hard,heuristic,full_crisis_episode,6,9,0.9102,1.0,0.6,0.8,1,Chose to isolate internal_tools despite conflicting stakeholder signals (PR may be compromised),False
hard,heuristic,full_crisis_episode,6,10,0.9085,1.0,0.7,0.9,2,Patching auth_server to reduce attacker foothold and recover system integrity,False
hard,heuristic,full_crisis_episode,6,11,0.9068,1.0,0.7,0.7,1,"Increased monitoring on internal_tools — threat level elevated, gathering evidence before committing to isolation",False
hard,heuristic,full_crisis_episode,6,12,0.9052,1.0,0.7,0.8,1,"Increased monitoring on internal_tools — threat level elevated, gathering evidence before committing to isolation",False
hard,heuristic,full_crisis_episode,6,13,0.8645,1.0,0.5,0.9,0,Chose to isolate comms despite conflicting stakeholder signals (Engineering may be compromised),False
hard,heuristic,full_crisis_episode,6,14,0.8628,1.0,0.6,1.0,0,Patching internal_tools to reduce attacker foothold and recover system integrity,False
hard,heuristic,full_crisis_episode,6,15,0.8612,1.0,0.7,1.0,1,Patching internal_tools to reduce attacker foothold and recover system integrity,False
hard,heuristic,full_crisis_episode,6,16,0.8595,1.0,0.8,0.8,1,Patching internal_tools to reduce attacker foothold and recover system integrity,False
hard,heuristic,full_crisis_episode,6,17,0.8578,1.0,0.9,0.6,1,Patching internal_tools to reduce attacker foothold and recover system integrity,False
hard,heuristic,full_crisis_episode,6,18,0.8562,1.0,0.9,0.7,1,Monitoring internal_tools to track attacker movement without disrupting uptime,False
hard,heuristic,full_crisis_episode,6,19,0.8545,1.0,0.7,0.8,2,Patching internal_tools to reduce attacker foothold and recover system integrity,False
hard,heuristic,full_crisis_episode,6,20,0.8528,1.0,0.5,0.9,2,Patching internal_tools to reduce attacker foothold and recover system integrity,False
hard,heuristic,full_crisis_episode,7,1,0.9625,0.8,0.7,0.8,2,Monitoring api_gateway to track attacker movement without disrupting uptime,False
hard,heuristic,full_crisis_episode,7,2,0.9608,0.8,0.5,0.9,1,Patching api_gateway to reduce attacker foothold and recover system integrity,False
hard,heuristic,full_crisis_episode,7,3,0.9592,0.8,0.6,1.0,2,Patching api_gateway to reduce attacker foothold and recover system integrity,False
hard,heuristic,full_crisis_episode,7,4,0.9575,0.8,0.7,0.8,2,Patching api_gateway to reduce attacker foothold and recover system integrity,False
hard,heuristic,full_crisis_episode,7,5,0.9558,0.9,0.7,0.6,1,Monitoring api_gateway to track attacker movement without disrupting uptime,False
hard,heuristic,full_crisis_episode,7,6,0.9542,1.0,0.7,0.4,1,Monitoring api_gateway to track attacker movement without disrupting uptime,False
hard,heuristic,full_crisis_episode,7,7,0.9525,0.8,0.7,0.5,0,"Increased monitoring on internal_tools — threat level elevated, gathering evidence before committing to isolation",False
hard,heuristic,full_crisis_episode,7,8,0.9508,0.9,0.7,0.6,2,"Increased monitoring on internal_tools — threat level elevated, gathering evidence before committing to isolation",False
hard,heuristic,full_crisis_episode,7,9,0.9492,0.9,0.8,0.4,3,Patching auth_server to reduce attacker foothold and recover system integrity,False
hard,heuristic,full_crisis_episode,7,10,0.9475,0.7,0.8,0.2,1,"Increased monitoring on auth_server — threat level elevated, gathering evidence before committing to isolation",False
hard,heuristic,full_crisis_episode,7,11,0.5958,0.8,0.8,0.3,0,"Increased monitoring on auth_server — threat level elevated, gathering evidence before committing to isolation",True
hard,heuristic,full_crisis_episode,8,1,0.9625,0.8,0.7,0.8,2,Monitoring auth_server to track attacker movement without disrupting uptime,False
hard,heuristic,full_crisis_episode,8,2,0.9218,0.8,0.8,0.6,2,"Chose to isolate api_gateway despite conflicting stakeholder signals (Finance, PR may be compromised)",False
hard,heuristic,full_crisis_episode,8,3,0.9202,0.8,0.6,0.4,1,Patching api_gateway to reduce attacker foothold and recover system integrity,False
hard,heuristic,full_crisis_episode,8,4,0.9185,0.9,0.6,0.5,0,Monitoring api_gateway to track attacker movement without disrupting uptime,False
hard,heuristic,full_crisis_episode,8,5,0.9168,1.0,0.6,0.6,2,Monitoring api_gateway to track attacker movement without disrupting uptime,False
hard,heuristic,full_crisis_episode,8,6,0.9152,0.8,0.6,0.4,3,Monitoring database to track attacker movement without disrupting uptime,False
hard,heuristic,full_crisis_episode,8,7,0.9135,0.6,0.6,0.2,0,Monitoring api_gateway to track attacker movement without disrupting uptime,False
hard,heuristic,full_crisis_episode,8,8,0.8728,0.6,0.7,0.3,2,Chose to isolate comms due to high severity alerts and engineering alignment,False
hard,heuristic,full_crisis_episode,8,9,0.8712,0.4,0.7,0.4,1,Monitoring api_gateway to track attacker movement without disrupting uptime,False
hard,heuristic,full_crisis_episode,8,10,0.8695,0.2,0.7,0.5,1,Monitoring api_gateway to track attacker movement without disrupting uptime,False
hard,heuristic,full_crisis_episode,8,11,0.8678,0.3,0.7,0.6,0,Monitoring api_gateway to track attacker movement without disrupting uptime,False
hard,heuristic,full_crisis_episode,8,12,0.8662,0.3,0.8,0.7,2,Patching internal_tools to reduce attacker foothold and recover system integrity,False
hard,heuristic,full_crisis_episode,8,13,0.8645,0.3,0.6,0.5,1,Patching internal_tools to reduce attacker foothold and recover system integrity,False
hard,heuristic,full_crisis_episode,8,14,0.8628,0.3,0.7,0.3,0,Patching internal_tools to reduce attacker foothold and recover system integrity,False
hard,heuristic,full_crisis_episode,8,15,0.8612,0.3,0.8,0.4,1,Patching auth_server to reduce attacker foothold and recover system integrity,False
hard,heuristic,full_crisis_episode,8,16,0.8595,0.4,0.8,0.5,1,"Increased monitoring on internal_tools — threat level elevated, gathering evidence before committing to isolation",False
hard,heuristic,full_crisis_episode,8,17,0.8578,0.4,0.6,0.6,1,Patching auth_server to reduce attacker foothold and recover system integrity,False
hard,heuristic,full_crisis_episode,8,18,0.8562,0.4,0.7,0.7,0,Patching auth_server to reduce attacker foothold and recover system integrity,False
hard,heuristic,full_crisis_episode,8,19,0.8545,0.4,0.8,0.8,2,Patching auth_server to reduce attacker foothold and recover system integrity,False
hard,heuristic,full_crisis_episode,8,20,0.8528,0.4,0.6,0.9,1,Patching auth_server to reduce attacker foothold and recover system integrity,False
hard,heuristic,full_crisis_episode,9,1,0.9625,0.8,0.7,0.8,1,Monitoring internal_tools to track attacker movement without disrupting uptime,False
hard,heuristic,full_crisis_episode,9,2,0.9608,0.8,0.8,0.6,1,Patching api_gateway to reduce attacker foothold and recover system integrity,False
hard,heuristic,full_crisis_episode,9,3,0.9592,0.9,0.8,0.7,1,Monitoring comms to track attacker movement without disrupting uptime,False
hard,heuristic,full_crisis_episode,9,4,0.9185,0.9,0.6,0.8,1,Chose to isolate api_gateway despite conflicting stakeholder signals (Engineering may be compromised),False
hard,heuristic,full_crisis_episode,9,5,0.9168,1.0,0.6,0.9,0,Monitoring internal_tools to track attacker movement without disrupting uptime,False
hard,heuristic,full_crisis_episode,9,6,0.9152,1.0,0.6,1.0,3,Monitoring api_gateway to track attacker movement without disrupting uptime,False
hard,heuristic,full_crisis_episode,9,7,0.9135,1.0,0.4,0.8,0,Patching database to reduce attacker foothold and recover system integrity,False
hard,heuristic,full_crisis_episode,9,8,0.9118,1.0,0.4,0.9,0,Monitoring internal_tools to track attacker movement without disrupting uptime,False
hard,heuristic,full_crisis_episode,9,9,0.9102,1.0,0.4,1.0,2,Monitoring internal_tools to track attacker movement without disrupting uptime,False
hard,heuristic,full_crisis_episode,9,10,0.8695,1.0,0.2,1.0,1,"Chose to isolate internal_tools despite conflicting stakeholder signals (Finance, Engineering may be compromised)",False
hard,heuristic,full_crisis_episode,9,11,0.8678,1.0,0.3,0.8,3,Patching internal_tools to reduce attacker foothold and recover system integrity,False
hard,heuristic,full_crisis_episode,9,12,0.8662,1.0,0.1,0.6,1,Patching internal_tools to reduce attacker foothold and recover system integrity,False
hard,heuristic,full_crisis_episode,9,13,0.8645,1.0,0.0,0.7,1,Patching internal_tools to reduce attacker foothold and recover system integrity,False
hard,heuristic,full_crisis_episode,9,14,0.8628,1.0,0.0,0.8,1,Chose to isolate internal_tools despite conflicting stakeholder signals (Engineering may be compromised),False
hard,heuristic,full_crisis_episode,9,15,0.8612,1.0,0.0,0.9,1,"Increased monitoring on internal_tools — threat level elevated, gathering evidence before committing to isolation",False
hard,heuristic,full_crisis_episode,9,16,0.8595,1.0,0.0,1.0,1,Patching auth_server to reduce attacker foothold and recover system integrity,False
hard,heuristic,full_crisis_episode,9,17,0.8578,1.0,0.1,1.0,3,Patching auth_server to reduce attacker foothold and recover system integrity,False
hard,heuristic,full_crisis_episode,9,18,0.8562,1.0,0.0,0.8,2,Patching auth_server to reduce attacker foothold and recover system integrity,False
hard,heuristic,full_crisis_episode,9,19,0.8545,1.0,0.0,0.6,0,Patching comms to reduce attacker foothold and recover system integrity,False
hard,heuristic,full_crisis_episode,9,20,0.5028,1.0,0.1,0.7,1,Patching auth_server to reduce attacker foothold and recover system integrity,True
hard,heuristic,full_crisis_episode,10,1,0.9625,0.8,0.7,0.8,0,Monitoring internal_tools to track attacker movement without disrupting uptime,False
hard,heuristic,full_crisis_episode,10,2,0.9608,0.9,0.7,0.9,1,Monitoring api_gateway to track attacker movement without disrupting uptime,False
hard,heuristic,full_crisis_episode,10,3,0.9592,0.7,0.7,1.0,1,Monitoring api_gateway to track attacker movement without disrupting uptime,False
hard,heuristic,full_crisis_episode,10,4,0.9185,0.7,0.5,1.0,2,Chose to isolate api_gateway despite conflicting stakeholder signals (Engineering may be compromised),False
hard,heuristic,full_crisis_episode,10,5,0.9168,0.5,0.5,1.0,1,"Increased monitoring on internal_tools — threat level elevated, gathering evidence before committing to isolation",False
hard,heuristic,full_crisis_episode,10,6,0.9152,0.5,0.3,1.0,1,Patching internal_tools to reduce attacker foothold and recover system integrity,False
hard,heuristic,full_crisis_episode,10,7,0.9135,0.6,0.3,0.8,0,"Increased monitoring on auth_server — threat level elevated, gathering evidence before committing to isolation",False
hard,heuristic,full_crisis_episode,10,8,0.9118,0.7,0.3,0.9,1,"Increased monitoring on auth_server — threat level elevated, gathering evidence before committing to isolation",False
hard,heuristic,full_crisis_episode,10,9,0.9102,0.8,0.3,1.0,0,"Increased monitoring on auth_server — threat level elevated, gathering evidence before committing to isolation",False
hard,heuristic,full_crisis_episode,10,10,0.9085,0.8,0.4,1.0,3,Patching auth_server to reduce attacker foothold and recover system integrity,False
hard,heuristic,full_crisis_episode,10,11,0.9068,0.8,0.2,0.8,1,Patching comms to reduce attacker foothold and recover system integrity,False
hard,heuristic,full_crisis_episode,10,12,0.8662,0.8,0.0,0.9,1,Chose to isolate internal_tools despite conflicting stakeholder signals (Engineering may be compromised),False
hard,heuristic,full_crisis_episode,10,13,0.5145,0.8,0.0,1.0,1,Patching database to reduce attacker foothold and recover system integrity,True
hard,heuristic,full_crisis_episode,11,1,0.9625,0.8,0.7,0.8,0,Monitoring internal_tools to track attacker movement without disrupting uptime,False
hard,heuristic,full_crisis_episode,11,2,0.9608,0.9,0.7,0.9,0,Monitoring api_gateway to track attacker movement without disrupting uptime,False
hard,heuristic,full_crisis_episode,11,3,0.9592,1.0,0.7,1.0,1,Monitoring internal_tools to track attacker movement without disrupting uptime,False
hard,heuristic,full_crisis_episode,11,4,0.9575,0.8,0.7,1.0,2,"Increased monitoring on internal_tools — threat level elevated, gathering evidence before committing to isolation",False
hard,heuristic,full_crisis_episode,11,5,0.9558,0.8,0.5,0.8,1,Patching internal_tools to reduce attacker foothold and recover system integrity,False
hard,heuristic,full_crisis_episode,11,6,0.9542,0.6,0.5,0.9,1,"Increased monitoring on internal_tools — threat level elevated, gathering evidence before committing to isolation",False
hard,heuristic,full_crisis_episode,11,7,0.9525,0.4,0.5,1.0,1,"Increased monitoring on auth_server — threat level elevated, gathering evidence before committing to isolation",False
hard,heuristic,full_crisis_episode,11,8,0.9118,0.4,0.6,0.8,2,Chose to isolate database despite conflicting stakeholder signals (PR may be compromised),False
hard,heuristic,full_crisis_episode,11,9,0.9102,0.4,0.7,0.6,3,Patching database to reduce attacker foothold and recover system integrity,False
hard,heuristic,full_crisis_episode,11,10,0.9085,0.4,0.5,0.4,0,Patching database to reduce attacker foothold and recover system integrity,False
hard,heuristic,full_crisis_episode,11,11,0.9068,0.4,0.6,0.5,0,Chose to isolate database due to high severity alerts and engineering alignment,False
hard,heuristic,full_crisis_episode,11,12,0.9052,0.4,0.7,0.6,1,Patching database to reduce attacker foothold and recover system integrity,False
hard,heuristic,full_crisis_episode,11,13,0.5535,0.4,0.8,0.4,0,Chose to isolate database despite conflicting stakeholder signals (PR may be compromised),True
hard,heuristic,full_crisis_episode,12,1,0.9625,0.8,0.7,0.8,0,Monitoring comms to track attacker movement without disrupting uptime,False
hard,heuristic,full_crisis_episode,12,2,0.9608,0.9,0.7,0.9,2,Monitoring api_gateway to track attacker movement without disrupting uptime,False
hard,heuristic,full_crisis_episode,12,3,0.9592,0.7,0.7,1.0,1,Monitoring api_gateway to track attacker movement without disrupting uptime,False
hard,heuristic,full_crisis_episode,12,4,0.9575,0.7,0.8,1.0,0,Patching internal_tools to reduce attacker foothold and recover system integrity,False
hard,heuristic,full_crisis_episode,12,5,0.9558,0.8,0.8,1.0,2,"Increased monitoring on internal_tools — threat level elevated, gathering evidence before committing to isolation",False
hard,heuristic,full_crisis_episode,12,6,0.9542,0.6,0.8,0.8,1,"Increased monitoring on internal_tools — threat level elevated, gathering evidence before committing to isolation",False
hard,heuristic,full_crisis_episode,12,7,0.9525,0.7,0.8,0.9,2,"Increased monitoring on auth_server — threat level elevated, gathering evidence before committing to isolation",False
hard,heuristic,full_crisis_episode,12,8,0.9508,0.7,0.9,0.7,1,Patching internal_tools to reduce attacker foothold and recover system integrity,False
hard,heuristic,full_crisis_episode,12,9,0.9492,0.7,1.0,0.5,1,Patching auth_server to reduce attacker foothold and recover system integrity,False
hard,heuristic,full_crisis_episode,12,10,0.9475,0.7,1.0,0.6,1,Patching auth_server to reduce attacker foothold and recover system integrity,False
hard,heuristic,full_crisis_episode,12,11,0.9458,0.7,1.0,0.7,2,Patching auth_server to reduce attacker foothold and recover system integrity,False
hard,heuristic,full_crisis_episode,12,12,0.9442,0.5,1.0,0.5,2,"Increased monitoring on auth_server — threat level elevated, gathering evidence before committing to isolation",False
hard,heuristic,full_crisis_episode,12,13,0.9425,0.5,1.0,0.3,2,Patching auth_server to reduce attacker foothold and recover system integrity,False
hard,heuristic,full_crisis_episode,12,14,0.9408,0.5,0.8,0.1,0,Patching auth_server to reduce attacker foothold and recover system integrity,False
hard,heuristic,full_crisis_episode,12,15,0.9392,0.5,0.9,0.2,0,Patching api_gateway to reduce attacker foothold and recover system integrity,False
hard,heuristic,full_crisis_episode,12,16,0.9375,0.5,1.0,0.3,1,Patching auth_server to reduce attacker foothold and recover system integrity,False
hard,heuristic,full_crisis_episode,12,17,0.9358,0.5,1.0,0.4,0,Patching auth_server to reduce attacker foothold and recover system integrity,False
hard,heuristic,full_crisis_episode,12,18,0.9342,0.6,1.0,0.5,0,"Increased monitoring on auth_server — threat level elevated, gathering evidence before committing to isolation",False
hard,heuristic,full_crisis_episode,12,19,0.57,0.6,1.0,0.6,2,Chose to isolate auth_server due to high severity alerts and engineering alignment,True
hard,heuristic,full_crisis_episode,13,1,0.9625,0.8,0.7,0.8,1,Monitoring api_gateway to track attacker movement without disrupting uptime,False
hard,heuristic,full_crisis_episode,13,2,0.9608,0.6,0.7,0.9,2,Monitoring api_gateway to track attacker movement without disrupting uptime,False
hard,heuristic,full_crisis_episode,13,3,0.9592,0.6,0.5,0.7,2,Patching api_gateway to reduce attacker foothold and recover system integrity,False
hard,heuristic,full_crisis_episode,13,4,0.9185,0.6,0.3,0.8,2,"Chose to isolate comms despite conflicting stakeholder signals (Finance, Engineering may be compromised)",False
hard,heuristic,full_crisis_episode,13,5,0.9168,0.4,0.3,0.6,1,Monitoring api_gateway to track attacker movement without disrupting uptime,False
hard,heuristic,full_crisis_episode,13,6,0.8762,0.4,0.4,0.7,2,Chose to isolate database despite conflicting stakeholder signals (Finance may be compromised),False
hard,heuristic,full_crisis_episode,13,7,0.8745,0.4,0.2,0.5,1,Patching api_gateway to reduce attacker foothold and recover system integrity,False
hard,heuristic,full_crisis_episode,13,8,0.8728,0.4,0.3,0.6,0,Patching api_gateway to reduce attacker foothold and recover system integrity,False
hard,heuristic,full_crisis_episode,13,9,0.8712,0.4,0.4,0.7,1,Patching api_gateway to reduce attacker foothold and recover system integrity,False
hard,heuristic,full_crisis_episode,13,10,0.8695,0.4,0.5,0.5,0,Patching api_gateway to reduce attacker foothold and recover system integrity,False
hard,heuristic,full_crisis_episode,13,11,0.8678,0.5,0.5,0.6,0,Monitoring database to track attacker movement without disrupting uptime,False
hard,heuristic,full_crisis_episode,13,12,0.8662,0.5,0.6,0.7,2,Patching api_gateway to reduce attacker foothold and recover system integrity,False
hard,heuristic,full_crisis_episode,13,13,0.8645,0.5,0.4,0.5,0,Patching database to reduce attacker foothold and recover system integrity,False
hard,heuristic,full_crisis_episode,13,14,0.8628,0.5,0.5,0.6,0,Patching database to reduce attacker foothold and recover system integrity,False
hard,heuristic,full_crisis_episode,13,15,0.8612,0.5,0.6,0.7,1,Patching internal_tools to reduce attacker foothold and recover system integrity,False
hard,heuristic,full_crisis_episode,13,16,0.8595,0.5,0.7,0.8,2,Patching auth_server to reduce attacker foothold and recover system integrity,False
hard,heuristic,full_crisis_episode,13,17,0.8578,0.3,0.7,0.9,1,"Increased monitoring on auth_server — threat level elevated, gathering evidence before committing to isolation",False
hard,heuristic,full_crisis_episode,13,18,0.8562,0.3,0.8,1.0,1,Patching auth_server to reduce attacker foothold and recover system integrity,False
hard,heuristic,full_crisis_episode,13,19,0.8545,0.3,0.6,1.0,3,Patching comms to reduce attacker foothold and recover system integrity,False
hard,heuristic,full_crisis_episode,13,20,0.5028,0.1,0.6,0.8,1,"Increased monitoring on database — threat level elevated, gathering evidence before committing to isolation",True
hard,heuristic,full_crisis_episode,14,1,0.9625,0.8,0.7,0.8,1,Monitoring comms to track attacker movement without disrupting uptime,False
hard,heuristic,full_crisis_episode,14,2,0.9608,0.8,0.8,0.9,2,Patching api_gateway to reduce attacker foothold and recover system integrity,False
hard,heuristic,full_crisis_episode,14,3,0.9592,0.9,0.8,0.7,1,Monitoring database to track attacker movement without disrupting uptime,False
hard,heuristic,full_crisis_episode,14,4,0.9185,0.9,0.9,0.5,0,Chose to isolate api_gateway despite conflicting stakeholder signals (PR may be compromised),False
hard,heuristic,full_crisis_episode,14,5,0.9168,1.0,0.9,0.6,2,"Increased monitoring on internal_tools — threat level elevated, gathering evidence before committing to isolation",False
hard,heuristic,full_crisis_episode,14,6,0.9152,1.0,0.7,0.7,1,Patching internal_tools to reduce attacker foothold and recover system integrity,False
hard,heuristic,full_crisis_episode,14,7,0.9135,1.0,0.5,0.8,1,Patching auth_server to reduce attacker foothold and recover system integrity,False
hard,heuristic,full_crisis_episode,14,8,0.9118,1.0,0.3,0.9,1,Patching auth_server to reduce attacker foothold and recover system integrity,False
hard,heuristic,full_crisis_episode,14,9,0.9102,1.0,0.1,1.0,3,Patching auth_server to reduce attacker foothold and recover system integrity,False
hard,heuristic,full_crisis_episode,14,10,0.9085,0.8,0.1,0.8,1,"Increased monitoring on internal_tools — threat level elevated, gathering evidence before committing to isolation",False
hard,heuristic,full_crisis_episode,14,11,0.5568,0.8,0.2,0.9,0,Patching auth_server to reduce attacker foothold and recover system integrity,True
hard,heuristic,full_crisis_episode,15,1,0.9625,0.8,0.7,0.8,1,Monitoring api_gateway to track attacker movement without disrupting uptime,False
hard,heuristic,full_crisis_episode,15,2,0.9608,0.9,0.7,0.9,2,Monitoring api_gateway to track attacker movement without disrupting uptime,False
hard,heuristic,full_crisis_episode,15,3,0.9202,0.9,0.8,0.7,0,"Chose to isolate api_gateway despite conflicting stakeholder signals (Finance, PR may be compromised)",False
hard,heuristic,full_crisis_episode,15,4,0.9185,1.0,0.8,0.8,2,Monitoring api_gateway to track attacker movement without disrupting uptime,False
hard,heuristic,full_crisis_episode,15,5,0.9168,1.0,0.6,0.6,2,Patching internal_tools to reduce attacker foothold and recover system integrity,False
hard,heuristic,full_crisis_episode,15,6,0.9152,1.0,0.4,0.4,1,Patching api_gateway to reduce attacker foothold and recover system integrity,False
hard,heuristic,full_crisis_episode,15,7,0.9135,1.0,0.5,0.5,1,Patching api_gateway to reduce attacker foothold and recover system integrity,False
hard,heuristic,full_crisis_episode,15,8,0.9118,1.0,0.3,0.6,1,Patching database to reduce attacker foothold and recover system integrity,False
hard,heuristic,full_crisis_episode,15,9,0.9102,1.0,0.1,0.7,1,Chose to isolate api_gateway despite conflicting stakeholder signals (Engineering may be compromised),False
hard,heuristic,full_crisis_episode,15,10,0.9085,1.0,0.0,0.8,0,Patching api_gateway to reduce attacker foothold and recover system integrity,False
hard,heuristic,full_crisis_episode,15,11,0.9068,1.0,0.1,0.9,0,Patching database to reduce attacker foothold and recover system integrity,False
hard,heuristic,full_crisis_episode,15,12,0.9052,1.0,0.2,1.0,0,Patching api_gateway to reduce attacker foothold and recover system integrity,False
hard,heuristic,full_crisis_episode,15,13,0.9035,1.0,0.3,1.0,3,Patching database to reduce attacker foothold and recover system integrity,False
hard,heuristic,full_crisis_episode,15,14,0.9018,1.0,0.1,0.8,0,Patching api_gateway to reduce attacker foothold and recover system integrity,False
hard,heuristic,full_crisis_episode,15,15,0.9002,1.0,0.1,0.9,1,Monitoring database to track attacker movement without disrupting uptime,False
hard,heuristic,full_crisis_episode,15,16,0.8985,1.0,0.2,1.0,3,Chose to isolate api_gateway despite conflicting stakeholder signals (Finance may be compromised),False
hard,heuristic,full_crisis_episode,15,17,0.8968,1.0,0.0,0.8,0,Patching api_gateway to reduce attacker foothold and recover system integrity,False
hard,heuristic,full_crisis_episode,15,18,0.8952,1.0,0.0,0.9,1,Monitoring database to track attacker movement without disrupting uptime,False
hard,heuristic,full_crisis_episode,15,19,0.8935,1.0,0.0,0.7,1,Monitoring api_gateway to track attacker movement without disrupting uptime,False
hard,heuristic,full_crisis_episode,15,20,0.8918,1.0,0.0,0.5,2,Monitoring api_gateway to track attacker movement without disrupting uptime,False
hard,heuristic,full_crisis_episode,16,1,0.9625,0.8,0.7,0.8,0,Monitoring internal_tools to track attacker movement without disrupting uptime,False
hard,heuristic,full_crisis_episode,16,2,0.9608,0.9,0.7,0.9,0,Monitoring api_gateway to track attacker movement without disrupting uptime,False
hard,heuristic,full_crisis_episode,16,3,0.9592,1.0,0.7,1.0,2,Monitoring auth_server to track attacker movement without disrupting uptime,False
hard,heuristic,full_crisis_episode,16,4,0.9575,1.0,0.8,0.8,3,Patching api_gateway to reduce attacker foothold and recover system integrity,False
hard,heuristic,full_crisis_episode,16,5,0.9558,1.0,0.6,0.6,1,Patching internal_tools to reduce attacker foothold and recover system integrity,False
hard,heuristic,full_crisis_episode,16,6,0.9542,1.0,0.4,0.7,1,Patching auth_server to reduce attacker foothold and recover system integrity,False
hard,heuristic,full_crisis_episode,16,7,0.9525,1.0,0.2,0.8,1,Patching auth_server to reduce attacker foothold and recover system integrity,False
hard,heuristic,full_crisis_episode,16,8,0.9508,1.0,0.2,0.6,1,"Increased monitoring on auth_server — threat level elevated, gathering evidence before committing to isolation",False
hard,heuristic,full_crisis_episode,16,9,0.5992,1.0,0.3,0.4,3,Patching auth_server to reduce attacker foothold and recover system integrity,True
hard,heuristic,full_crisis_episode,17,1,0.9625,0.8,0.7,0.8,0,Monitoring comms to track attacker movement without disrupting uptime,False
hard,heuristic,full_crisis_episode,17,2,0.9608,0.9,0.7,0.9,1,Monitoring api_gateway to track attacker movement without disrupting uptime,False
hard,heuristic,full_crisis_episode,17,3,0.9592,0.9,0.8,1.0,2,Patching api_gateway to reduce attacker foothold and recover system integrity,False
hard,heuristic,full_crisis_episode,17,4,0.9575,0.9,0.6,0.8,1,Patching database to reduce attacker foothold and recover system integrity,False
hard,heuristic,full_crisis_episode,17,5,0.9558,0.9,0.7,0.6,1,Patching internal_tools to reduce attacker foothold and recover system integrity,False
hard,heuristic,full_crisis_episode,17,6,0.9542,0.9,0.5,0.7,0,Patching auth_server to reduce attacker foothold and recover system integrity,False
hard,heuristic,full_crisis_episode,17,7,0.9525,1.0,0.5,0.8,1,"Increased monitoring on auth_server — threat level elevated, gathering evidence before committing to isolation",False
hard,heuristic,full_crisis_episode,17,8,0.6008,1.0,0.6,0.9,1,Patching auth_server to reduce attacker foothold and recover system integrity,True
hard,heuristic,full_crisis_episode,18,1,0.9625,0.8,0.7,0.8,2,Monitoring auth_server to track attacker movement without disrupting uptime,False
hard,heuristic,full_crisis_episode,18,2,0.9608,0.8,0.8,0.6,1,Patching internal_tools to reduce attacker foothold and recover system integrity,False
hard,heuristic,full_crisis_episode,18,3,0.9592,0.8,0.9,0.7,1,Patching api_gateway to reduce attacker foothold and recover system integrity,False
hard,heuristic,full_crisis_episode,18,4,0.9575,0.8,1.0,0.5,2,Patching internal_tools to reduce attacker foothold and recover system integrity,False
hard,heuristic,full_crisis_episode,18,5,0.9168,0.8,1.0,0.3,0,"Chose to isolate internal_tools despite conflicting stakeholder signals (Finance, PR may be compromised)",False
hard,heuristic,full_crisis_episode,18,6,0.9152,0.9,1.0,0.4,2,Monitoring internal_tools to track attacker movement without disrupting uptime,False
hard,heuristic,full_crisis_episode,18,7,0.9135,0.9,0.8,0.2,1,Patching database to reduce attacker foothold and recover system integrity,False
hard,heuristic,full_crisis_episode,18,8,0.9118,0.9,0.9,0.0,0,Patching internal_tools to reduce attacker foothold and recover system integrity,False
hard,heuristic,full_crisis_episode,18,9,0.9102,0.9,1.0,0.1,3,Patching internal_tools to reduce attacker foothold and recover system integrity,False
hard,heuristic,full_crisis_episode,18,10,0.9085,0.9,0.8,0.0,1,Patching internal_tools to reduce attacker foothold and recover system integrity,False
hard,heuristic,full_crisis_episode,18,11,0.9068,0.9,0.6,0.1,0,Patching internal_tools to reduce attacker foothold and recover system integrity,False
hard,heuristic,full_crisis_episode,18,12,0.9052,1.0,0.6,0.2,1,Monitoring internal_tools to track attacker movement without disrupting uptime,False
hard,heuristic,full_crisis_episode,18,13,0.9035,1.0,0.7,0.0,1,Patching internal_tools to reduce attacker foothold and recover system integrity,False
hard,heuristic,full_crisis_episode,18,14,0.9018,1.0,0.8,0.1,1,Patching internal_tools to reduce attacker foothold and recover system integrity,False
hard,heuristic,full_crisis_episode,18,15,0.9002,0.8,0.8,0.2,2,Monitoring api_gateway to track attacker movement without disrupting uptime,False
hard,heuristic,full_crisis_episode,18,16,0.8985,0.6,0.8,0.3,0,Monitoring internal_tools to track attacker movement without disrupting uptime,False
hard,heuristic,full_crisis_episode,18,17,0.8968,0.7,0.8,0.4,1,Monitoring internal_tools to track attacker movement without disrupting uptime,False
hard,heuristic,full_crisis_episode,18,18,0.8952,0.5,0.8,0.5,1,Monitoring internal_tools to track attacker movement without disrupting uptime,False
hard,heuristic,full_crisis_episode,18,19,0.8935,0.6,0.8,0.6,1,Monitoring internal_tools to track attacker movement without disrupting uptime,False
hard,heuristic,full_crisis_episode,18,20,0.8918,0.7,0.8,0.4,3,"Increased monitoring on internal_tools — threat level elevated, gathering evidence before committing to isolation",False
hard,heuristic,full_crisis_episode,19,1,0.9625,0.8,0.7,0.8,0,Monitoring comms to track attacker movement without disrupting uptime,False
hard,heuristic,full_crisis_episode,19,2,0.9608,0.8,0.8,0.9,0,Patching api_gateway to reduce attacker foothold and recover system integrity,False
hard,heuristic,full_crisis_episode,19,3,0.9592,0.8,0.9,1.0,3,Patching api_gateway to reduce attacker foothold and recover system integrity,False
hard,heuristic,full_crisis_episode,19,4,0.9575,0.8,0.7,0.8,3,Patching auth_server to reduce attacker foothold and recover system integrity,False
hard,heuristic,full_crisis_episode,19,5,0.9558,0.6,0.7,0.6,3,Monitoring api_gateway to track attacker movement without disrupting uptime,False
hard,heuristic,full_crisis_episode,19,6,0.9542,0.6,0.5,0.4,2,Patching internal_tools to reduce attacker foothold and recover system integrity,False
hard,heuristic,full_crisis_episode,19,7,0.9525,0.6,0.3,0.2,1,Patching internal_tools to reduce attacker foothold and recover system integrity,False
hard,heuristic,full_crisis_episode,19,8,0.9508,0.6,0.4,0.3,0,Patching internal_tools to reduce attacker foothold and recover system integrity,False
hard,heuristic,full_crisis_episode,19,9,0.9492,0.6,0.5,0.4,1,Patching internal_tools to reduce attacker foothold and recover system integrity,False
hard,heuristic,full_crisis_episode,19,10,0.9475,0.6,0.6,0.5,1,Patching internal_tools to reduce attacker foothold and recover system integrity,False
hard,heuristic,full_crisis_episode,19,11,0.9458,0.7,0.6,0.3,0,"Increased monitoring on internal_tools — threat level elevated, gathering evidence before committing to isolation",False
hard,heuristic,full_crisis_episode,19,12,0.9442,0.7,0.7,0.4,1,Patching internal_tools to reduce attacker foothold and recover system integrity,False
hard,heuristic,full_crisis_episode,19,13,0.9425,0.7,0.5,0.5,0,Patching database to reduce attacker foothold and recover system integrity,False
hard,heuristic,full_crisis_episode,19,14,0.9408,0.8,0.5,0.6,2,"Increased monitoring on auth_server — threat level elevated, gathering evidence before committing to isolation",False
hard,heuristic,full_crisis_episode,19,15,0.9392,0.6,0.5,0.4,1,"Increased monitoring on auth_server — threat level elevated, gathering evidence before committing to isolation",False
hard,heuristic,full_crisis_episode,19,16,0.5875,0.7,0.5,0.5,1,"Increased monitoring on auth_server — threat level elevated, gathering evidence before committing to isolation",True
hard,heuristic,full_crisis_episode,20,1,0.9625,0.8,0.7,0.8,0,Monitoring api_gateway to track attacker movement without disrupting uptime,False
hard,heuristic,full_crisis_episode,20,2,0.9608,0.8,0.8,0.9,1,Patching api_gateway to reduce attacker foothold and recover system integrity,False
hard,heuristic,full_crisis_episode,20,3,0.9592,0.8,0.6,1.0,0,Patching api_gateway to reduce attacker foothold and recover system integrity,False
hard,heuristic,full_crisis_episode,20,4,0.9575,0.9,0.6,1.0,1,Monitoring api_gateway to track attacker movement without disrupting uptime,False
hard,heuristic,full_crisis_episode,20,5,0.9558,0.9,0.7,1.0,2,Patching api_gateway to reduce attacker foothold and recover system integrity,False
hard,heuristic,full_crisis_episode,20,6,0.9542,0.9,0.5,1.0,2,Patching internal_tools to reduce attacker foothold and recover system integrity,False
hard,heuristic,full_crisis_episode,20,7,0.9525,0.9,0.3,0.8,1,Patching internal_tools to reduce attacker foothold and recover system integrity,False
hard,heuristic,full_crisis_episode,20,8,0.9508,0.9,0.1,0.9,0,Patching internal_tools to reduce attacker foothold and recover system integrity,False
hard,heuristic,full_crisis_episode,20,9,0.9492,0.9,0.2,1.0,2,Patching internal_tools to reduce attacker foothold and recover system integrity,False
hard,heuristic,full_crisis_episode,20,10,0.9475,0.7,0.2,0.8,2,Monitoring auth_server to track attacker movement without disrupting uptime,False
hard,heuristic,full_crisis_episode,20,11,0.9068,0.7,0.0,0.9,2,"Chose to isolate internal_tools despite conflicting stakeholder signals (Finance, Engineering may be compromised)",False
hard,heuristic,full_crisis_episode,20,12,0.9052,0.7,0.1,0.7,2,Patching internal_tools to reduce attacker foothold and recover system integrity,False
hard,heuristic,full_crisis_episode,20,13,0.9035,0.5,0.1,0.8,2,Monitoring internal_tools to track attacker movement without disrupting uptime,False
hard,heuristic,full_crisis_episode,20,14,0.9018,0.6,0.1,0.6,2,Monitoring internal_tools to track attacker movement without disrupting uptime,False
hard,heuristic,full_crisis_episode,20,15,0.8612,0.6,0.2,0.4,1,"Chose to isolate database despite conflicting stakeholder signals (Finance, PR may be compromised)",False
hard,heuristic,full_crisis_episode,20,16,0.8595,0.4,0.2,0.5,1,"Increased monitoring on auth_server — threat level elevated, gathering evidence before committing to isolation",False
hard,heuristic,full_crisis_episode,20,17,0.8578,0.5,0.2,0.6,1,"Increased monitoring on auth_server — threat level elevated, gathering evidence before committing to isolation",False
hard,heuristic,full_crisis_episode,20,18,0.8437,0.5,0.3,0.4,0,Chose to isolate auth_server despite conflicting stakeholder signals (PR may be compromised),False
hard,heuristic,full_crisis_episode,20,19,0.492,0.6,0.3,0.5,1,No action taken this step — waiting for more information or debate resolution,True
hard,trained,alert_triage,1,1,0.5,0.7,0.7,0.7,0,,True
hard,trained,alert_triage,2,1,0.5,0.7,0.7,0.7,0,,True
hard,trained,alert_triage,3,1,0.6,0.7,0.7,0.7,0,,True
hard,trained,alert_triage,4,1,0.8,0.7,0.7,0.7,0,,True
hard,trained,alert_triage,5,1,0.8,0.7,0.7,0.7,0,,True
hard,trained,alert_triage,6,1,0.6364,0.7,0.7,0.7,0,,True
hard,trained,alert_triage,7,1,0.5,0.7,0.7,0.7,0,,True
hard,trained,alert_triage,8,1,0.4,0.7,0.7,0.7,0,,True
hard,trained,alert_triage,9,1,0.5455,0.7,0.7,0.7,0,,True
hard,trained,alert_triage,10,1,0.8,0.7,0.7,0.7,0,,True
hard,trained,alert_triage,11,1,0.6364,0.7,0.7,0.7,0,,True
hard,trained,alert_triage,12,1,0.5,0.7,0.7,0.7,0,,True
hard,trained,alert_triage,13,1,0.7,0.7,0.7,0.7,0,,True
hard,trained,alert_triage,14,1,0.6,0.7,0.7,0.7,0,,True
hard,trained,alert_triage,15,1,0.7,0.7,0.7,0.7,0,,True
hard,trained,alert_triage,16,1,0.6,0.7,0.7,0.7,0,,True
hard,trained,alert_triage,17,1,0.6364,0.7,0.7,0.7,0,,True
hard,trained,alert_triage,18,1,0.6,0.7,0.7,0.7,0,,True
hard,trained,alert_triage,19,1,0.7,0.7,0.7,0.7,0,,True
hard,trained,alert_triage,20,1,0.7273,0.7,0.7,0.7,0,,True
hard,trained,stakeholder_argument,1,1,0.65,0.7,0.7,0.7,0,,False
hard,trained,stakeholder_argument,1,2,0.8,0.7,0.7,0.7,0,,True
hard,trained,stakeholder_argument,2,1,0.65,0.7,0.7,0.7,0,,False
hard,trained,stakeholder_argument,2,2,0.8,0.7,0.7,0.7,0,,True
hard,trained,stakeholder_argument,3,1,0.65,0.7,0.7,0.7,0,,False
hard,trained,stakeholder_argument,3,2,0.3,0.7,0.7,0.7,0,,True
hard,trained,stakeholder_argument,4,1,0.65,0.7,0.7,0.7,0,,False
hard,trained,stakeholder_argument,4,2,0.8,0.7,0.7,0.7,0,,True
hard,trained,stakeholder_argument,5,1,0.65,0.7,0.7,0.7,0,,False
hard,trained,stakeholder_argument,5,2,0.8,0.7,0.7,0.7,0,,True
hard,trained,stakeholder_argument,6,1,0.65,0.7,0.7,0.7,0,,False
hard,trained,stakeholder_argument,6,2,0.8,0.7,0.7,0.7,0,,True
hard,trained,stakeholder_argument,7,1,0.65,0.7,0.7,0.7,0,,False
hard,trained,stakeholder_argument,7,2,0.3,0.7,0.7,0.7,0,,True
hard,trained,stakeholder_argument,8,1,0.65,0.7,0.7,0.7,0,,False
hard,trained,stakeholder_argument,8,2,0.8,0.7,0.7,0.7,0,,True
hard,trained,stakeholder_argument,9,1,0.65,0.7,0.7,0.7,0,,False
hard,trained,stakeholder_argument,9,2,0.8,0.7,0.7,0.7,0,,True
hard,trained,stakeholder_argument,10,1,0.65,0.7,0.7,0.7,0,,False
hard,trained,stakeholder_argument,10,2,0.3,0.7,0.7,0.7,0,,True
hard,trained,stakeholder_argument,11,1,0.65,0.7,0.7,0.7,0,,False
hard,trained,stakeholder_argument,11,2,0.3,0.7,0.7,0.7,0,,True
hard,trained,stakeholder_argument,12,1,0.65,0.7,0.7,0.7,0,,False
hard,trained,stakeholder_argument,12,2,0.3,0.7,0.7,0.7,0,,True
hard,trained,stakeholder_argument,13,1,0.65,0.7,0.7,0.7,0,,False
hard,trained,stakeholder_argument,13,2,0.3,0.7,0.7,0.7,0,,True
hard,trained,stakeholder_argument,14,1,0.65,0.7,0.7,0.7,0,,False
hard,trained,stakeholder_argument,14,2,0.3,0.7,0.7,0.7,0,,True
hard,trained,stakeholder_argument,15,1,0.65,0.7,0.7,0.7,0,,False
hard,trained,stakeholder_argument,15,2,0.3,0.7,0.7,0.7,0,,True
hard,trained,stakeholder_argument,16,1,0.65,0.7,0.7,0.7,0,,False
hard,trained,stakeholder_argument,16,2,0.3,0.7,0.7,0.7,0,,True
hard,trained,stakeholder_argument,17,1,0.65,0.7,0.7,0.7,0,,False
hard,trained,stakeholder_argument,17,2,0.3,0.7,0.7,0.7,0,,True
hard,trained,stakeholder_argument,18,1,0.65,0.7,0.7,0.7,0,,False
hard,trained,stakeholder_argument,18,2,0.3,0.7,0.7,0.7,0,,True
hard,trained,stakeholder_argument,19,1,0.65,0.7,0.7,0.7,0,,False
hard,trained,stakeholder_argument,19,2,0.8,0.7,0.7,0.7,0,,True
hard,trained,stakeholder_argument,20,1,0.65,0.7,0.7,0.7,0,,False
hard,trained,stakeholder_argument,20,2,0.8,0.7,0.7,0.7,0,,True
hard,trained,full_crisis_episode,1,1,0.9625,0.7,0.8,0.8,1,Patching api_gateway to reduce attacker foothold and recover system integrity,False
hard,trained,full_crisis_episode,1,2,0.9608,0.5,0.8,0.9,1,Monitoring api_gateway to track attacker movement without disrupting uptime,False
hard,trained,full_crisis_episode,1,3,0.9592,0.3,0.8,1.0,1,Monitoring api_gateway to track attacker movement without disrupting uptime,False
hard,trained,full_crisis_episode,1,4,0.9575,0.4,0.8,0.8,1,"Increased monitoring on internal_tools — threat level elevated, gathering evidence before committing to isolation",False
hard,trained,full_crisis_episode,1,5,0.9558,0.2,0.8,0.9,1,"Increased monitoring on internal_tools — threat level elevated, gathering evidence before committing to isolation",False
hard,trained,full_crisis_episode,1,6,0.9417,0.2,0.6,1.0,1,Chose to isolate auth_server despite conflicting stakeholder signals (Engineering may be compromised),False
hard,trained,full_crisis_episode,1,7,0.9525,0.3,0.6,1.0,2,Sending situational update to maintain stakeholder alignment,False
hard,trained,full_crisis_episode,1,8,0.5883,0.3,0.4,0.8,0,"Chose to isolate auth_server despite conflicting stakeholder signals (Engineering, PR may be compromised)",True
hard,trained,full_crisis_episode,2,1,0.9625,0.8,0.7,0.8,1,Monitoring internal_tools to track attacker movement without disrupting uptime,False
hard,trained,full_crisis_episode,2,2,0.9218,0.8,0.8,0.6,1,Chose to isolate api_gateway despite conflicting stakeholder signals (PR may be compromised),False
hard,trained,full_crisis_episode,2,3,0.9202,0.8,0.9,0.7,1,Patching api_gateway to reduce attacker foothold and recover system integrity,False
hard,trained,full_crisis_episode,2,4,0.9185,0.9,0.9,0.8,1,Monitoring database to track attacker movement without disrupting uptime,False
hard,trained,full_crisis_episode,2,5,0.9168,1.0,0.9,0.6,0,Monitoring api_gateway to track attacker movement without disrupting uptime,False
hard,trained,full_crisis_episode,2,6,0.9152,1.0,1.0,0.7,0,Patching api_gateway to reduce attacker foothold and recover system integrity,False
hard,trained,full_crisis_episode,2,7,0.9135,1.0,1.0,0.8,2,Patching internal_tools to reduce attacker foothold and recover system integrity,False
hard,trained,full_crisis_episode,2,8,0.9118,1.0,0.8,0.6,2,Patching database to reduce attacker foothold and recover system integrity,False
hard,trained,full_crisis_episode,2,9,0.9102,1.0,0.9,0.4,0,Patching api_gateway to reduce attacker foothold and recover system integrity,False
hard,trained,full_crisis_episode,2,10,0.9085,1.0,1.0,0.5,2,Patching api_gateway to reduce attacker foothold and recover system integrity,False
hard,trained,full_crisis_episode,2,11,0.9068,1.0,1.0,0.3,2,Monitoring api_gateway to track attacker movement without disrupting uptime,False
hard,trained,full_crisis_episode,2,12,0.9052,1.0,0.8,0.4,1,Patching api_gateway to reduce attacker foothold and recover system integrity,False
hard,trained,full_crisis_episode,2,13,0.9035,1.0,0.9,0.2,0,Patching api_gateway to reduce attacker foothold and recover system integrity,False
hard,trained,full_crisis_episode,2,14,0.9018,1.0,1.0,0.3,0,Patching api_gateway to reduce attacker foothold and recover system integrity,False
hard,trained,full_crisis_episode,2,15,0.9002,1.0,1.0,0.4,0,Patching api_gateway to reduce attacker foothold and recover system integrity,False
hard,trained,full_crisis_episode,2,16,0.8985,1.0,1.0,0.5,1,Monitoring api_gateway to track attacker movement without disrupting uptime,False
hard,trained,full_crisis_episode,2,17,0.8968,0.8,1.0,0.6,0,Monitoring api_gateway to track attacker movement without disrupting uptime,False
hard,trained,full_crisis_episode,2,18,0.8952,0.8,1.0,0.7,0,Patching api_gateway to reduce attacker foothold and recover system integrity,False
hard,trained,full_crisis_episode,2,19,0.8935,0.8,1.0,0.8,0,Patching api_gateway to reduce attacker foothold and recover system integrity,False
hard,trained,full_crisis_episode,2,20,0.8918,0.8,1.0,0.9,0,Patching api_gateway to reduce attacker foothold and recover system integrity,False
hard,trained,full_crisis_episode,3,1,0.9625,0.7,0.8,0.8,1,Patching api_gateway to reduce attacker foothold and recover system integrity,False
hard,trained,full_crisis_episode,3,2,0.9208,0.7,0.8,0.9,1,Investigating due to uncertainty in alert validity,False
hard,trained,full_crisis_episode,3,3,0.9192,0.7,0.8,0.7,2,Investigating due to uncertainty in alert validity — high severity signals present but source unconfirmed,False
hard,trained,full_crisis_episode,3,4,0.9575,0.5,0.8,0.5,1,"Increased monitoring on internal_tools — threat level elevated, gathering evidence before committing to isolation",False
hard,trained,full_crisis_episode,3,5,0.9558,0.3,0.8,0.6,0,"Increased monitoring on internal_tools — threat level elevated, gathering evidence before committing to isolation",False
hard,trained,full_crisis_episode,3,6,0.9542,0.4,0.8,0.7,1,"Increased monitoring on internal_tools — threat level elevated, gathering evidence before committing to isolation",False
hard,trained,full_crisis_episode,3,7,0.9525,0.2,0.8,0.8,0,"Increased monitoring on auth_server — threat level elevated, gathering evidence before committing to isolation",False
hard,trained,full_crisis_episode,3,8,0.9383,0.2,0.9,0.9,1,Chose to isolate auth_server due to high severity alerts and engineering alignment,False
hard,trained,full_crisis_episode,3,9,0.9492,0.0,0.9,0.9,2,Sending situational update to maintain stakeholder alignment,False
hard,trained,full_crisis_episode,3,10,0.935,0.0,0.7,1.0,0,"Chose to isolate auth_server despite conflicting stakeholder signals (Finance, Engineering may be compromised)",False
hard,trained,full_crisis_episode,3,11,0.5958,0.1,0.7,1.0,0,Sending situational update to maintain stakeholder alignment,True
hard,trained,full_crisis_episode,4,1,0.9625,0.7,0.8,0.8,2,Patching api_gateway to reduce attacker foothold and recover system integrity,False
hard,trained,full_crisis_episode,4,2,0.9608,0.7,0.6,0.9,2,Patching api_gateway to reduce attacker foothold and recover system integrity,False
hard,trained,full_crisis_episode,4,3,1.0,0.7,0.6,1.0,0,Investigating due to uncertainty in alert validity — high severity signals present but source unconfirmed,False
hard,trained,full_crisis_episode,4,4,0.9575,0.8,0.6,1.0,2,Monitoring api_gateway to track attacker movement without disrupting uptime,False
hard,trained,full_crisis_episode,4,5,0.9558,0.6,0.6,0.8,3,"Increased monitoring on internal_tools — threat level elevated, gathering evidence before committing to isolation",False
hard,trained,full_crisis_episode,4,6,0.9542,0.4,0.6,0.6,0,"Increased monitoring on internal_tools — threat level elevated, gathering evidence before committing to isolation",False
hard,trained,full_crisis_episode,4,7,0.9525,0.5,0.6,0.7,2,"Increased monitoring on auth_server — threat level elevated, gathering evidence before committing to isolation",False
hard,trained,full_crisis_episode,4,8,0.9383,0.5,0.4,0.5,0,"Chose to isolate auth_server despite conflicting stakeholder signals (Engineering, PR may be compromised)",False
hard,trained,full_crisis_episode,4,9,0.5602,0.6,0.4,0.5,1,Sending situational update to maintain stakeholder alignment,True
hard,trained,full_crisis_episode,5,1,0.9625,0.8,0.7,0.8,0,Monitoring internal_tools to track attacker movement without disrupting uptime,False
hard,trained,full_crisis_episode,5,2,0.9608,0.9,0.7,0.9,0,Monitoring api_gateway to track attacker movement without disrupting uptime,False
hard,trained,full_crisis_episode,5,3,0.9192,0.9,0.7,1.0,1,Investigating due to uncertainty in alert validity — high severity signals present but source unconfirmed,False
hard,trained,full_crisis_episode,5,4,0.9575,0.7,0.7,1.0,1,Monitoring api_gateway to track attacker movement without disrupting uptime,False
hard,trained,full_crisis_episode,5,5,0.9558,0.8,0.7,0.8,1,"Increased monitoring on internal_tools — threat level elevated, gathering evidence before committing to isolation",False
hard,trained,full_crisis_episode,5,6,0.9542,0.9,0.7,0.9,2,"Increased monitoring on internal_tools — threat level elevated, gathering evidence before committing to isolation",False
hard,trained,full_crisis_episode,5,7,0.9525,1.0,0.7,0.7,1,"Increased monitoring on auth_server — threat level elevated, gathering evidence before committing to isolation",False
hard,trained,full_crisis_episode,5,8,0.9383,1.0,0.8,0.8,2,Chose to isolate auth_server despite conflicting stakeholder signals (Finance may be compromised),False
hard,trained,full_crisis_episode,5,9,0.9102,0.8,0.8,0.8,2,Sending situational update to maintain stakeholder alignment,False
hard,trained,full_crisis_episode,5,10,0.8695,0.8,0.6,0.6,2,"Chose to isolate database despite conflicting stakeholder signals (Engineering, PR may be compromised)",False
hard,trained,full_crisis_episode,5,11,0.8678,0.9,0.6,0.4,1,"Increased monitoring on database — threat level elevated, gathering evidence before committing to isolation",False
hard,trained,full_crisis_episode,5,12,0.8662,0.9,0.7,0.2,0,Chose to isolate database despite conflicting stakeholder signals (PR may be compromised),False
hard,trained,full_crisis_episode,5,13,0.8645,0.9,0.8,0.3,1,Chose to isolate database due to low confidence signals and engineering alignment,False
hard,trained,full_crisis_episode,5,14,0.5128,0.9,0.9,0.4,1,Chose to isolate database despite conflicting stakeholder signals (Finance may be compromised),True
hard,trained,full_crisis_episode,6,1,0.9625,0.8,0.7,0.8,0,Monitoring api_gateway to track attacker movement without disrupting uptime,False
hard,trained,full_crisis_episode,6,2,0.9608,0.8,0.8,0.9,2,Patching api_gateway to reduce attacker foothold and recover system integrity,False
hard,trained,full_crisis_episode,6,3,0.9592,0.8,0.6,1.0,0,Patching api_gateway to reduce attacker foothold and recover system integrity,False
hard,trained,full_crisis_episode,6,4,0.9575,0.8,0.7,1.0,1,Patching api_gateway to reduce attacker foothold and recover system integrity,False
hard,trained,full_crisis_episode,6,5,0.9558,0.8,0.5,1.0,0,Patching api_gateway to reduce attacker foothold and recover system integrity,False
hard,trained,full_crisis_episode,6,6,0.9542,0.8,0.6,1.0,1,Patching api_gateway to reduce attacker foothold and recover system integrity,False
hard,trained,full_crisis_episode,6,7,0.9525,0.8,0.4,1.0,1,Patching api_gateway to reduce attacker foothold and recover system integrity,False
hard,trained,full_crisis_episode,6,8,0.9508,0.9,0.4,1.0,1,Monitoring api_gateway to track attacker movement without disrupting uptime,False
hard,trained,full_crisis_episode,6,9,0.9102,0.9,0.5,0.8,1,Chose to isolate api_gateway despite conflicting stakeholder signals (PR may be compromised),False
hard,trained,full_crisis_episode,6,10,0.9085,0.9,0.6,0.9,2,Patching auth_server to reduce attacker foothold and recover system integrity,False
hard,trained,full_crisis_episode,6,11,0.9068,0.9,0.4,0.7,1,Patching api_gateway to reduce attacker foothold and recover system integrity,False
hard,trained,full_crisis_episode,6,12,0.9052,0.9,0.2,0.8,1,Patching api_gateway to reduce attacker foothold and recover system integrity,False
hard,trained,full_crisis_episode,6,13,0.8645,0.9,0.0,0.9,0,Chose to isolate comms despite conflicting stakeholder signals (Engineering may be compromised),False
hard,trained,full_crisis_episode,6,14,0.8628,0.9,0.1,1.0,0,Patching api_gateway to reduce attacker foothold and recover system integrity,False
hard,trained,full_crisis_episode,6,15,0.8612,0.9,0.2,1.0,1,Patching api_gateway to reduce attacker foothold and recover system integrity,False
hard,trained,full_crisis_episode,6,16,0.8595,0.9,0.3,0.8,1,Patching api_gateway to reduce attacker foothold and recover system integrity,False
hard,trained,full_crisis_episode,6,17,0.8578,0.9,0.4,0.6,1,Patching api_gateway to reduce attacker foothold and recover system integrity,False
hard,trained,full_crisis_episode,6,18,0.8562,1.0,0.4,0.7,1,Monitoring api_gateway to track attacker movement without disrupting uptime,False
hard,trained,full_crisis_episode,6,19,0.8545,1.0,0.2,0.8,2,Patching api_gateway to reduce attacker foothold and recover system integrity,False
hard,trained,full_crisis_episode,6,20,0.8528,1.0,0.0,0.9,2,Patching api_gateway to reduce attacker foothold and recover system integrity,False
hard,trained,full_crisis_episode,7,1,0.9625,0.7,0.8,0.8,2,Patching api_gateway to reduce attacker foothold and recover system integrity,False
hard,trained,full_crisis_episode,7,2,0.9208,0.7,0.8,0.9,1,Investigating due to uncertainty in alert validity — high severity signals present but source unconfirmed,False
hard,trained,full_crisis_episode,7,3,0.9192,0.7,0.8,1.0,2,Investigating due to uncertainty in alert validity,False
hard,trained,full_crisis_episode,7,4,0.9575,0.5,0.8,0.8,2,"Increased monitoring on internal_tools — threat level elevated, gathering evidence before committing to isolation",False
hard,trained,full_crisis_episode,7,5,0.9558,0.6,0.8,0.6,1,"Increased monitoring on internal_tools — threat level elevated, gathering evidence before committing to isolation",False
hard,trained,full_crisis_episode,7,6,0.9417,0.6,0.9,0.4,1,Chose to isolate auth_server despite conflicting stakeholder signals (PR may be compromised),False
hard,trained,full_crisis_episode,7,7,0.6025,0.4,0.9,0.4,0,Sending situational update to maintain stakeholder alignment,True
hard,trained,full_crisis_episode,8,1,0.9625,0.7,0.8,0.8,2,Patching api_gateway to reduce attacker foothold and recover system integrity,False
hard,trained,full_crisis_episode,8,2,0.9608,0.7,0.9,0.6,2,Patching api_gateway to reduce attacker foothold and recover system integrity,False
hard,trained,full_crisis_episode,8,3,0.9192,0.7,0.9,0.4,1,Investigating due to uncertainty in alert validity,False
hard,trained,full_crisis_episode,8,4,0.9575,0.8,0.9,0.5,0,Monitoring api_gateway to track attacker movement without disrupting uptime,False
hard,trained,full_crisis_episode,8,5,0.9558,0.9,0.9,0.6,2,Monitoring api_gateway to track attacker movement without disrupting uptime,False
hard,trained,full_crisis_episode,8,6,0.9542,0.7,0.9,0.4,3,"Increased monitoring on internal_tools — threat level elevated, gathering evidence before committing to isolation",False
hard,trained,full_crisis_episode,8,7,0.9525,0.5,0.9,0.2,0,"Increased monitoring on internal_tools — threat level elevated, gathering evidence before committing to isolation",False
hard,trained,full_crisis_episode,8,8,0.9383,0.5,1.0,0.3,2,Chose to isolate auth_server due to high severity alerts and engineering alignment,False
hard,trained,full_crisis_episode,8,9,0.5992,0.3,1.0,0.3,1,Sending situational update to maintain stakeholder alignment,True
hard,trained,full_crisis_episode,9,1,0.9625,0.8,0.7,0.8,1,Monitoring internal_tools to track attacker movement without disrupting uptime,False
hard,trained,full_crisis_episode,9,2,0.9608,0.8,0.8,0.6,1,Patching api_gateway to reduce attacker foothold and recover system integrity,False
hard,trained,full_crisis_episode,9,3,0.9192,0.8,0.8,0.7,1,Investigating due to uncertainty in alert validity — high severity signals present but source unconfirmed,False
hard,trained,full_crisis_episode,9,4,0.9185,0.8,0.6,0.8,1,Chose to isolate api_gateway despite conflicting stakeholder signals (Engineering may be compromised),False
hard,trained,full_crisis_episode,9,5,0.9168,0.9,0.6,0.9,0,Monitoring internal_tools to track attacker movement without disrupting uptime,False
hard,trained,full_crisis_episode,9,6,0.9152,1.0,0.6,1.0,3,Monitoring api_gateway to track attacker movement without disrupting uptime,False
hard,trained,full_crisis_episode,9,7,0.9135,0.8,0.6,0.8,0,Monitoring api_gateway to track attacker movement without disrupting uptime,False
hard,trained,full_crisis_episode,9,8,0.9118,0.9,0.6,0.9,0,Monitoring internal_tools to track attacker movement without disrupting uptime,False
hard,trained,full_crisis_episode,9,9,0.9102,1.0,0.6,1.0,2,Monitoring internal_tools to track attacker movement without disrupting uptime,False
hard,trained,full_crisis_episode,9,10,0.9085,0.8,0.6,1.0,1,"Increased monitoring on internal_tools — threat level elevated, gathering evidence before committing to isolation",False
hard,trained,full_crisis_episode,9,11,0.9068,0.9,0.6,0.8,3,"Increased monitoring on internal_tools — threat level elevated, gathering evidence before committing to isolation",False
hard,trained,full_crisis_episode,9,12,0.9052,0.7,0.6,0.6,1,"Increased monitoring on internal_tools — threat level elevated, gathering evidence before committing to isolation",False
hard,trained,full_crisis_episode,9,13,0.891,0.7,0.4,0.7,1,Chose to isolate auth_server despite conflicting stakeholder signals (Engineering may be compromised),False
hard,trained,full_crisis_episode,9,14,0.5128,0.8,0.4,0.7,1,Sending situational update to maintain stakeholder alignment,True
hard,trained,full_crisis_episode,10,1,0.9625,0.8,0.7,0.8,0,Monitoring internal_tools to track attacker movement without disrupting uptime,False
hard,trained,full_crisis_episode,10,2,0.9208,0.8,0.7,0.9,1,Investigating due to uncertainty in alert validity,False
hard,trained,full_crisis_episode,10,3,0.9592,0.8,0.8,1.0,1,Patching api_gateway to reduce attacker foothold and recover system integrity,False
hard,trained,full_crisis_episode,10,4,0.9185,0.8,0.6,1.0,2,Chose to isolate api_gateway despite conflicting stakeholder signals (Engineering may be compromised),False
hard,trained,full_crisis_episode,10,5,0.9168,0.6,0.6,1.0,1,Monitoring api_gateway to track attacker movement without disrupting uptime,False
hard,trained,full_crisis_episode,10,6,0.9152,0.7,0.6,1.0,1,"Increased monitoring on internal_tools — threat level elevated, gathering evidence before committing to isolation",False
hard,trained,full_crisis_episode,10,7,0.9135,0.8,0.6,0.8,0,"Increased monitoring on internal_tools — threat level elevated, gathering evidence before committing to isolation",False
hard,trained,full_crisis_episode,10,8,0.9118,0.9,0.6,0.9,1,"Increased monitoring on internal_tools — threat level elevated, gathering evidence before committing to isolation",False
hard,trained,full_crisis_episode,10,9,0.9102,1.0,0.6,1.0,0,"Increased monitoring on internal_tools — threat level elevated, gathering evidence before committing to isolation",False
hard,trained,full_crisis_episode,10,10,0.9085,1.0,0.6,1.0,3,"Increased monitoring on auth_server — threat level elevated, gathering evidence before committing to isolation",False
hard,trained,full_crisis_episode,10,11,0.8943,1.0,0.4,0.8,1,"Chose to isolate auth_server despite conflicting stakeholder signals (Finance, Engineering, PR may be compromised)",False
hard,trained,full_crisis_episode,10,12,0.9052,1.0,0.4,0.8,1,Sending situational update to maintain stakeholder alignment,False
hard,trained,full_crisis_episode,10,13,0.8645,1.0,0.2,0.9,1,Chose to isolate database despite conflicting stakeholder signals (Engineering may be compromised),False
hard,trained,full_crisis_episode,10,14,0.8628,1.0,0.2,1.0,2,"Increased monitoring on database — threat level elevated, gathering evidence before committing to isolation",False
hard,trained,full_crisis_episode,10,15,0.8612,1.0,0.0,0.8,1,"Chose to isolate database despite conflicting stakeholder signals (Engineering, PR may be compromised)",False
hard,trained,full_crisis_episode,10,16,0.8595,1.0,0.0,0.9,0,Chose to isolate database despite conflicting stakeholder signals (Engineering may be compromised),False
hard,trained,full_crisis_episode,10,17,0.8578,1.0,0.1,1.0,1,Chose to isolate database due to high severity alerts and engineering alignment,False
hard,trained,full_crisis_episode,10,18,0.5062,1.0,0.0,1.0,1,Chose to isolate database despite conflicting stakeholder signals (Engineering may be compromised),True
hard,trained,full_crisis_episode,11,1,0.9625,0.8,0.7,0.8,0,Monitoring internal_tools to track attacker movement without disrupting uptime,False
hard,trained,full_crisis_episode,11,2,1.0,0.8,0.7,0.9,0,Investigating due to uncertainty in alert validity,False
hard,trained,full_crisis_episode,11,3,0.9192,0.8,0.7,1.0,1,Investigating due to uncertainty in alert validity — high severity signals present but source unconfirmed,False
hard,trained,full_crisis_episode,11,4,0.9575,0.6,0.7,1.0,2,"Increased monitoring on internal_tools — threat level elevated, gathering evidence before committing to isolation",False
hard,trained,full_crisis_episode,11,5,0.9558,0.7,0.7,0.8,1,"Increased monitoring on internal_tools — threat level elevated, gathering evidence before committing to isolation",False
hard,trained,full_crisis_episode,11,6,0.9542,0.5,0.7,0.9,1,"Increased monitoring on auth_server — threat level elevated, gathering evidence before committing to isolation",False
hard,trained,full_crisis_episode,11,7,0.9525,0.3,0.7,1.0,1,"Increased monitoring on auth_server — threat level elevated, gathering evidence before committing to isolation",False
hard,trained,full_crisis_episode,11,8,0.5883,0.3,0.8,0.8,2,Chose to isolate auth_server despite conflicting stakeholder signals (PR may be compromised),True
hard,trained,full_crisis_episode,12,1,0.9625,0.8,0.7,0.8,0,Monitoring comms to track attacker movement without disrupting uptime,False
hard,trained,full_crisis_episode,12,2,0.9208,0.8,0.7,0.9,2,Investigating due to uncertainty in alert validity,False
hard,trained,full_crisis_episode,12,3,1.0,0.8,0.7,1.0,1,Investigating due to uncertainty in alert validity,False
hard,trained,full_crisis_episode,12,4,0.9575,0.6,0.7,1.0,0,"Increased monitoring on internal_tools — threat level elevated, gathering evidence before committing to isolation",False
hard,trained,full_crisis_episode,12,5,0.9558,0.7,0.7,1.0,2,"Increased monitoring on internal_tools — threat level elevated, gathering evidence before committing to isolation",False
hard,trained,full_crisis_episode,12,6,0.9417,0.7,0.8,0.8,1,"Chose to isolate auth_server despite conflicting stakeholder signals (Finance, PR may be compromised)",False
hard,trained,full_crisis_episode,12,7,0.9135,0.8,0.8,0.8,2,Sending situational update to maintain stakeholder alignment,False
hard,trained,full_crisis_episode,12,8,0.8728,0.8,0.9,0.6,1,"Chose to isolate database despite conflicting stakeholder signals (Finance, PR may be compromised)",False
hard,trained,full_crisis_episode,12,9,0.8712,0.8,1.0,0.4,1,Chose to isolate database despite conflicting stakeholder signals (PR may be compromised),False
hard,trained,full_crisis_episode,12,10,0.8695,0.6,1.0,0.5,1,"Increased monitoring on database — threat level elevated, gathering evidence before committing to isolation",False
hard,trained,full_crisis_episode,12,11,0.8678,0.6,1.0,0.6,2,Chose to isolate database despite conflicting stakeholder signals (Finance may be compromised),False
hard,trained,full_crisis_episode,12,12,0.8662,0.6,1.0,0.4,2,"Chose to isolate database despite conflicting stakeholder signals (Finance, PR may be compromised)",False
hard,trained,full_crisis_episode,12,13,0.8645,0.4,1.0,0.2,2,"Increased monitoring on database — threat level elevated, gathering evidence before committing to isolation",False
hard,trained,full_crisis_episode,12,14,0.5128,0.5,1.0,0.0,0,"Increased monitoring on database — threat level elevated, gathering evidence before committing to isolation",True
hard,trained,full_crisis_episode,13,1,0.9625,0.7,0.8,0.8,1,Patching api_gateway to reduce attacker foothold and recover system integrity,False
hard,trained,full_crisis_episode,13,2,0.9208,0.7,0.8,0.9,2,Investigating due to uncertainty in alert validity,False
hard,trained,full_crisis_episode,13,3,1.0,0.7,0.8,0.7,2,Investigating due to uncertainty in alert validity,False
hard,trained,full_crisis_episode,13,4,0.9575,0.5,0.8,0.8,2,Monitoring api_gateway to track attacker movement without disrupting uptime,False
hard,trained,full_crisis_episode,13,5,0.9558,0.3,0.8,0.6,1,Monitoring internal_tools to track attacker movement without disrupting uptime,False
hard,trained,full_crisis_episode,13,6,0.9542,0.1,0.8,0.7,2,Monitoring internal_tools to track attacker movement without disrupting uptime,False
hard,trained,full_crisis_episode,13,7,0.9525,0.2,0.8,0.5,1,"Increased monitoring on internal_tools — threat level elevated, gathering evidence before committing to isolation",False
hard,trained,full_crisis_episode,13,8,0.9508,0.0,0.8,0.6,0,"Increased monitoring on internal_tools — threat level elevated, gathering evidence before committing to isolation",False
hard,trained,full_crisis_episode,13,9,0.9367,0.0,0.9,0.7,1,Chose to isolate auth_server due to low confidence signals and engineering alignment,False
hard,trained,full_crisis_episode,13,10,0.5975,0.1,0.9,0.7,0,Sending situational update to maintain stakeholder alignment,True
hard,trained,full_crisis_episode,14,1,0.9625,0.7,0.8,0.8,1,Patching api_gateway to reduce attacker foothold and recover system integrity,False
hard,trained,full_crisis_episode,14,2,1.0,0.7,0.8,0.9,2,Investigating due to uncertainty in alert validity — high severity signals present but source unconfirmed,False
hard,trained,full_crisis_episode,14,3,0.9192,0.7,0.8,0.7,1,Investigating due to uncertainty in alert validity,False
hard,trained,full_crisis_episode,14,4,0.9575,0.8,0.8,0.5,0,"Increased monitoring on internal_tools — threat level elevated, gathering evidence before committing to isolation",False
hard,trained,full_crisis_episode,14,5,0.9558,0.9,0.8,0.6,2,"Increased monitoring on internal_tools — threat level elevated, gathering evidence before committing to isolation",False
hard,trained,full_crisis_episode,14,6,0.9542,0.7,0.8,0.7,1,"Increased monitoring on auth_server — threat level elevated, gathering evidence before committing to isolation",False
hard,trained,full_crisis_episode,14,7,0.94,0.7,0.6,0.8,1,Chose to isolate auth_server despite conflicting stakeholder signals (Engineering may be compromised),False
hard,trained,full_crisis_episode,14,8,0.6008,0.8,0.6,0.8,1,Sending situational update to maintain stakeholder alignment,True
hard,trained,full_crisis_episode,15,1,0.9625,0.8,0.7,0.8,1,Monitoring api_gateway to track attacker movement without disrupting uptime,False
hard,trained,full_crisis_episode,15,2,0.9208,0.8,0.7,0.9,2,Investigating due to uncertainty in alert validity,False
hard,trained,full_crisis_episode,15,3,0.9192,0.8,0.7,0.7,0,Investigating due to uncertainty in alert validity — high severity signals present but source unconfirmed,False
hard,trained,full_crisis_episode,15,4,0.9575,0.9,0.7,0.8,2,Monitoring api_gateway to track attacker movement without disrupting uptime,False
hard,trained,full_crisis_episode,15,5,0.9558,1.0,0.7,0.6,2,"Increased monitoring on internal_tools — threat level elevated, gathering evidence before committing to isolation",False
hard,trained,full_crisis_episode,15,6,0.9542,1.0,0.7,0.4,1,"Increased monitoring on internal_tools — threat level elevated, gathering evidence before committing to isolation",False
hard,trained,full_crisis_episode,15,7,0.94,1.0,0.8,0.5,1,Chose to isolate auth_server despite conflicting stakeholder signals (Finance may be compromised),False
hard,trained,full_crisis_episode,15,8,0.6008,1.0,0.8,0.5,1,Sending situational update to maintain stakeholder alignment,True
hard,trained,full_crisis_episode,16,1,0.9625,0.7,0.8,0.8,0,Patching api_gateway to reduce attacker foothold and recover system integrity,False
hard,trained,full_crisis_episode,16,2,1.0,0.7,0.8,0.9,0,Investigating due to uncertainty in alert validity,False
hard,trained,full_crisis_episode,16,3,0.9592,0.8,0.8,1.0,2,Monitoring api_gateway to track attacker movement without disrupting uptime,False
hard,trained,full_crisis_episode,16,4,0.9575,0.6,0.8,0.8,3,"Increased monitoring on internal_tools — threat level elevated, gathering evidence before committing to isolation",False
hard,trained,full_crisis_episode,16,5,0.9558,0.4,0.8,0.6,1,"Increased monitoring on internal_tools — threat level elevated, gathering evidence before committing to isolation",False
hard,trained,full_crisis_episode,16,6,0.9542,0.5,0.8,0.7,1,"Increased monitoring on auth_server — threat level elevated, gathering evidence before committing to isolation",False
hard,trained,full_crisis_episode,16,7,0.9525,0.6,0.8,0.8,1,"Increased monitoring on auth_server — threat level elevated, gathering evidence before committing to isolation",False
hard,trained,full_crisis_episode,16,8,0.5883,0.6,0.9,0.6,1,Chose to isolate auth_server despite conflicting stakeholder signals (PR may be compromised),True
hard,trained,full_crisis_episode,17,1,0.9625,0.8,0.7,0.8,0,Monitoring comms to track attacker movement without disrupting uptime,False
hard,trained,full_crisis_episode,17,2,0.9208,0.8,0.7,0.9,1,Investigating due to uncertainty in alert validity — high severity signals present but source unconfirmed,False
hard,trained,full_crisis_episode,17,3,0.9592,0.6,0.7,1.0,2,Monitoring api_gateway to track attacker movement without disrupting uptime,False
hard,trained,full_crisis_episode,17,4,0.9575,0.7,0.7,0.8,1,"Increased monitoring on internal_tools — threat level elevated, gathering evidence before committing to isolation",False
hard,trained,full_crisis_episode,17,5,0.9558,0.8,0.7,0.6,1,"Increased monitoring on internal_tools — threat level elevated, gathering evidence before committing to isolation",False
hard,trained,full_crisis_episode,17,6,0.9417,0.8,0.5,0.7,0,Chose to isolate auth_server despite conflicting stakeholder signals (Engineering may be compromised),False
hard,trained,full_crisis_episode,17,7,0.5635,0.9,0.5,0.7,1,Sending situational update to maintain stakeholder alignment,True
hard,trained,full_crisis_episode,18,1,0.9625,0.7,0.8,0.8,2,Patching api_gateway to reduce attacker foothold and recover system integrity,False
hard,trained,full_crisis_episode,18,2,0.9208,0.7,0.8,0.6,1,Investigating due to uncertainty in alert validity — high severity signals present but source unconfirmed,False
hard,trained,full_crisis_episode,18,3,0.9592,0.5,0.8,0.7,1,Monitoring api_gateway to track attacker movement without disrupting uptime,False
hard,trained,full_crisis_episode,18,4,0.9575,0.6,0.8,0.5,2,"Increased monitoring on internal_tools — threat level elevated, gathering evidence before committing to isolation",False
hard,trained,full_crisis_episode,18,5,0.9558,0.4,0.8,0.3,0,"Increased monitoring on internal_tools — threat level elevated, gathering evidence before committing to isolation",False
hard,trained,full_crisis_episode,18,6,0.9542,0.5,0.8,0.4,2,"Increased monitoring on internal_tools — threat level elevated, gathering evidence before committing to isolation",False
hard,trained,full_crisis_episode,18,7,0.94,0.5,0.6,0.2,1,"Chose to isolate auth_server despite conflicting stakeholder signals (Engineering, PR may be compromised)",False
hard,trained,full_crisis_episode,18,8,0.9508,0.6,0.6,0.2,0,Sending situational update to maintain stakeholder alignment,False
hard,trained,full_crisis_episode,18,9,0.5867,0.6,0.7,0.3,3,Chose to isolate auth_server due to high severity alerts and engineering alignment,True
hard,trained,full_crisis_episode,19,1,0.9625,0.8,0.7,0.8,0,Monitoring comms to track attacker movement without disrupting uptime,False
hard,trained,full_crisis_episode,19,2,0.9608,0.8,0.8,0.9,0,Patching api_gateway to reduce attacker foothold and recover system integrity,False
hard,trained,full_crisis_episode,19,3,1.0,0.8,0.8,1.0,3,Investigating due to uncertainty in alert validity,False
hard,trained,full_crisis_episode,19,4,0.9575,0.8,0.6,0.8,3,Patching api_gateway to reduce attacker foothold and recover system integrity,False
hard,trained,full_crisis_episode,19,5,0.9558,0.8,0.4,0.6,3,Patching api_gateway to reduce attacker foothold and recover system integrity,False
hard,trained,full_crisis_episode,19,6,0.9542,0.8,0.2,0.4,2,Patching api_gateway to reduce attacker foothold and recover system integrity,False
hard,trained,full_crisis_episode,19,7,0.9525,0.8,0.0,0.2,1,Patching api_gateway to reduce attacker foothold and recover system integrity,False
hard,trained,full_crisis_episode,19,8,0.9508,0.8,0.1,0.3,0,Patching api_gateway to reduce attacker foothold and recover system integrity,False
hard,trained,full_crisis_episode,19,9,0.9492,0.8,0.2,0.4,1,Patching api_gateway to reduce attacker foothold and recover system integrity,False
hard,trained,full_crisis_episode,19,10,0.9475,0.8,0.3,0.5,1,Patching api_gateway to reduce attacker foothold and recover system integrity,False
hard,trained,full_crisis_episode,19,11,0.9458,0.8,0.4,0.3,0,Patching api_gateway to reduce attacker foothold and recover system integrity,False
hard,trained,full_crisis_episode,19,12,0.9442,0.8,0.5,0.4,1,Patching api_gateway to reduce attacker foothold and recover system integrity,False
hard,trained,full_crisis_episode,19,13,0.9425,0.8,0.3,0.5,0,Patching api_gateway to reduce attacker foothold and recover system integrity,False
hard,trained,full_crisis_episode,19,14,0.9408,0.9,0.3,0.6,2,Monitoring auth_server to track attacker movement without disrupting uptime,False
hard,trained,full_crisis_episode,19,15,0.9392,0.7,0.3,0.4,1,Monitoring api_gateway to track attacker movement without disrupting uptime,False
hard,trained,full_crisis_episode,19,16,0.9375,0.8,0.3,0.5,1,Monitoring api_gateway to track attacker movement without disrupting uptime,False
hard,trained,full_crisis_episode,19,17,0.9358,0.9,0.3,0.6,0,"Increased monitoring on internal_tools — threat level elevated, gathering evidence before committing to isolation",False
hard,trained,full_crisis_episode,19,18,0.9342,1.0,0.3,0.7,1,"Increased monitoring on internal_tools — threat level elevated, gathering evidence before committing to isolation",False
hard,trained,full_crisis_episode,19,19,0.9325,1.0,0.3,0.5,2,"Increased monitoring on auth_server — threat level elevated, gathering evidence before committing to isolation",False
hard,trained,full_crisis_episode,19,20,0.9308,0.8,0.3,0.3,2,"Increased monitoring on auth_server — threat level elevated, gathering evidence before committing to isolation",False
hard,trained,full_crisis_episode,20,1,0.9625,0.8,0.7,0.8,0,Monitoring api_gateway to track attacker movement without disrupting uptime,False
hard,trained,full_crisis_episode,20,2,0.9608,0.8,0.8,0.9,1,Patching api_gateway to reduce attacker foothold and recover system integrity,False
hard,trained,full_crisis_episode,20,3,0.9592,0.8,0.6,1.0,0,Patching api_gateway to reduce attacker foothold and recover system integrity,False
hard,trained,full_crisis_episode,20,4,0.9575,0.9,0.6,1.0,1,Monitoring api_gateway to track attacker movement without disrupting uptime,False
hard,trained,full_crisis_episode,20,5,0.9558,0.7,0.6,1.0,2,Monitoring api_gateway to track attacker movement without disrupting uptime,False
hard,trained,full_crisis_episode,20,6,0.9542,0.5,0.6,1.0,2,"Increased monitoring on internal_tools — threat level elevated, gathering evidence before committing to isolation",False
hard,trained,full_crisis_episode,20,7,0.9525,0.6,0.6,0.8,1,"Increased monitoring on internal_tools — threat level elevated, gathering evidence before committing to isolation",False
hard,trained,full_crisis_episode,20,8,0.9383,0.6,0.4,0.9,0,Chose to isolate auth_server despite conflicting stakeholder signals (Engineering may be compromised),False
hard,trained,full_crisis_episode,20,9,0.5602,0.7,0.4,0.9,2,Sending situational update to maintain stakeholder alignment,True
